ps_unique_id|customer_nbr|group_nbr|idn_indicator|subgroup_nbr|account_nbr|file_id|clm_ln_type_cd|non_prfrrd_srv_cd|plsp_prod_cd|product_ln_cd|classification_cd|bnft_pkg_id|plan_id|benefit_tier_cd|fund_ctg_cd|src_subscriber_id|emp_last_nm|emp_first_nm|emp_gender|subscriber_brth_dt|subs_zip_cd|subs_st_postal_cd|coverage_type_cd|ssn_nbr|member_id|src_clm_mbr_id|mem_last_nm|mem_first_nm|mem_gender|mbr_rtp_type_cd|birth_dt|src_clm_id|acas_src_claim_line_id|acas_prev_clm_seg_id|derived_tcn_nbr|src_claim_line_id|claim_line_id|ntwk_srv_area_id|paid_prvdr_nsa_id|srv_capacity_cd|pcp_tax_id_format_cd|pcp_tax_id_nbr|pcp_print_nm|svc_pvdr_tax_id_format_cd|svc_pvdr_tax_id_nbr|srv_prvdr_id|srv_prvdr_print_nm|srv_prvdr_address_line_1_txt|srv_prvdr_address_line_2_txt|srv_prvdr_city_nm|srv_prvdr_state_postal_cd|srv_prvdr_zip_cd|srv_prvdr_provider_type_cd|srv_prvdr_specialty_cd|payee_cd|paid_prvdr_par_cd|received_dt|adjn_dt|srv_start_dt|srv_stop_dt|paid_dt_for_file_id_03_else_adjn_dt_for_other_file_id|filler1|filler2|filler3|mdc_cd|drg_cd|prcdr_cd|prcdr_modifier_cd_1|prcdr_type_cd|icd10_indicator|med_cost_subctg_cd|prcdr_group_nbr|type_srv_cd|srv_benefit_cd|tooth_1_nbr|plc_srv_cd|dschrg_status_cd|revenue_cd|hcfa_bill_type_cd|unit_cnt|src_unit_cnt|src_billed_amt|billed_amt|not_covered_amt_1|not_covered_amt_2|not_covered_amt_3|clm_ln_msg_cd_1|clm_ln_msg_cd_2|clm_ln_msg_cd_3|covered_amt|allowed_amt|filler_space|srv_copay_amt|src_srv_copay_amt|deductible_amt|coinsurance_amt|src_coins_amt|bnft_payable_amt|paid_amt|cob_paid_amt|ahf_bfd_amt|ahf_paid_amt|negot_savings_amt|r_c_savings_amt|cob_savings_amt|src_cob_svngs_amt|pri_payer_cvg_cd|cob_type_cd|cob_cd|prcdr_cd_ndc|acas_member_cumb_id|clm_ln_status_cd|src_member_id|reversal_cd|admit_cnt|admin_savings_amt|adj_prvdr_dsgnn_cd|aex_plan_dsgntn_cd|aex_benefit_tier_cd|aex_prvdr_spctg_cd|prod_distnctn_cd|billed_eligible_amt|spclty_ctg_cls_cd|poa_cd_1|poa_cd_2|poa_cd_3|filler4|filler5|filler6|pricing_mthd_cd|type_class_cd|specialty_ctg_cd|srv_prvdr_npi|ttl_ded_met_ind|ttl_interest_amt|ttl_surcharge_amt|srv_spclty_ctg_cd|hcfa_plc_srv_cd|hcfa_admit_src_cd|hcfa_admit_type_cd|src_admit_dt|src_discharge_dt|prcdr_modifier_cd_2|prcdr_modifier_cd_3|poa_cd_4|poa_cd_5|poa_cd_6|poa_cd_7|poa_cd_8|poa_cd_9|poa_cd_10|pri_icd9_dx_cd|icd9_dx_cd_2|icd9_dx_cd_3|icd9_dx_cd_4|icd9_dx_cd_5|icd9_dx_cd_6|icd9_dx_cd_7|icd9_dx_cd_8|icd9_dx_cd_9|icd9_dx_cd_10|icd9_prcdr_cd_1|icd9_prcdr_cd_2|icd9_prcdr_cd_3|icd9_prcdr_cd_4|icd9_prcdr_cd_5|icd9_prcdr_cd_6|ahf_det_order_cd|ahf_mbr_coins_amt|ahf_mbr_copay_amt|ahf_mbr_ded_amt|sensitivity_indicator|ub92_admission_type|filler7|org_cd
002026060100000001|1234567|0987654|N|001|AC123456|01|I|N||PPO|01|PKG0042|PPO001|3|F|W000000063|Taylor|Matthew|M|19670226|60346|IL|EC|154554458|W000000063|W000000063|Taylor|Matthew|M|EE|19670226|202606010000001|ACAS2026060100000001||TCN2026060100000001|SRC2026060100000001|002026060100000001|NY0001|NY0001||2|100000243|DR Jackson MD|2|100000243|PV000243|DR Jackson MD|1757 MEDICAL PLAZA||MI MEDICAL CTR|MI|15955|4|03|P|P|20260429|20260525|20260403|20260405|20260526||||05|195|99205||I|Y|08||4|||32|02|0300|111|1|2|275.49|275.49|104.89|0.00|0.00|PR1|CO45||170.60|170.60||75.00|75.00|25.19|12.96|12.96|57.45|57.45|0.00|0.00|0.00|104.89|0.00|0.00|0.00||N|||W000000063|P|W000000063|0|1|0.00|||3|03||275.49|||Y|||||1||03|2000000243|N|0.00|0.00|03|32|4|9|20260403|20260405|25|AT||||||||J06.9|J18.9||Z79.899|||||||99205|||||||12.96|75.00|25.19|N|9||AETNA
002026060100000002|1234567|0987654|N|001|AC123456|03|P|N||PPO|02|PKG0042|PPO001|2|F|W000000393|Lopez|Olivia|F|19850826|53617|NJ|EF||W000000542|W000000542|Lopez|Aiden|M|CH|20200203|202606010000002|ACAS2026060100000002||TCN2026060100000002|SRC2026060100000002|002026060100000002|NY0001|NY0001||2|100000222|DR Robinson MD|2|100000222|PV000222|DR Robinson MD|4665 MEDICAL PLAZA||WA MEDICAL CTR|WA|58232|1|12|P|P|20260518|20260527|20260328|20260328|20260529||||||99395|95|P|Y|04||4|||12||||2|2|1002.49|1002.49|307.25|0.00|0.00|PR1|CO45||695.24|695.24||40.00|40.00|17.42|98.27|98.27|539.55|539.55|0.00|0.00|0.00|307.25|0.00|0.00|0.00||N|||W000000542|P|W000000542|0|0|0.00|||2|12||1002.49|||N|||||1||12|2000000222|N|0.00|0.00|12|12|||||||N|||||||Z87.891|Z00.00|N39.0|Z00.00|||||||99395|||||||98.27|40.00|17.42|N|||AETNA
002026060100000003|1234567|0987654|N|001|AC123456|01|I|N||PPO|01|PKG0042|PPO001|2|F|W000000347|White|Benjamin|M|19650104|32276|CA|ES||W000000459|W000000459|White|Ella|F|CH|20170206|202606010000003|ACAS2026060100000003||TCN2026060100000003|SRC2026060100000003|002026060100000003|NY0001|NY0001||2|100000168|DR Davis MD|2|100000168|PV000168|DR Davis MD|2062 MEDICAL PLAZA||GA MEDICAL CTR|GA|55192|4|03|P|P|20260502|20260522|20260505|20260508|20260524||||11|872|99214||I|Y|04||F|||99|01|0110|132|1|2|396.87|396.87|113.79|0.00|0.00|PR1|CO45||283.08|283.08||50.00|50.00|71.09|17.28|17.28|144.71|144.71|0.00|0.00|0.00|113.79|0.00|0.00|0.00||N|||W000000459|P|W000000459|0|1|0.00|||2|03||396.87||Y||||||1||03|2000000168|N|0.00|0.00|03|99|5||20260505|20260508|95|GT||||||||M54.5|E11.9|I25.10|J18.9|||||||99214|||||||17.28|50.00|71.09|N|||AETNA
002026060100000004|1234567|0987654|N|001|AC123456|01|I|N||PPO|03|PKG0042|PPO001|2|F|W000000308|Lewis|Logan|M|19630124|41838|AZ|EC|849933194|W000000308|W000000308|Lewis|Logan|M|EE|19630124|202606010000004|ACAS2026060100000004||TCN2026060100000004|SRC2026060100000004|002026060100000004|NY0001|NY0001||2|100000266|DR Martinez MD|2|100000266|PV000266|DR Martinez MD|3389 MEDICAL PLAZA||IL MEDICAL CTR|IL|13677|4|11|P|P|20260502|20260519|20260427|20260429|20260520||||11|379|80053||I|Y|08||4|||23|02|0370|112|3|2|163.74|163.74|68.76|0.00|0.00|PR1|CO45||94.98|94.98||40.00|40.00|4.85|5.85|5.85|44.28|44.28|0.00|0.00|0.00|68.76|0.00|0.00|0.00||N|||W000000308|P|W000000308|0|1|0.00|||2|11||163.74|||N|||||1||11|2000000266|N|0.00|0.00|11|23|5||20260427|20260429|26|26||||||||R51|R51|||||||||80053|||||||5.85|40.00|4.85|N|||AETNA
002026060100000005|1234567|0987654|N|001|AC123456|03|P|N||PPO|01|PKG0042|PPO001|2|F|W000000304|Walker|Logan|M|19931112|85991|MI|EF|724856655|W000000304|W000000304|Walker|Logan|M|EE|19931112|202606010000005|ACAS2026060100000005||TCN2026060100000005|SRC2026060100000005|002026060100000005|NY0001|NY0001||2|100000039|DR Miller MD|2|100000039|PV000039|DR Miller MD|8744 MEDICAL PLAZA||GA MEDICAL CTR|GA|45514|1|09|P|P|20260507|20260527|20260308|20260308|20260531||||||71046|25|P|Y|01||N|||23||||2|1|520.95|520.95|339.30|0.00|0.00|PR1|CO45||181.65|181.65||20.00|20.00|22.38|16.84|16.84|122.43|122.43|0.00|0.00|0.00|339.30|0.00|0.00|0.00||N|||W000000304|P|W000000304|0|0|0.00|||2|09||520.95||N||||||1||09|2000000039|N|0.00|0.00|09|23|||||50|25||||||||Z12.31|Z00.00|||||||||71046|||||||16.84|20.00|22.38|N|||AETNA
002026060100000006|1234567|0987654|N|001|AC123456|03|P|N||PPO|03|PKG0042|PPO001|3|F|W000000138|Thompson|Lucas|M|19860210|21496|GA|EF||W000000602|W000000602|Thompson|Evelyn|F|CH|20200617|202606010000006|ACAS2026060100000006||TCN2026060100000006|SRC2026060100000006|002026060100000006|NY0001|NY0001||2|100000277|DR Lee MD|2|100000277|PV000277|DR Lee MD|5130 MEDICAL PLAZA||VA MEDICAL CTR|VA|59312|1|07|P|P|20260510|20260517|20260316|20260316|20260521||||||99291|51|P|Y|04||B|||21||||1|3|2050.88|2050.88|1450.69|0.00|0.00|PR1|CO45||600.19|600.19||40.00|40.00|151.30|63.27|63.27|345.62|345.62|0.00|0.00|0.00|1450.69|0.00|0.00|0.00||N|||W000000602|P|W000000602|0|0|0.00|||3|07||2050.88||Y||||||1||07|2000000277|N|0.00|0.00|07|21|||||59|||||||||R05||J18.9||||||||99291|||||||63.27|40.00|151.30|N|||AETNA
002026060100000007|1234567|0987654|N|001|AC123456|03|P|Y||PPO|01|PKG0042|PPO001|N|F|W000000061|Johnson|Aiden|M|19881221|15399|GA|ES|288289895|W000000061|W000000061|Johnson|Aiden|M|EE|19881221|202606010000007|ACAS2026060100000007||TCN2026060100000007|SRC2026060100000007|002026060100000007|NY0001|NY0001||2|100000256|DR Young MD|2|100000256|PV000256|DR Young MD|4977 MEDICAL PLAZA||AZ MEDICAL CTR|AZ|69790|1|01|P|N|20260503|20260519|20260422|20260422|20260523||||||80053|95|P|Y|07||A|||12||||3|1|984.00|984.00|623.84|0.00|0.00|PR1|CO45||360.16|360.16||75.00|75.00|49.46|45.04|45.04|190.66|190.66|0.00|0.00|0.00|623.84|0.00|0.00|0.00||N|||W000000061|P|W000000061|0|0|0.00|||N|01||984.00||Y|N|||||1||01|2000000256|N|0.00|0.00|01|12|||||26|||||||||K57.30|M17.11|||||||||80053|||||||45.04|75.00|49.46|N|||AETNA
002026060100000008|1234567|0987654|N|001|AC123456|03|P|N||PPO|01|PKG0042|PPO001|3|F|W000000180|Jones|Victoria|F|19711224|62163|NJ|EC||W000000489|W000000489|Jones|Zoey|F|CH|20070806|202606010000008|ACAS2026060100000008||TCN2026060100000008|SRC2026060100000008|002026060100000008|NY0001|NY0001||2|100000152|DR White MD|2|100000152|PV000152|DR White MD|1195 MEDICAL PLAZA||NC MEDICAL CTR|NC|61034|1|02|P|P|20260508|20260528|20260507|20260507|20260529||||||90847|GT|P|Y|03||1|||13||||3|3|3696.49|3696.49|994.43|0.00|0.00|PR1|CO45||2702.06|2702.06||0.00|0.00|754.81|284.57|284.57|1662.68|1662.68|0.00|0.00|0.00|994.43|0.00|0.00|0.00||N|||W000000489|P|W000000489|0|0|0.00|||3|02||3696.49||||||||1||02|2000000152|N|0.00|0.00|02|13|||||TC|AT||||||||J30.9||||||||||90847|||||||284.57|0.00|754.81|N|||AETNA
002026060100000009|1234567|0987654|N|001|AC123456|03|P|N||PPO|03|PKG0042|PPO001|2|F|W000000142|Jones|Daniel|M|19600420|47183|FL|EF|837984015|W000000142|W000000142|Jones|Daniel|M|EE|19600420|202606010000009|ACAS2026060100000009||TCN2026060100000009|SRC2026060100000009|002026060100000009|NY0001|NY0001||2|100000221|DR Lewis MD|2|100000221|PV000221|DR Lewis MD|540 MEDICAL PLAZA||FL MEDICAL CTR|FL|53392|1|11|P|P|20260501|20260514|20260502|20260502|20260516||||||99205||P|Y|08||2|||31||||2|3|773.28|773.28|207.88|0.00|0.00|PR1|CO45||565.40|565.40||20.00|20.00|35.50|56.00|56.00|453.90|453.90|0.00|0.00|0.00|207.88|0.00|0.00|0.00||N|||W000000142|P|W000000142|0|0|0.00|||2|11||773.28|||Y|||||1||11|2000000221|N|0.00|0.00|11|31||||||95||||||||N39.0|N39.0|||||||||99205|||||||56.00|20.00|35.50|N|||AETNA
002026060100000010|1234567|0987654|N|001|AC123456|03|P|N||PPO|03|PKG0042|PPO001|1|F|W000000066|Wilson|Nora|F|19730616|33185|PA|EE|271617878|W000000066|W000000066|Wilson|Nora|F|EE|19730616|202606010000010|ACAS2026060100000010||TCN2026060100000010|SRC2026060100000010|002026060100000010|NY0001|NY0001||2|100000157|DR Lewis MD|2|100000157|PV000157|DR Lewis MD|8349 MEDICAL PLAZA||VA MEDICAL CTR|VA|10596|1|07|P|P|20260505|20260531|20260412|20260412|20260601||||||36415||P|Y|03||B|||24||||3|3|5327.47|5327.47|2978.27|0.00|0.00|PR1|CO45||2349.20|2349.20||30.00|30.00|504.07|253.61|253.61|1561.52|1561.52|0.00|0.00|0.00|2978.27|0.00|0.00|0.00||N|||W000000066|P|W000000066|0|0|0.00|||1|07||5327.47||||||||1||07|2000000157|N|0.00|0.00|07|24|||||59|||||||||F32.9||||||||||36415|||||||253.61|30.00|504.07|N|||AETNA
002026060100000011|1234567|0987654|N|001|AC123456|03|P|N||PPO|03|PKG0042|PPO001|3|F|W000000369|Perez|Emma|F|19690818|93568|VA|EF|874466810|W000000369|W000000369|Perez|Emma|F|EE|19690818|202606010000011|ACAS2026060100000011||TCN2026060100000011|SRC2026060100000011|002026060100000011|NY0001|NY0001||2|100000081|DR Taylor MD|2|100000081|PV000081|DR Taylor MD|2999 MEDICAL PLAZA||VA MEDICAL CTR|VA|46559|1|06|P|P|20260501|20260519|20260409|20260409|20260523||||||99396||P|Y|02||M|||12||||1|2|773.47|773.47|773.47|0.00|0.00||CO45||0.00|0.00||30.00|30.00|0.00|0.00|0.00|0.00|0.00|0.00|0.00|0.00|0.00|0.00|0.00|0.00||N|||W000000369|D|W000000369|0|0|0.00|||3|06||773.47|||Y|||||1||06|2000000081|N|0.00|0.00|06|12|||||50|50||||||||E66.9|J45.909|||||||||99396|||||||0.00|30.00|0.00|N|||AETNA
002026060100000012|1234567|0987654|N|001|AC123456|03|P|N||PPO|02|PKG0042|PPO001|3|F|W000000117|Davis|Grace|F|19920528|62080|CO|EF||W000000683|W000000683|Davis|Ava|F|CH|20000414|202606010000012|ACAS2026060100000012||TCN2026060100000012|SRC2026060100000012|002026060100000012|NY0001|NY0001||2|100000240|DR Thomas MD|2|100000240|PV000240|DR Thomas MD|1582 MEDICAL PLAZA||MI MEDICAL CTR|MI|40973|1|50|P|P|20260509|20260523|20260512|20260512|20260526||||||99204|51|P|Y|07||F|||23||||2|3|677.97|677.97|335.59|0.00|0.00|PR1|CO45||342.38|342.38||40.00|40.00|56.45|61.20|61.20|184.73|184.73|0.00|0.00|0.00|335.59|0.00|0.00|0.00||N|||W000000683|P|W000000683|0|0|0.00|||3|50||677.97||Y|Y|||||1||50|2000000240|N|0.00|0.00|50|23|||||25|||||||||Z23|I25.10|Z00.00||||||||99204|||||||61.20|40.00|56.45|N|||AETNA
002026060100000013|1234567|0987654|N|001|AC123456|03|P|N||PPO|03|PKG0042|PPO001|3|F|W000000024|Jackson|Sebastian|M|19901220|62551|NY|EE||W000000516|W000000516|Jackson|William|M|CH|20011115|202606010000013|ACAS2026060100000013||TCN2026060100000013|SRC2026060100000013|002026060100000013|NY0001|NY0001||2|100000074|DR Martinez MD|2|100000074|PV000074|DR Martinez MD|8397 MEDICAL PLAZA||NY MEDICAL CTR|NY|75821|1|40|P|P|20260514|20260519|20260522|20260522|20260521||||||90847||P|Y|01||F|||24||||2|2|224.20|224.20|135.45|0.00|0.00|PR1|CO45||88.75|88.75||30.00|30.00|18.43|6.41|6.41|33.91|33.91|0.00|0.00|0.00|135.45|0.00|0.00|0.00||N|||W000000516|P|W000000516|0|0|0.00|||3|40||224.20||||Y||||1||40|2000000074|N|0.00|0.00|40|24||||||26|Y|||||||F41.9|Z23|R05|K57.30|||||||90847|||||||6.41|30.00|18.43|N|||AETNA
002026060100000014|1234567|0987654|N|001|AC123456|03|P|N||PPO|01|PKG0042|PPO001|1|F|W000000116|Williams|Evelyn|F|19660412|69479|WA|EF||W000000533|W000000533|Williams|Chloe|F|CH|20160613|202606010000014|ACAS2026060100000014||TCN2026060100000014|SRC2026060100000014|002026060100000014|NY0001|NY0001||2|100000095|DR Walker MD|2|100000095|PV000095|DR Walker MD|7095 MEDICAL PLAZA||PA MEDICAL CTR|PA|57285|1|05|P|P|20260508|20260517|20260415|20260415|20260519||||||99395||P|Y|03||1|||12||||2|2|1709.54|1709.54|444.77|0.00|0.00|PR1|CO45||1264.77|1264.77||40.00|40.00|149.20|121.95|121.95|953.62|953.62|0.00|0.00|0.00|444.77|0.00|0.00|0.00||N|||W000000533|P|W000000533|0|0|0.00|||1|05||1709.54||N|Y|||||1||05|2000000095|N|0.00|0.00|05|12|||||GT|||||||||G43.909|I10|||||||||99395|||||||121.95|40.00|149.20|N|||AETNA
002026060100000015|1234567|0987654|N|001|AC123456|03|P|N||PPO|03|PKG0042|PPO001|3|F|W000000013|Lopez|Isabella|F|19690106|99591|IL|EC||W000000503|W000000503|Lopez|Lucas|M|SP|19721227|202606010000015|ACAS2026060100000015||TCN2026060100000015|SRC2026060100000015|002026060100000015|NY0001|NY0001||2|100000156|DR Ramirez MD|2|100000156|PV000156|DR Ramirez MD|160 MEDICAL PLAZA||CA MEDICAL CTR|CA|78119|1|06|P|P|20260502|20260518|20260321|20260321|20260521||||||82947||P|Y|06||2|||23||||3|1|434.06|434.06|277.53|0.00|0.00|PR1|CO45||156.53|156.53||0.00|0.00|35.28|22.69|22.69|98.56|98.56|0.00|0.00|0.00|277.53|0.00|0.00|0.00||N|||W000000503|P|W000000503|0|0|0.00|||3|06||434.06||||Y||||1||06|2000000156|N|0.00|0.00|06|23||||||||||||||J30.9||J06.9|F32.9|||||||82947|||||||22.69|0.00|35.28|N|||AETNA
002026060100000016|1234567|0987654|N|001|AC123456|01|I|N||PPO|03|PKG0042|PPO001|2|F|W000000352|Williams|Harper|F|19710926|36114|CA|EE||W000000551|W000000551|Williams|Benjamin|M|CH|20120324|202606010000016|ACAS2026060100000016||TCN2026060100000016|SRC2026060100000016|002026060100000016|NY0001|NY0001||2|100000252|DR Ramirez MD|2|100000252|PV000252|DR Ramirez MD|7012 MEDICAL PLAZA||IL MEDICAL CTR|IL|41703|4|12|P|P|20260504|20260519|20260515|20260515|20260520||||02|195|99205|26|I|Y|04||4|||13|20|0450|132|1|1|383.76|383.76|216.99|0.00|0.00|PR1|CO45||166.77|166.77||20.00|20.00|45.47|24.10|24.10|77.20|77.20|0.00|0.00|0.00|216.99|0.00|0.00|0.00||N|||W000000551|P|W000000551|0|1|0.00|||2|12||383.76||N|N|||||1||12|2000000252|N|0.00|0.00|12|13|2||20260515|20260515|GT|TC||||||||M17.11|G43.909|||||||||99205|||||||24.10|20.00|45.47|N|||AETNA
002026060100000017|1234567|0987654|N|001|AC123456|03|P|Y||PPO|03|PKG0042|PPO001|N|F|W000000360|Miller|Evelyn|F|19801028|33497|PA|EF|727659792|W000000360|W000000360|Miller|Evelyn|F|EE|19801028|202606010000017|ACAS2026060100000017||TCN2026060100000017|SRC2026060100000017|002026060100000017|NY0001|NY0001||2|100000116|DR Martin MD|2|100000116|PV000116|DR Martin MD|4870 MEDICAL PLAZA||NC MEDICAL CTR|NC|61859|1|11|P|N|20260420|20260516|20260423|20260423|20260519||||||99396|50|P|Y|07||4|||21||||2|1|1976.43|1976.43|1058.01|0.00|0.00|PR1|CO45||918.42|918.42||50.00|50.00|193.71|147.09|147.09|527.62|527.62|0.00|0.00|0.00|1058.01|0.00|0.00|0.00||N|||W000000360|P|W000000360|0|0|0.00|||N|11||1976.43|||Y|||||1||11|2000000116|N|0.00|0.00|11|21||||||AT||||||||K21.0|K57.30|||||||||99396|||||||147.09|50.00|193.71|N|||AETNA
002026060100000018|1234567|0987654|N|001|AC123456|03|P|N||PPO|01|PKG0042|PPO001|2|F|W000000090|Martinez|Grace|F|19720122|83871|MI|EC|228764119|W000000090|W000000090|Martinez|Grace|F|EE|19720122|202606010000018|ACAS2026060100000018||TCN2026060100000018|SRC2026060100000018|002026060100000018|NY0001|NY0001||2|100000149|DR Lee MD|2|100000149|PV000149|DR Lee MD|1577 MEDICAL PLAZA||TX MEDICAL CTR|TX|29699|1|40|P|P|20260424|20260518|20260514|20260514|20260522||||||99396|51|P|Y|05||B|||24||||3|3|1780.21|1780.21|1780.21|0.00|0.00||CO45||0.00|0.00||30.00|30.00|0.00|0.00|0.00|0.00|0.00|0.00|0.00|0.00|0.00|0.00|0.00|0.00||N|||W000000090|D|W000000090|0|0|0.00|||2|40||1780.21||N||||||1||40|2000000149|N|0.00|0.00|40|24||||||59||||||||E78.5|K57.30|||||||||99396|||||||0.00|30.00|0.00|N|||AETNA
002026060100000019|1234567|0987654|N|001|AC123456|01|I|N||PPO|03|PKG0042|PPO001|3|F|W000000001|Harris|Sebastian|M|19600806|85442|CO|ES||W000000588|W000000588|Harris|Jacob|M|CH|20100204|202606010000019|ACAS2026060100000019||TCN2026060100000019|SRC2026060100000019|002026060100000019|NY0001|NY0001||2|100000013|DR Gonzalez MD|2|100000013|PV000013|DR Gonzalez MD|328 MEDICAL PLAZA||OH MEDICAL CTR|OH|53414|4|38|P|P|20260508|20260516|20260507|20260507|20260517||||07|379|99232|AT|I|Y|03||2|||24|01|0636|212|2|2|1741.05|1741.05|972.53|0.00|0.00|PR1|CO45||768.52|768.52||50.00|50.00|135.72|139.43|139.43|443.37|443.37|0.00|0.00|0.00|972.53|0.00|0.00|0.00||N|||W000000588|P|W000000588|0|1|0.00|||3|38||1741.05||||||||1||38|2000000013|N|0.00|0.00|38|24||1|20260507|20260507|50|59||||||||E11.9|M17.11|||||||||99232|||||||139.43|50.00|135.72|N|1||AETNA
002026060100000020|1234567|0987654|N|001|AC123456|03|P|N||PPO|03|PKG0042|PPO001|1|F|W000000316|Anderson|Noah|M|19660325|67046|VA|ES|583363383|W000000316|W000000316|Anderson|Noah|M|EE|19660325|202606010000020|ACAS2026060100000020||TCN2026060100000020|SRC2026060100000020|002026060100000020|NY0001|NY0001||2|100000035|DR Williams MD|2|100000035|PV000035|DR Williams MD|3007 MEDICAL PLAZA||PA MEDICAL CTR|PA|31380|1|05|P|P|20260505|20260524|20260405|20260405|20260528||||||85025|AT|P|Y|02||A|||23||||3|2|488.89|488.89|157.24|0.00|0.00|PR1|CO45||331.65|331.65||40.00|40.00|57.42|45.79|45.79|188.44|188.44|0.00|0.00|0.00|157.24|0.00|0.00|0.00||N|||W000000316|P|W000000316|0|0|0.00|||1|05||488.89|||Y|||||1||05|2000000035|N|0.00|0.00|05|23||||||||Y||||||Z87.891|E11.9|||I10||||||85025|||||||45.79|40.00|57.42|N|||AETNA
002026060100000021|1234567|0987654|N|001|AC123456|03|P|N||PPO|01|PKG0042|PPO001|1|F|W000000351|Jones|Sofia|F|19680308|52206|NC|EE|534814198|W000000351|W000000351|Jones|Sofia|F|EE|19680308|202606010000021|ACAS2026060100000021||TCN2026060100000021|SRC2026060100000021|002026060100000021|NY0001|NY0001||2|100000017|DR Taylor MD|2|100000017|PV000017|DR Taylor MD|6364 MEDICAL PLAZA||NY MEDICAL CTR|NY|77895|1|02|P|P|20260512|20260528|20260503|20260503|20260529||||||99214||P|Y|06||S|||13||||3|1|636.94|636.94|433.00|0.00|0.00|PR1|CO45||203.94|203.94||20.00|20.00|18.64|41.20|41.20|124.10|124.10|0.00|0.00|0.00|433.00|0.00|0.00|0.00||N|||W000000351|P|W000000351|0|0|0.00|||1|02||636.94||N||N||||1||02|2000000017|N|0.00|0.00|02|13||||||50||||||||R51||R51||||||||99214|||||||41.20|20.00|18.64|N|||AETNA
002026060100000022|1234567|0987654|N|001|AC123456|03|P|Y||PPO|01|PKG0042|PPO001|N|F|W000000260|Thompson|Elijah|M|19910519|14415|MI|EF|471506173|W000000260|W000000260|Thompson|Elijah|M|EE|19910519|202606010000022|ACAS2026060100000022||TCN2026060100000022|SRC2026060100000022|002026060100000022|NY0001|NY0001||2|100000022|DR Perez MD|2|100000022|PV000022|DR Perez MD|2036 MEDICAL PLAZA||WA MEDICAL CTR|WA|38231|1|07|P|N|20260520|20260527|20260505|20260505|20260529||||||93000|25|P|Y|08||N|||24||||2|2|632.15|632.15|289.52|0.00|0.00|PR1|CO45||342.63|342.63||30.00|30.00|72.94|25.17|25.17|214.52|214.52|0.00|0.00|0.00|289.52|0.00|0.00|0.00||N|||W000000260|P|W000000260|0|0|0.00|||N|07||632.15||N||Y||||1||07|2000000022|N|0.00|0.00|07|24||||||95||||||||F41.9|M54.5|Z87.891|G47.33|||||||93000|||||||25.17|30.00|72.94|N|||AETNA
002026060100000023|1234567|0987654|N|001|AC123456|03|P|N||PPO|01|PKG0042|PPO001|2|F|W000000128|Clark|Jackson|M|19661108|74434|MA|EF|796512806|W000000128|W000000128|Clark|Jackson|M|EE|19661108|202606010000023|ACAS2026060100000023||TCN2026060100000023|SRC2026060100000023|002026060100000023|NY0001|NY0001||2|100000261|DR Jones MD|2|100000261|PV000261|DR Jones MD|7198 MEDICAL PLAZA||VA MEDICAL CTR|VA|18128|1|06|P|P|20260429|20260520|20260304|20260304|20260523||||||99204|AT|P|Y|07||A|||12||||1|3|1293.54|1293.54|1293.54|0.00|0.00||CO45||0.00|0.00||75.00|75.00|0.00|0.00|0.00|0.00|0.00|0.00|0.00|0.00|0.00|0.00|0.00|0.00||N|||W000000128|D|W000000128|0|0|0.00|||2|06||1293.54|||N|Y||||1||06|2000000261|N|0.00|0.00|06|12|||||25||N|||||||N39.0|F41.9|M79.3|Z23|||||||99204|||||||0.00|75.00|0.00|N|||AETNA
002026060100000024|1234567|0987654|N|001|AC123456|03|P|N||PPO|02|PKG0042|PPO001|3|F|W000000326|Davis|Emma|F|19920228|16103|OH|ES||W000000649|W000000649|Davis|Matthew|M|SP|19940816|202606010000024|ACAS2026060100000024||TCN2026060100000024|SRC2026060100000024|002026060100000024|NY0001|NY0001||2|100000253|DR Lewis MD|2|100000253|PV000253|DR Lewis MD|4807 MEDICAL PLAZA||CA MEDICAL CTR|CA|97209|1|38|P|P|20260503|20260521|20260513|20260513|20260525||||||85025||P|Y|07||M|||22||||2|2|2491.23|2491.23|1656.00|0.00|0.00|PR1|CO45||835.23|835.23||75.00|75.00|161.95|136.74|136.74|461.54|461.54|0.00|0.00|0.00|1656.00|0.00|0.00|0.00||N|||W000000649|P|W000000649|0|0|0.00|||3|38||2491.23||||N||||1||38|2000000253|N|0.00|0.00|38|22||||||59||||||||M17.11||J45.909||||||||85025|||||||136.74|75.00|161.95|N|||AETNA
002026060100000025|1234567|0987654|N|001|AC123456|03|P|N||PPO|02|PKG0042|PPO001|2|F|W000000256|Perez|Logan|M|19721020|33333|CO|EC||W000000548|W000000548|Perez|Michael|M|CH|20021117|202606010000025|ACAS2026060100000025||TCN2026060100000025|SRC2026060100000025|002026060100000025|NY0001|NY0001||2|100000247|DR Thompson MD|2|100000247|PV000247|DR Thompson MD|2610 MEDICAL PLAZA||NJ MEDICAL CTR|NJ|21057|1|07|P|P|20260523|20260530|20260511|20260511|20260603||||||80053||P|Y|05||S|||23||||2|2|909.53|909.53|676.54|0.00|0.00|PR1|CO45||232.99|232.99||0.00|0.00|16.29|51.47|51.47|165.23|165.23|0.00|0.00|0.00|676.54|0.00|0.00|0.00||N|||W000000548|P|W000000548|0|0|0.00|||2|07||909.53||N||||||1||07|2000000247|N|0.00|0.00|07|23|||||AT|26||||||||Z79.899||||||||||80053|||||||51.47|0.00|16.29|N|||AETNA
002026060100000026|1234567|0987654|N|001|AC123456|03|P|Y||PPO|03|PKG0042|PPO001|N|F|W000000037|Ramirez|Aria|F|19770207|16500|IL|EC||W000000451|W000000451|Ramirez|Riley|F|SP|19880223|202606010000026|ACAS2026060100000026||TCN2026060100000026|SRC2026060100000026|002026060100000026|NY0001|NY0001||2|100000017|DR Taylor MD|2|100000017|PV000017|DR Taylor MD|2822 MEDICAL PLAZA||CA MEDICAL CTR|CA|75342|1|02|P|N|20260512|20260528|20260309|20260309|20260601||||||80053|51|P|Y|07||2|||24||||3|1|3564.07|3564.07|2185.95|0.00|0.00|PR1|CO45||1378.12|1378.12||50.00|50.00|224.95|189.44|189.44|913.73|913.73|0.00|0.00|0.00|2185.95|0.00|0.00|0.00||N|||W000000451|P|W000000451|0|0|0.00|||N|02||3564.07|||Y|||||1||02|2000000017|N|0.00|0.00|02|24|||||50|AT||||||||R05|N39.0|J45.909||||||||80053|||||||189.44|50.00|224.95|N|||AETNA
002026060100000027|1234567|0987654|N|001|AC123456|03|P|N||PPO|02|PKG0042|PPO001|1|F|W000000282|Walker|Liam|M|19650511|69792|FL|EC|284172283|W000000282|W000000282|Walker|Liam|M|EE|19650511|202606010000027|ACAS2026060100000027||TCN2026060100000027|SRC2026060100000027|002026060100000027|NY0001|NY0001||2|100000024|DR White MD|2|100000024|PV000024|DR White MD|1954 MEDICAL PLAZA||NY MEDICAL CTR|NY|19146|1|09|P|P|20260420|20260513|20260411|20260411|20260517||||||82947|26|P|Y|02||1|||31||||1|1|1425.98|1425.98|1025.40|0.00|0.00|PR1|CO45||400.58|400.58||30.00|30.00|90.84|61.03|61.03|218.71|218.71|0.00|0.00|0.00|1025.40|0.00|0.00|0.00||N|||W000000282|P|W000000282|0|0|0.00|||1|09||1425.98|||N|N||||1||09|2000000024|N|0.00|0.00|09|31|||||51|AT||||||||K21.0|G47.33|F41.9|K21.0|||||||82947|||||||61.03|30.00|90.84|N|||AETNA
002026060100000028|1234567|0987654|N|001|AC123456|03|P|N||PPO|01|PKG0042|PPO001|3|F|W000000325|Perez|David|M|19940608|78788|NJ|EC||W000000576|W000000576|Perez|Henry|M|CH|20070521|202606010000028|ACAS2026060100000028||TCN2026060100000028|SRC2026060100000028|002026060100000028|NY0001|NY0001||2|100000085|DR Lee MD|2|100000085|PV000085|DR Lee MD|3451 MEDICAL PLAZA||NY MEDICAL CTR|NY|62609|1|10|P|P|20260505|20260518|20260524|20260524|20260519||||||90847||P|Y|01||A|||22||||3|1|544.80|544.80|305.97|0.00|0.00|PR1|CO45||238.83|238.83||0.00|0.00|67.30|22.17|22.17|149.36|149.36|0.00|0.00|0.00|305.97|0.00|0.00|0.00||N|||W000000576|P|W000000576|0|0|0.00|||3|10||544.80||N|N|||||1||10|2000000085|N|0.00|0.00|10|22||||||AT|N|||||||Z12.31|G47.33|J45.909|S93.401|||||||90847|||||||22.17|0.00|67.30|N|||AETNA
002026060100000029|1234567|0987654|N|001|AC123456|03|P|N||PPO|02|PKG0042|PPO001|1|F|W000000382|Thomas|Joseph|M|19720327|52997|IL|EC|940579196|W000000382|W000000382|Thomas|Joseph|M|EE|19720327|202606010000029|ACAS2026060100000029||TCN2026060100000029|SRC2026060100000029|002026060100000029|NY0001|NY0001||2|100000170|DR Martinez MD|2|100000170|PV000170|DR Martinez MD|5498 MEDICAL PLAZA||PA MEDICAL CTR|PA|16182|1|05|P|P|20260504|20260517|20260421|20260421|20260519||||||99204||P|Y|01||B|||23||||1|3|1345.34|1345.34|464.00|0.00|0.00|PR1|CO45||881.34|881.34||40.00|40.00|41.40|152.36|152.36|647.58|647.58|0.00|0.00|0.00|464.00|0.00|0.00|0.00||N|||W000000382|P|W000000382|0|0|0.00|||1|05||1345.34||Y||||||1||05|2000000170|N|0.00|0.00|05|23|||||26|||||||||R51|G47.33||N39.0|||||||99204|||||||152.36|40.00|41.40|N|||AETNA
002026060100000030|1234567|0987654|N|001|AC123456|03|P|N||PPO|02|PKG0042|PPO001|1|F|W000000311|Smith|Mia|F|19710203|52038|PA|EE|326289996|W000000311|W000000311|Smith|Mia|F|EE|19710203|202606010000030|ACAS2026060100000030||TCN2026060100000030|SRC2026060100000030|002026060100000030|NY0001|NY0001||2|100000101|DR Jones MD|2|100000101|PV000101|DR Jones MD|1170 MEDICAL PLAZA||NC MEDICAL CTR|NC|28896|1|11|P|P|20260521|20260528|20260409|20260409|20260601||||||99205|GT|P|Y|02||S|||32||||2|1|2835.71|2835.71|1106.37|0.00|0.00|PR1|CO45||1729.34|1729.34||0.00|0.00|66.15|255.79|255.79|1407.40|1407.40|0.00|0.00|0.00|1106.37|0.00|0.00|0.00||N|||W000000311|P|W000000311|0|0|0.00|||1|11||2835.71|||N|||||1||11|2000000101|N|0.00|0.00|11|32|||||51|51||||||||Z79.899|J18.9|||||||||99205|||||||255.79|0.00|66.15|N|||AETNA
002026060100000031|1234567|0987654|N|001|AC123456|03|P|N||PPO|01|PKG0042|PPO001|3|F|W000000316|Anderson|Noah|M|19660325|67046|VA|ES|583363383|W000000316|W000000316|Anderson|Noah|M|EE|19660325|202606010000031|ACAS2026060100000031||TCN2026060100000031|SRC2026060100000031|002026060100000031|NY0001|NY0001||2|100000147|DR Jackson MD|2|100000147|PV000147|DR Jackson MD|9935 MEDICAL PLAZA||GA MEDICAL CTR|GA|99315|1|12|P|P|20260520|20260530|20260506|20260506|20260603||||||99205||P|Y|03||1|||22||||1|1|3635.66|3635.66|3635.66|0.00|0.00||CO45||0.00|0.00||20.00|20.00|0.00|0.00|0.00|0.00|0.00|0.00|0.00|0.00|0.00|0.00|0.00|0.00||N|||W000000316|D|W000000316|0|0|0.00|||3|12||3635.66|||Y|||||1||12|2000000147|N|0.00|0.00|12|22|||||GT|GT||||||||J30.9|J06.9|||||||||99205|||||||0.00|20.00|0.00|N|||AETNA
002026060100000032|1234567|0987654|N|001|AC123456|03|P|N||PPO|02|PKG0042|PPO001|2|F|W000000160|Thomas|Amelia|F|19640507|12331|MI|EC|586658307|W000000160|W000000160|Thomas|Amelia|F|EE|19640507|202606010000032|ACAS2026060100000032||TCN2026060100000032|SRC2026060100000032|002026060100000032|NY0001|NY0001||2|100000052|DR Martin MD|2|100000052|PV000052|DR Martin MD|5641 MEDICAL PLAZA||OH MEDICAL CTR|OH|77919|1|07|P|P|20260427|20260526|20260411|20260411|20260529||||||90847||P|Y|02||N|||99||||3|2|1824.13|1824.13|978.63|0.00|0.00|PR1|CO45||845.50|845.50||50.00|50.00|31.86|153.75|153.75|609.89|609.89|0.00|0.00|0.00|978.63|0.00|0.00|0.00||N|||W000000160|P|W000000160|0|0|0.00|||2|07||1824.13||Y||||||1||07|2000000052|N|0.00|0.00|07|99|||||AT|GT||||||||K21.0|J30.9|||||||||90847|||||||153.75|50.00|31.86|N|||AETNA
002026060100000033|1234567|0987654|N|001|AC123456|03|P|N||PPO|01|PKG0042|PPO001|3|F|W000000065|Martin|Ella|F|19941022|34993|PA|ES|703983546|W000000065|W000000065|Martin|Ella|F|EE|19941022|202606010000033|ACAS2026060100000033||TCN2026060100000033|SRC2026060100000033|002026060100000033|NY0001|NY0001||2|100000220|DR Ramirez MD|2|100000220|PV000220|DR Ramirez MD|5652 MEDICAL PLAZA||NC MEDICAL CTR|NC|41786|1|10|P|P|20260425|20260515|20260402|20260402|20260518||||||99214|GT|P|Y|07||M|||24||||3|2|679.82|679.82|269.28|0.00|0.00|PR1|CO45||410.54|410.54||50.00|50.00|120.75|36.46|36.46|203.33|203.33|0.00|0.00|0.00|269.28|0.00|0.00|0.00||N|||W000000065|P|W000000065|0|0|0.00|||3|10||679.82||Y||||||1||10|2000000220|N|0.00|0.00|10|24||||||||||||||M79.3|E78.5|R05||||||||99214|||||||36.46|50.00|120.75|N|||AETNA
002026060100000034|1234567|0987654|N|001|AC123456|03|P|N||PPO|03|PKG0042|PPO001|1|F|W000000389|Wilson|Jacob|M|19670418|27706|NJ|EC|196396750|W000000389|W000000389|Wilson|Jacob|M|EE|19670418|202606010000034|ACAS2026060100000034||TCN2026060100000034|SRC2026060100000034|002026060100000034|NY0001|NY0001||2|100000095|DR Walker MD|2|100000095|PV000095|DR Walker MD|3252 MEDICAL PLAZA||VA MEDICAL CTR|VA|37792|1|05|P|P|20260513|20260522|20260506|20260506|20260523||||||99213|26|P|Y|01||M|||13||||1|1|553.25|553.25|230.89|0.00|0.00|PR1|CO45||322.36|322.36||30.00|30.00|41.03|33.29|33.29|218.04|218.04|0.00|0.00|0.00|230.89|0.00|0.00|0.00||N|||W000000389|P|W000000389|0|0|0.00|||1|05||553.25||N||||||1||05|2000000095|N|0.00|0.00|05|13|||||95|||Y||||||K57.30||I50.9||F41.9||||||99213|||||||33.29|30.00|41.03|N|||AETNA
002026060100000035|1234567|0987654|N|001|AC123456|03|P|N||PPO|01|PKG0042|PPO001|2|F|W000000395|Robinson|Lucas|M|19750121|72484|PA|ES||W000000622|W000000622|Robinson|Noah|M|CH|20000217|202606010000035|ACAS2026060100000035||TCN2026060100000035|SRC2026060100000035|002026060100000035|NY0001|NY0001||2|100000020|DR Martin MD|2|100000020|PV000020|DR Martin MD|9645 MEDICAL PLAZA||FL MEDICAL CTR|FL|14858|1|05|P|P|20260430|20260517|20260319|20260319|20260520||||||99204|26|P|Y|05||B|||22||||2|1|1085.35|1085.35|696.23|0.00|0.00|PR1|CO45||389.12|389.12||50.00|50.00|62.29|41.04|41.04|235.79|235.79|0.00|0.00|0.00|696.23|0.00|0.00|0.00||N|||W000000622|P|W000000622|0|0|0.00|||2|05||1085.35||Y||N||||1||05|2000000020|N|0.00|0.00|05|22|||||59|59||||||||R51||N39.0||||||||99204|||||||41.04|50.00|62.29|N|||AETNA
002026060100000036|1234567|0987654|N|001|AC123456|03|P|N||PPO|03|PKG0042|PPO001|2|F|W000000045|Lopez|Chloe|F|19720812|55613|OH|EF|717136110|W000000045|W000000045|Lopez|Chloe|F|EE|19720812|202606010000036|ACAS2026060100000036||TCN2026060100000036|SRC2026060100000036|002026060100000036|NY0001|NY0001||2|100000223|DR Walker MD|2|100000223|PV000223|DR Walker MD|5387 MEDICAL PLAZA||PA MEDICAL CTR|PA|85339|1|38|P|P|20260513|20260522|20260419|20260419|20260524||||||99395|50|P|Y|08||F|||12||||2|1|2759.70|2759.70|1650.88|0.00|0.00|PR1|CO45||1108.82|1108.82||75.00|75.00|75.54|191.27|191.27|767.01|767.01|0.00|0.00|0.00|1650.88|0.00|0.00|0.00||N|||W000000045|P|W000000045|0|0|0.00|||2|38||2759.70||Y||||||1||38|2000000223|N|0.00|0.00|38|12|||||95|GT||||||||J30.9|I50.9|S93.401||||||||99395|||||||191.27|75.00|75.54|N|||AETNA
002026060100000037|1234567|0987654|N|001|AC123456|03|P|N||PPO|01|PKG0042|PPO001|1|F|W000000130|Rodriguez|James|M|19920922|69476|NC|EE||W000000601|W000000601|Rodriguez|Noah|M|CH|20031016|202606010000037|ACAS2026060100000037||TCN2026060100000037|SRC2026060100000037|002026060100000037|NY0001|NY0001||2|100000271|DR Anderson MD|2|100000271|PV000271|DR Anderson MD|3065 MEDICAL PLAZA||CA MEDICAL CTR|CA|12782|1|01|P|P|20260506|20260522|20260307|20260307|20260526||||||85025|26|P|Y|05||1|||24||||3|3|961.70|961.70|466.51|0.00|0.00|PR1|CO45||495.19|495.19||30.00|30.00|66.72|80.30|80.30|318.17|318.17|0.00|0.00|0.00|466.51|0.00|0.00|0.00||N|||W000000601|P|W000000601|0|0|0.00|||1|01||961.70||Y||||||1||01|2000000271|N|0.00|0.00|01|24|||||AT|||||||||F41.9|J44.1|||||||||85025|||||||80.30|30.00|66.72|N|||AETNA
002026060100000038|1234567|0987654|N|001|AC123456|03|P|N||PPO|03|PKG0042|PPO001|2|F|W000000243|Robinson|Noah|M|19740908|60935|CO|EF||W000000580|W000000580|Robinson|Oliver|M|SP|19790618|202606010000038|ACAS2026060100000038||TCN2026060100000038|SRC2026060100000038|002026060100000038|NY0001|NY0001||2|100000005|DR Jones MD|2|100000005|PV000005|DR Jones MD|4953 MEDICAL PLAZA||IL MEDICAL CTR|IL|99206|1|05|P|P|20260512|20260520|20260520|20260520|20260522||||||90847|59|P|Y|08||M|||11||||1|2|978.82|978.82|978.82|0.00|0.00||CO45||0.00|0.00||20.00|20.00|0.00|0.00|0.00|0.00|0.00|0.00|0.00|0.00|0.00|0.00|0.00|0.00||N|||W000000580|D|W000000580|1|0|0.00|||2|05||978.82||||||||1||05|2000000005|N|0.00|0.00|05|11|||||AT|||||||||J45.909|I50.9|Z23||||||||90847|||||||0.00|20.00|0.00|N|||AETNA
002026060100000039|1234567|0987654|N|001|AC123456|03|P|N||PPO|02|PKG0042|PPO001|3|F|W000000194|Williams|Logan|M|19690618|24779|AZ|ES|244889270|W000000194|W000000194|Williams|Logan|M|EE|19690618|202606010000039|ACAS2026060100000039||TCN2026060100000039|SRC2026060100000039|002026060100000039|NY0001|NY0001||2|100000132|DR Brown MD|2|100000132|PV000132|DR Brown MD|7775 MEDICAL PLAZA||IL MEDICAL CTR|IL|71102|1|12|P|P|20260423|20260513|20260430|20260430|20260516||||||99205|51|P|Y|01||B|||99||||1|3|694.84|694.84|360.69|0.00|0.00|PR1|CO45||334.15|334.15||40.00|40.00|48.99|29.17|29.17|215.99|215.99|0.00|0.00|0.00|360.69|0.00|0.00|0.00||N|||W000000194|P|W000000194|0|0|0.00|||3|12||694.84||Y||||||1||12|2000000132|N|0.00|0.00|12|99|||||51|59||||||||F41.9|J30.9|||||||||99205|||||||29.17|40.00|48.99|N|||AETNA
002026060100000040|1234567|0987654|N|001|AC123456|01|I|N||PPO|03|PKG0042|PPO001|3|F|W000000307|Miller|Alexander|M|19830609|66551|IL|EE||W000000443|W000000443|Miller|Victoria|F|CH|20080515|202606010000040|ACAS2026060100000040||TCN2026060100000040|SRC2026060100000040|002026060100000040|NY0001|NY0001||2|100000249|DR Harris MD|2|100000249|PV000249|DR Harris MD|9401 MEDICAL PLAZA||GA MEDICAL CTR|GA|20249|4|09|P|P|20260504|20260523|20260327|20260328|20260526||||06|293|93000||I|Y|06||A|||22|05|0200|211|2|2|503.35|503.35|320.20|0.00|0.00|PR1|CO45||183.15|183.15||0.00|0.00|0.48|40.69|40.69|141.98|141.98|0.00|0.00|0.00|320.20|0.00|0.00|0.00||N|||W000000443|P|W000000443|0|1|0.00|||3|09||503.35||Y||||||1||09|2000000249|N|0.00|0.00|09|22|5|3|20260327|20260328|||Y|||||||E11.9|S93.401||E11.65|||||||93000|||||||40.69|0.00|0.48|N|3||AETNA
002026060100000041|1234567|0987654|N|001|AC123456|01|I|N||PPO|03|PKG0042|PPO001|3|F|W000000116|Williams|Evelyn|F|19660412|69479|WA|EF|521125899|W000000116|W000000116|Williams|Evelyn|F|EE|19660412|202606010000041|ACAS2026060100000041||TCN2026060100000041|SRC2026060100000041|002026060100000041|NY0001|NY0001||2|100000212|DR Martin MD|2|100000212|PV000212|DR Martin MD|8419 MEDICAL PLAZA||NJ MEDICAL CTR|NJ|44944|4|02|P|P|20260430|20260520|20260312|20260315|20260524||||12|194|85025||I|Y|07||2|||21|02|0100|122|1|3|579.51|579.51|146.77|0.00|0.00|PR1|CO45||432.74|432.74||75.00|75.00|31.49|66.30|66.30|259.95|259.95|0.00|0.00|0.00|146.77|0.00|0.00|0.00||N|||W000000116|P|W000000116|0|1|0.00|||3|02||579.51||||||||1||02|2000000212|N|0.00|0.00|02|21|5|3|20260312|20260315|51|AT||||||||I50.9|F41.9|||||||||85025|||||||66.30|75.00|31.49|N|3||AETNA
002026060100000042|1234567|0987654|N|001|AC123456|03|P|Y||PPO|01|PKG0042|PPO001|N|F|W000000218|Lopez|Charlotte|F|19840610|97904|VA|ES||W000000531|W000000531|Lopez|Evelyn|F|SP|19850716|202606010000042|ACAS2026060100000042||TCN2026060100000042|SRC2026060100000042|002026060100000042|NY0001|NY0001||2|100000257|DR Smith MD|2|100000257|PV000257|DR Smith MD|7164 MEDICAL PLAZA||NC MEDICAL CTR|NC|82667|1|02|P|N|20260428|20260514|20260509|20260509|20260515||||||99214||P|Y|05||F|||31||||3|1|746.29|746.29|516.59|0.00|0.00|PR1|CO45||229.70|229.70||30.00|30.00|67.43|13.83|13.83|118.44|118.44|0.00|0.00|0.00|516.59|0.00|0.00|0.00||N|||W000000531|P|W000000531|0|0|0.00|||N|02||746.29|||Y|||||1||02|2000000257|N|0.00|0.00|02|31|||||25|59||||||||E78.5|Z87.891|||||||||99214|||||||13.83|30.00|67.43|N|||AETNA
002026060100000043|1234567|0987654|N|001|AC123456|03|P|N||PPO|01|PKG0042|PPO001|3|F|W000000381|Harris|Oliver|M|19851001|73289|NJ|EE||W000000491|W000000491|Harris|Ava|F|CH|20070526|202606010000043|ACAS2026060100000043||TCN2026060100000043|SRC2026060100000043|002026060100000043|NY0001|NY0001||2|100000125|DR Lewis MD|2|100000125|PV000125|DR Lewis MD|5236 MEDICAL PLAZA||TX MEDICAL CTR|TX|32075|1|05|P|P|20260512|20260524|20260305|20260305|20260525||||||90847|59|P|Y|08||4|||99||||2|2|2865.18|2865.18|779.49|0.00|0.00|PR1|CO45||2085.69|2085.69||50.00|50.00|618.87|213.00|213.00|1203.82|1203.82|0.00|0.00|0.00|779.49|0.00|0.00|0.00||N|||W000000491|P|W000000491|0|0|0.00|||3|05||2865.18||||||||1||05|2000000125|N|0.00|0.00|05|99|||||AT|TC||||||||J18.9|N39.0||J44.1|||||||90847|||||||213.00|50.00|618.87|N|||AETNA
002026060100000044|1234567|0987654|N|001|AC123456|03|P|Y||PPO|01|PKG0042|PPO001|N|F|W000000249|Taylor|Benjamin|M|19750527|68613|IL|EE|522618129|W000000249|W000000249|Taylor|Benjamin|M|EE|19750527|202606010000044|ACAS2026060100000044||TCN2026060100000044|SRC2026060100000044|002026060100000044|NY0001|NY0001||2|100000112|DR Thomas MD|2|100000112|PV000112|DR Thomas MD|6722 MEDICAL PLAZA||FL MEDICAL CTR|FL|15659|1|07|P|N|20260505|20260516|20260511|20260511|20260519||||||99396|95|P|Y|03||4|||22||||3|1|542.53|542.53|187.43|0.00|0.00|PR1|CO45||355.10|355.10||50.00|50.00|22.42|48.06|48.06|234.62|234.62|0.00|0.00|0.00|187.43|0.00|0.00|0.00||N|||W000000249|P|W000000249|0|0|0.00|||N|07||542.53||N||||||1||07|2000000112|N|0.00|0.00|07|22|||||50|||||||||R51|I50.9|||||||||99396|||||||48.06|50.00|22.42|N|||AETNA
002026060100000045|1234567|0987654|N|001|AC123456|01|I|N||PPO|01|PKG0042|PPO001|2|F|W000000048|Williams|Aria|F|19741205|23447|GA|EC|589646414|W000000048|W000000048|Williams|Aria|F|EE|19741205|202606010000045|ACAS2026060100000045||TCN2026060100000045|SRC2026060100000045|002026060100000045|NY0001|NY0001||2|100000213|DR Lee MD|2|100000213|PV000213|DR Lee MD|1651 MEDICAL PLAZA||FL MEDICAL CTR|FL|79469|4|03|P|P|20260511|20260521|20260422|20260426|20260523||||08|683|99203|50|I|Y|07||1|||32|03|0300|132|1|3|695.56|695.56|229.92|0.00|0.00|PR1|CO45||465.64|465.64||30.00|30.00|85.95|53.88|53.88|295.81|295.81|0.00|0.00|0.00|229.92|0.00|0.00|0.00||N|||W000000048|P|W000000048|0|1|0.00|||2|03||695.56||N||||||1||03|2000000213|N|0.00|0.00|03|32|4|2|20260422|20260426|25|AT||||||||E11.65|N39.0|I10||||||||99203|||||||53.88|30.00|85.95|N|2||AETNA
002026060100000046|1234567|0987654|N|001|AC123456|03|P|N||PPO|01|PKG0042|PPO001|1|F|W000000289|Martin|Sofia|F|19870327|56224|AZ|ES||W000000680|W000000680|Martin|Isabella|F|CH|20191024|202606010000046|ACAS2026060100000046||TCN2026060100000046|SRC2026060100000046|002026060100000046|NY0001|NY0001||2|100000047|DR Anderson MD|2|100000047|PV000047|DR Anderson MD|3282 MEDICAL PLAZA||NY MEDICAL CTR|NY|38409|1|02|P|P|20260430|20260515|20260501|20260501|20260517||||||99396|95|P|Y|06||S|||11||||3|1|318.76|318.76|318.76|0.00|0.00||CO45||0.00|0.00||75.00|75.00|0.00|0.00|0.00|0.00|0.00|0.00|0.00|0.00|0.00|0.00|0.00|0.00||N|||W000000680|D|W000000680|0|0|0.00|||1|02||318.76||N||||||1||02|2000000047|N|0.00|0.00|02|11|||||26|AT||||||||R51|Z12.31|K21.0||J45.909||||||99396|||||||0.00|75.00|0.00|N|||AETNA
002026060100000047|1234567|0987654|N|001|AC123456|01|I|N||PPO|02|PKG0042|PPO001|3|F|W000000312|Lewis|Emily|F|19850905|68052|VA|EC|317315545|W000000312|W000000312|Lewis|Emily|F|EE|19850905|202606010000047|ACAS2026060100000047||TCN2026060100000047|SRC2026060100000047|002026060100000047|NY0001|NY0001||2|100000072|DR Davis MD|2|100000072|PV000072|DR Davis MD|6561 MEDICAL PLAZA||GA MEDICAL CTR|GA|43899|4|12|P|P|20260507|20260523|20260421|20260425|20260527||||01|194|71046|TC|I|Y|03||M|||21|07|0100|211|3|1|1223.09|1223.09|790.01|0.00|0.00|PR1|CO45||433.08|433.08||50.00|50.00|75.02|40.39|40.39|267.67|267.67|0.00|0.00|0.00|790.01|0.00|0.00|0.00||N|||W000000312|P|W000000312|0|1|0.00|||3|12||1223.09||||||||1||12|2000000072|N|0.00|0.00|12|21|||20260421|20260425|95|||||||||Z23|J06.9|Z23||||||||71046|||||||40.39|50.00|75.02|N|||AETNA
002026060100000048|1234567|0987654|N|001|AC123456|03|P|N||PPO|01|PKG0042|PPO001|1|F|W000000077|Lopez|Lucas|M|19640319|25802|MI|ES||W000000626|W000000626|Lopez|Ella|F|SP|19950508|202606010000048|ACAS2026060100000048||TCN2026060100000048|SRC2026060100000048|002026060100000048|NY0001|NY0001||2|100000181|DR Lee MD|2|100000181|PV000181|DR Lee MD|1822 MEDICAL PLAZA||FL MEDICAL CTR|FL|85069|1|01|P|P|20260429|20260520|20260312|20260312|20260524||||||99283|TC|P|Y|01||1|||99||||3|2|2125.32|2125.32|921.77|0.00|0.00|PR1|CO45||1203.55|1203.55||75.00|75.00|45.47|112.30|112.30|970.78|970.78|0.00|0.00|0.00|921.77|0.00|0.00|0.00||N|||W000000626|P|W000000626|0|0|0.00|||1|01||2125.32||||||||1||01|2000000181|N|0.00|0.00|01|99||||||50||||||||J44.1||||||||||99283|||||||112.30|75.00|45.47|N|||AETNA
002026060100000049|1234567|0987654|N|001|AC123456|03|P|Y||PPO|02|PKG0042|PPO001|N|F|W000000377|Miller|Chloe|F|19620322|30596|MI|EC||W000000475|W000000475|Miller|Ava|F|SP|19850619|202606010000049|ACAS2026060100000049||TCN2026060100000049|SRC2026060100000049|002026060100000049|NY0001|NY0001||2|100000201|DR Rodriguez MD|2|100000201|PV000201|DR Rodriguez MD|1263 MEDICAL PLAZA||PA MEDICAL CTR|PA|81156|1|06|P|N|20260519|20260525|20260326|20260326|20260529||||||90847||P|Y|01||B|||11||||3|2|2646.05|2646.05|983.34|0.00|0.00|PR1|CO45||1662.71|1662.71||0.00|0.00|408.36|142.95|142.95|1111.40|1111.40|0.00|0.00|0.00|983.34|0.00|0.00|0.00||N|||W000000475|P|W000000475|0|0|0.00|||N|06||2646.05||Y|N|||||1||06|2000000201|N|0.00|0.00|06|11||||||||||||||J06.9|I50.9|||||||||90847|||||||142.95|0.00|408.36|N|||AETNA
002026060100000050|1234567|0987654|N|001|AC123456|01|I|N||PPO|03|PKG0042|PPO001|3|F|W000000375|Jackson|Amelia|F|19730909|82430|NY|EE||W000000545|W000000545|Jackson|Jackson|M|CH|20211209|202606010000050|ACAS2026060100000050||TCN2026060100000050|SRC2026060100000050|002026060100000050|NY0001|NY0001||2|100000036|DR Brown MD|2|100000036|PV000036|DR Brown MD|6882 MEDICAL PLAZA||FL MEDICAL CTR|FL|53125|4|06|P|P|20260507|20260519|20260321|20260324|20260521||||12|871|80053|59|I|Y|08||A|||23|20|0370|112|2|2|790.65|790.65|298.20|0.00|0.00|PR1|CO45||492.45|492.45||30.00|30.00|138.81|45.29|45.29|278.35|278.35|0.00|0.00|0.00|298.20|0.00|0.00|0.00||N|||W000000545|P|W000000545|0|1|0.00|||3|06||790.65||||||||1||06|2000000036|N|0.00|0.00|06|23|5|1|20260321|20260324||GT||||||||Z12.31||||||||||80053|||||||45.29|30.00|138.81|N|1||AETNA
002026060100000051|1234567|0987654|N|001|AC123456|03|P|N||PPO|02|PKG0042|PPO001|1|F|W000000020|Jones|Abigail|F|19930918|16539|TX|EE||W000000532|W000000532|Jones|Amelia|F|CH|20160911|202606010000051|ACAS2026060100000051||TCN2026060100000051|SRC2026060100000051|002026060100000051|NY0001|NY0001||2|100000153|DR Harris MD|2|100000153|PV000153|DR Harris MD|4932 MEDICAL PLAZA||WA MEDICAL CTR|WA|44640|1|03|P|P|20260429|20260525|20260506|20260506|20260526||||||99205||P|Y|01||N|||31||||1|3|1083.77|1083.77|665.67|0.00|0.00|PR1|CO45||418.10|418.10||75.00|75.00|21.70|71.67|71.67|249.73|249.73|0.00|0.00|0.00|665.67|0.00|0.00|0.00||N|||W000000532|P|W000000532|0|0|0.00|||1|03||1083.77|||Y|N||||1||03|2000000153|N|0.00|0.00|03|31||||||51||||||||Z87.891|J18.9|J06.9||||||||99205|||||||71.67|75.00|21.70|N|||AETNA
002026060100000052|1234567|0987654|N|001|AC123456|01|I|N||PPO|01|PKG0042|PPO001|3|F|W000000137|Perez|Harper|F|19900417|23666|CO|EF|144644294|W000000137|W000000137|Perez|Harper|F|EE|19900417|202606010000052|ACAS2026060100000052||TCN2026060100000052|SRC2026060100000052|002026060100000052|NY0001|NY0001||2|100000110|DR Wilson MD|2|100000110|PV000110|DR Wilson MD|7204 MEDICAL PLAZA||VA MEDICAL CTR|VA|51088|4|05|P|P|20260423|20260520|20260308|20260310|20260521||||11|196|99396||I|Y|05||4|||11|04|0200|211|2|1|583.76|583.76|583.76|0.00|0.00||CO45||0.00|0.00||50.00|50.00|0.00|0.00|0.00|0.00|0.00|0.00|0.00|0.00|0.00|0.00|0.00|0.00||N|||W000000137|D|W000000137|0|1|0.00|||3|05||583.76||||||||1||05|2000000110|N|0.00|0.00|05|11|1||20260308|20260310|50|25||||||||Z00.00||||||||||99396|||||||0.00|50.00|0.00|N|||AETNA
002026060100000053|1234567|0987654|N|001|AC123456|01|I|N||PPO|03|PKG0042|PPO001|3|F|W000000255|Brown|Nora|F|19911203|33597|OH|EC|632615074|W000000255|W000000255|Brown|Nora|F|EE|19911203|202606010000053|ACAS2026060100000053||TCN2026060100000053|SRC2026060100000053|002026060100000053|NY0001|NY0001||2|100000151|DR Thompson MD|2|100000151|PV000151|DR Thompson MD|4869 MEDICAL PLAZA||NY MEDICAL CTR|NY|28029|4|01|P|P|20260419|20260517|20260420|20260420|20260520||||06|196|97110||I|Y|03||M|||13|04|0370|211|1|3|1041.92|1041.92|610.50|0.00|0.00|PR1|CO45||431.42|431.42||30.00|30.00|13.21|63.54|63.54|324.67|324.67|0.00|0.00|0.00|610.50|0.00|0.00|0.00||N|||W000000255|P|W000000255|0|1|0.00|||3|01||1041.92||N|N|||||1||01|2000000151|N|0.00|0.00|01|13|5||20260420|20260420|50|25||||||||S93.401|E11.65|Z12.31||||||||97110|||||||63.54|30.00|13.21|N|||AETNA
002026060100000054|1234567|0987654|N|001|AC123456|01|I|N||PPO|03|PKG0042|PPO001|2|F|W000000327|Hernandez|Benjamin|M|19930112|81662|NY|EE|650141813|W000000327|W000000327|Hernandez|Benjamin|M|EE|19930112|202606010000054|ACAS2026060100000054||TCN2026060100000054|SRC2026060100000054|002026060100000054|NY0001|NY0001||2|100000288|DR Young MD|2|100000288|PV000288|DR Young MD|4276 MEDICAL PLAZA||NY MEDICAL CTR|NY|78165|4|03|P|P|20260511|20260523|20260402|20260405|20260526||||12|293|99204|25|I|Y|08||1|||31|05|0200|131|1|3|868.59|868.59|443.05|0.00|0.00|PR1|CO45||425.54|425.54||0.00|0.00|43.30|76.19|76.19|306.05|306.05|0.00|0.00|0.00|443.05|0.00|0.00|0.00||N|||W000000327|P|W000000327|0|1|0.00|||2|03||868.59||||||||1||03|2000000288|N|0.00|0.00|03|31||9|20260402|20260405||||||||||E66.9|||I25.10|||||||99204|||||||76.19|0.00|43.30|N|9||AETNA
002026060100000055|1234567|0987654|N|001|AC123456|01|I|N||PPO|02|PKG0042|PPO001|1|F|W000000349|Rodriguez|Sofia|F|19920806|92475|VA|EC|893775453|W000000349|W000000349|Rodriguez|Sofia|F|EE|19920806|202606010000055|ACAS2026060100000055||TCN2026060100000055|SRC2026060100000055|002026060100000055|NY0001|NY0001||2|100000023|DR Thompson MD|2|100000023|PV000023|DR Thompson MD|2165 MEDICAL PLAZA||WA MEDICAL CTR|WA|51471|4|08|P|P|20260515|20260523|20260329|20260402|20260527||||02|196|82947||I|Y|05||N|||23|20|0250|112|2|1|698.91|698.91|323.67|0.00|0.00|PR1|CO45||375.24|375.24||20.00|20.00|7.33|63.05|63.05|284.86|284.86|0.00|0.00|0.00|323.67|0.00|0.00|0.00||N|||W000000349|P|W000000349|0|1|0.00|||1|08||698.91||||Y||||1||08|2000000023|N|0.00|0.00|08|23|2|9|20260329|20260402|95|TC||||||||Z23||J44.1||||||||82947|||||||63.05|20.00|7.33|N|9||AETNA
002026060100000056|1234567|0987654|N|001|AC123456|03|P|N||PPO|02|PKG0042|PPO001|2|F|W000000031|Martinez|Mia|F|19720520|76609|OH|EF|406311504|W000000031|W000000031|Martinez|Mia|F|EE|19720520|202606010000056|ACAS2026060100000056||TCN2026060100000056|SRC2026060100000056|002026060100000056|NY0001|NY0001||2|100000299|DR Hernandez MD|2|100000299|PV000299|DR Hernandez MD|3244 MEDICAL PLAZA||CA MEDICAL CTR|CA|66051|1|40|P|P|20260516|20260525|20260401|20260401|20260528||||||80061|95|P|Y|08||4|||13||||1|3|747.77|747.77|247.90|0.00|0.00|PR1|CO45||499.87|499.87||40.00|40.00|39.67|50.31|50.31|369.89|369.89|0.00|0.00|0.00|247.90|0.00|0.00|0.00||N|||W000000031|P|W000000031|0|0|0.00|||2|40||747.77|||N|||||1||40|2000000299|N|0.00|0.00|40|13|||||GT|TC||||||||N39.0|I10|Z00.00||||||||80061|||||||50.31|40.00|39.67|N|||AETNA
002026060100000057|1234567|0987654|N|001|AC123456|03|P|N||PPO|03|PKG0042|PPO001|2|F|W000000383|Jones|Benjamin|M|19830303|87743|OH|EE|559463786|W000000383|W000000383|Jones|Benjamin|M|EE|19830303|202606010000057|ACAS2026060100000057||TCN2026060100000057|SRC2026060100000057|002026060100000057|NY0001|NY0001||2|100000135|DR Miller MD|2|100000135|PV000135|DR Miller MD|785 MEDICAL PLAZA||TX MEDICAL CTR|TX|18860|1|50|P|P|20260510|20260518|20260406|20260406|20260522||||||99232|26|P|Y|04||2|||31||||2|3|976.66|976.66|356.95|0.00|0.00|PR1|CO45||619.71|619.71||40.00|40.00|184.10|52.77|52.77|342.84|342.84|0.00|0.00|0.00|356.95|0.00|0.00|0.00||N|||W000000383|P|W000000383|0|0|0.00|||2|50||976.66||N|Y|||||1||50|2000000135|N|0.00|0.00|50|31|||||51|59||||||||I10|Z87.891|||||||||99232|||||||52.77|40.00|184.10|N|||AETNA
002026060100000058|1234567|0987654|N|001|AC123456|01|I|Y||PPO|01|PKG0042|PPO001|N|F|W000000109|Taylor|Charlotte|F|19770318|91814|MA|EF|685647475|W000000109|W000000109|Taylor|Charlotte|F|EE|19770318|202606010000058|ACAS2026060100000058||TCN2026060100000058|SRC2026060100000058|002026060100000058|NY0001|NY0001||2|100000232|DR Davis MD|2|100000232|PV000232|DR Davis MD|1181 MEDICAL PLAZA||CA MEDICAL CTR|CA|78762|4|07|P|N|20260422|20260520|20260417|20260418|20260523||||07|196|71046|26|I|Y|05||1|||32|20|0250|121|1|2|518.00|518.00|213.38|0.00|0.00|PR1|CO45||304.62|304.62||75.00|75.00|4.08|30.08|30.08|195.46|195.46|0.00|0.00|0.00|213.38|0.00|0.00|0.00||N|||W000000109|P|W000000109|0|1|0.00|||N|07||518.00|||N|||||1||07|2000000232|N|0.00|0.00|07|32|7|9|20260417|20260418|TC|||||||||S93.401|E11.65|||||||||71046|||||||30.08|75.00|4.08|N|9||AETNA
002026060100000059|1234567|0987654|N|001|AC123456|03|P|N||PPO|02|PKG0042|PPO001|2|F|W000000243|Robinson|Noah|M|19740908|60935|CO|EF||W000000521|W000000521|Robinson|Oliver|M|CH|20080505|202606010000059|ACAS2026060100000059||TCN2026060100000059|SRC2026060100000059|002026060100000059|NY0001|NY0001||2|100000128|DR Young MD|2|100000128|PV000128|DR Young MD|9032 MEDICAL PLAZA||IL MEDICAL CTR|IL|52220|1|08|P|P|20260425|20260522|20260402|20260402|20260524||||||99396|51|P|Y|02||1|||11||||2|2|541.25|541.25|334.63|0.00|0.00|PR1|CO45||206.62|206.62||0.00|0.00|53.24|29.14|29.14|124.24|124.24|0.00|0.00|0.00|334.63|0.00|0.00|0.00||N|||W000000521|P|W000000521|0|0|0.00|||2|08||541.25||Y||Y||||1||08|2000000128|N|0.00|0.00|08|11|||||50|51||||||||K57.30||J30.9||||||||99396|||||||29.14|0.00|53.24|N|||AETNA
002026060100000060|1234567|0987654|N|001|AC123456|03|P|N||PPO|01|PKG0042|PPO001|1|F|W000000019|Thomas|Sophia|F|19660817|49366|MI|ES||W000000479|W000000479|Thomas|Avery|F|CH|20080914|202606010000060|ACAS2026060100000060||TCN2026060100000060|SRC2026060100000060|002026060100000060|NY0001|NY0001||2|100000094|DR Robinson MD|2|100000094|PV000094|DR Robinson MD|2696 MEDICAL PLAZA||NJ MEDICAL CTR|NJ|40889|1|04|P|P|20260506|20260531|20260312|20260312|20260603||||||99204|51|P|Y|04||2|||21||||3|1|2839.14|2839.14|2839.14|0.00|0.00||CO45||0.00|0.00||30.00|30.00|0.00|0.00|0.00|0.00|0.00|0.00|0.00|0.00|0.00|0.00|0.00|0.00||N|||W000000479|D|W000000479|0|0|0.00|||1|04||2839.14||N||||||1||04|2000000094|N|0.00|0.00|04|21|||||50|||||||||J06.9|J06.9|G43.909||||||||99204|||||||0.00|30.00|0.00|N|||AETNA
002026060100000061|1234567|0987654|N|001|AC123456|03|P|N||PPO|02|PKG0042|PPO001|1|F|W000000279|Thompson|Henry|M|19670717|53426|MA|EF||W000000646|W000000646|Thompson|Abigail|F|CH|20010718|202606010000061|ACAS2026060100000061||TCN2026060100000061|SRC2026060100000061|002026060100000061|NY0001|NY0001||2|100000232|DR Davis MD|2|100000232|PV000232|DR Davis MD|1864 MEDICAL PLAZA||CO MEDICAL CTR|CO|37260|1|07|P|P|20260506|20260529|20260424|20260424|20260531||||||97110||P|Y|04||2|||11||||1|3|6660.60|6660.60|3878.35|0.00|0.00|PR1|CO45||2782.25|2782.25||20.00|20.00|441.54|366.99|366.99|1953.72|1953.72|0.00|0.00|0.00|3878.35|0.00|0.00|0.00||N|||W000000646|P|W000000646|0|0|0.00|||1|07||6660.60|||N|||||1||07|2000000232|N|0.00|0.00|07|11|||||59|||||||||M54.5|J44.1|||||||||97110|||||||366.99|20.00|441.54|N|||AETNA
002026060100000062|1234567|0987654|N|001|AC123456|03|P|Y||PPO|03|PKG0042|PPO001|N|F|W000000295|Smith|Carter|M|19650527|95087|AZ|EC||W000000522|W000000522|Smith|Sofia|F|SP|19940226|202606010000062|ACAS2026060100000062||TCN2026060100000062|SRC2026060100000062|002026060100000062|NY0001|NY0001||2|100000207|DR Anderson MD|2|100000207|PV000207|DR Anderson MD|7712 MEDICAL PLAZA||WA MEDICAL CTR|WA|48198|1|12|P|N|20260518|20260531|20260414|20260414|20260603||||||99396|59|P|Y|06||F|||31||||1|3|238.96|238.96|151.15|0.00|0.00|PR1|CO45||87.81|87.81||75.00|75.00|11.91|0.17|0.17|0.73|0.73|0.00|0.00|0.00|151.15|0.00|0.00|0.00||N|||W000000522|P|W000000522|0|0|0.00|||N|12||238.96||||N||||1||12|2000000207|N|0.00|0.00|12|31|||||26|95||||||||Z87.891||N39.0|G47.33|||||||99396|||||||0.17|75.00|11.91|N|||AETNA
002026060100000063|1234567|0987654|N|001|AC123456|01|I|Y||PPO|02|PKG0042|PPO001|N|F|W000000257|Smith|Emily|F|19820107|31826|MI|ES|796754602|W000000257|W000000257|Smith|Emily|F|EE|19820107|202606010000063|ACAS2026060100000063||TCN2026060100000063|SRC2026060100000063|002026060100000063|NY0001|NY0001||2|100000044|DR Lopez MD|2|100000044|PV000044|DR Lopez MD|8886 MEDICAL PLAZA||MI MEDICAL CTR|MI|13543|4|40|P|N|20260429|20260515|20260512|20260515|20260519||||01|293|90847|95|I|Y|03||1|||12|07|0200|132|3|1|228.02|228.02|169.85|0.00|0.00|PR1|CO45||58.17|58.17||0.00|0.00|16.26|10.29|10.29|31.62|31.62|0.00|0.00|0.00|169.85|0.00|0.00|0.00||N|||W000000257|P|W000000257|0|1|0.00|||N|40||228.02||||||||1||40|2000000044|N|0.00|0.00|40|12|2|2|20260512|20260515||||||||||F32.9||||||||||90847|||||||10.29|0.00|16.26|N|2||AETNA
002026060100000064|1234567|0987654|N|001|AC123456|03|P|N||PPO|01|PKG0042|PPO001|2|F|W000000389|Wilson|Jacob|M|19670418|27706|NJ|EC||W000000678|W000000678|Wilson|Henry|M|SP|19710816|202606010000064|ACAS2026060100000064||TCN2026060100000064|SRC2026060100000064|002026060100000064|NY0001|NY0001||2|100000212|DR Martin MD|2|100000212|PV000212|DR Martin MD|2732 MEDICAL PLAZA||AZ MEDICAL CTR|AZ|25095|1|02|P|P|20260419|20260515|20260427|20260427|20260519||||||99283|25|P|Y|08||M|||13||||3|1|294.84|294.84|294.84|0.00|0.00||CO45||0.00|0.00||20.00|20.00|0.00|0.00|0.00|0.00|0.00|0.00|0.00|0.00|0.00|0.00|0.00|0.00||N|||W000000678|D|W000000678|0|0|0.00|||2|02||294.84|||Y|||||1||02|2000000212|N|0.00|0.00|02|13|||||50||Y|||||||I25.10|E11.9|M79.3|Z12.31|||||||99283|||||||0.00|20.00|0.00|N|||AETNA
002026060100000065|1234567|0987654|N|001|AC123456|03|P|N||PPO|03|PKG0042|PPO001|3|F|W000000288|Davis|Noah|M|19930801|39577|NC|EC|561154393|W000000288|W000000288|Davis|Noah|M|EE|19930801|202606010000065|ACAS2026060100000065||TCN2026060100000065|SRC2026060100000065|002026060100000065|NY0001|NY0001||2|100000226|DR Johnson MD|2|100000226|PV000226|DR Johnson MD|321 MEDICAL PLAZA||CO MEDICAL CTR|CO|62513|1|01|P|P|20260505|20260530|20260323|20260323|20260601||||||99232||P|Y|02||B|||31||||2|2|609.24|609.24|378.91|0.00|0.00|PR1|CO45||230.33|230.33||20.00|20.00|12.42|35.23|35.23|162.68|162.68|0.00|0.00|0.00|378.91|0.00|0.00|0.00||N|||W000000288|P|W000000288|0|0|0.00|||3|01||609.24||Y||||||1||01|2000000226|N|0.00|0.00|01|31|||||50|AT|Y|||||||Z23|J45.909||F41.9|G47.33||||||99232|||||||35.23|20.00|12.42|N|||AETNA
002026060100000066|1234567|0987654|N|001|AC123456|03|P|N||PPO|02|PKG0042|PPO001|2|F|W000000229|Garcia|Aiden|M|19641223|45457|AZ|EC|226628446|W000000229|W000000229|Garcia|Aiden|M|EE|19641223|202606010000066|ACAS2026060100000066||TCN2026060100000066|SRC2026060100000066|002026060100000066|NY0001|NY0001||2|100000117|DR Lee MD|2|100000117|PV000117|DR Lee MD|8621 MEDICAL PLAZA||MI MEDICAL CTR|MI|98003|1|12|P|P|20260514|20260531|20260403|20260403|20260602||||||90847|51|P|Y|05||F|||11||||2|2|1424.27|1424.27|660.93|0.00|0.00|PR1|CO45||763.34|763.34||0.00|0.00|171.46|101.84|101.84|490.04|490.04|0.00|0.00|0.00|660.93|0.00|0.00|0.00||N|||W000000229|P|W000000229|0|0|0.00|||2|12||1424.27||Y||||||1||12|2000000117|N|0.00|0.00|12|11|||||TC|51||||||||J18.9||||||||||90847|||||||101.84|0.00|171.46|N|||AETNA
002026060100000067|1234567|0987654|N|001|AC123456|03|P|N||PPO|03|PKG0042|PPO001|1|F|W000000160|Thomas|Amelia|F|19640507|12331|MI|EC||W000000634|W000000634|Thomas|Sofia|F|SP|19710601|202606010000067|ACAS2026060100000067||TCN2026060100000067|SRC2026060100000067|002026060100000067|NY0001|NY0001||2|100000278|DR Perez MD|2|100000278|PV000278|DR Perez MD|7506 MEDICAL PLAZA||CA MEDICAL CTR|CA|74331|1|08|P|P|20260422|20260517|20260510|20260510|20260519||||||36415|AT|P|Y|06||M|||32||||3|2|1099.45|1099.45|790.34|0.00|0.00|PR1|CO45||309.11|309.11||40.00|40.00|67.30|41.87|41.87|159.94|159.94|0.00|0.00|0.00|790.34|0.00|0.00|0.00||N|||W000000634|P|W000000634|0|0|0.00|||1|08||1099.45||Y|Y|||||1||08|2000000278|N|0.00|0.00|08|32|||||25|||||||||F32.9|E11.65|||R51||||||36415|||||||41.87|40.00|67.30|N|||AETNA
002026060100000068|1234567|0987654|N|001|AC123456|03|P|N||PPO|02|PKG0042|PPO001|1|F|W000000260|Thompson|Elijah|M|19910519|14415|MI|EF|471506173|W000000260|W000000260|Thompson|Elijah|M|EE|19910519|202606010000068|ACAS2026060100000068||TCN2026060100000068|SRC2026060100000068|002026060100000068|NY0001|NY0001||2|100000193|DR Smith MD|2|100000193|PV000193|DR Smith MD|2287 MEDICAL PLAZA||NJ MEDICAL CTR|NJ|58481|1|38|P|P|20260509|20260522|20260411|20260411|20260526||||||85025|TC|P|Y|07||1|||32||||1|3|769.87|769.87|473.27|0.00|0.00|PR1|CO45||296.60|296.60||40.00|40.00|62.21|40.73|40.73|153.66|153.66|0.00|0.00|0.00|473.27|0.00|0.00|0.00||N|||W000000260|P|W000000260|0|0|0.00|||1|38||769.87|||N|||||1||38|2000000193|N|0.00|0.00|38|32|||||25|||||||||R05|Z12.31|M79.3||||||||85025|||||||40.73|40.00|62.21|N|||AETNA
002026060100000069|1234567|0987654|N|001|AC123456|01|I|Y||PPO|03|PKG0042|PPO001|N|F|W000000054|Miller|Olivia|F|19720209|54765|FL|ES|220554400|W000000054|W000000054|Miller|Olivia|F|EE|19720209|202606010000069|ACAS2026060100000069||TCN2026060100000069|SRC2026060100000069|002026060100000069|NY0001|NY0001||2|100000101|DR Jones MD|2|100000101|PV000101|DR Jones MD|5633 MEDICAL PLAZA||CA MEDICAL CTR|CA|57251|4|11|P|N|20260511|20260526|20260319|20260321|20260527||||11|293|80053|95|I|Y|01||M|||31|20|0300|211|2|3|1042.73|1042.73|758.71|0.00|0.00|PR1|CO45||284.02|284.02||40.00|40.00|2.23|50.62|50.62|191.17|191.17|0.00|0.00|0.00|758.71|0.00|0.00|0.00||N|||W000000054|P|W000000054|0|1|0.00|||N|11||1042.73||||||||1||11|2000000101|N|0.00|0.00|11|31|7|4|20260319|20260321|95|AT||||||||R51||||F32.9||||||80053|||||||50.62|40.00|2.23|N|4||AETNA
002026060100000070|1234567|0987654|N|001|AC123456|03|P|N||PPO|01|PKG0042|PPO001|2|F|W000000329|Robinson|Scarlett|F|19841010|77912|AZ|EF|353939366|W000000329|W000000329|Robinson|Scarlett|F|EE|19841010|202606010000070|ACAS2026060100000070||TCN2026060100000070|SRC2026060100000070|002026060100000070|NY0001|NY0001||2|100000004|DR Brown MD|2|100000004|PV000004|DR Brown MD|5513 MEDICAL PLAZA||NJ MEDICAL CTR|NJ|73685|1|04|P|P|20260425|20260520|20260517|20260517|20260522||||||80053|51|P|Y|04||B|||99||||3|2|369.34|369.34|158.55|0.00|0.00|PR1|CO45||210.79|210.79||75.00|75.00|16.44|15.54|15.54|103.81|103.81|0.00|0.00|0.00|158.55|0.00|0.00|0.00||N|||W000000329|P|W000000329|0|0|0.00|||2|04||369.34||||||||1||04|2000000004|N|0.00|0.00|04|99|||||AT||Y|||||||F32.9|Z00.00||E78.5|||||||80053|||||||15.54|75.00|16.44|N|||AETNA
002026060100000071|1234567|0987654|N|001|AC123456|03|P|Y||PPO|03|PKG0042|PPO001|N|F|W000000259|Lopez|Ella|F|19781225|14247|NC|EF||W000000557|W000000557|Lopez|Emma|F|SP|19870426|202606010000071|ACAS2026060100000071||TCN2026060100000071|SRC2026060100000071|002026060100000071|NY0001|NY0001||2|100000203|DR Hernandez MD|2|100000203|PV000203|DR Hernandez MD|5311 MEDICAL PLAZA||FL MEDICAL CTR|FL|96183|1|08|P|N|20260513|20260527|20260522|20260522|20260530||||||80061|AT|P|Y|03||N|||31||||1|2|540.50|540.50|251.82|0.00|0.00|PR1|CO45||288.68|288.68||30.00|30.00|72.74|31.12|31.12|154.82|154.82|0.00|0.00|0.00|251.82|0.00|0.00|0.00||N|||W000000557|P|W000000557|1|0|0.00|||N|08||540.50||||||||1||08|2000000203|N|0.00|0.00|08|31|||||25|59||||||||E66.9|Z87.891|R51||||||||80061|||||||31.12|30.00|72.74|N|||AETNA
002026060100000072|1234567|0987654|N|001|AC123456|03|P|N||PPO|01|PKG0042|PPO001|1|F|W000000133|Lee|Charlotte|F|19610202|29042|FL|EC|866318555|W000000133|W000000133|Lee|Charlotte|F|EE|19610202|202606010000072|ACAS2026060100000072||TCN2026060100000072|SRC2026060100000072|002026060100000072|NY0001|NY0001||2|100000063|DR Walker MD|2|100000063|PV000063|DR Walker MD|5635 MEDICAL PLAZA||MI MEDICAL CTR|MI|97815|1|03|P|P|20260505|20260528|20260424|20260424|20260530||||||71046|95|P|Y|07||N|||99||||3|1|653.88|653.88|380.07|0.00|0.00|PR1|CO45||273.81|273.81||20.00|20.00|49.36|45.32|45.32|159.13|159.13|0.00|0.00|0.00|380.07|0.00|0.00|0.00||N|||W000000133|P|W000000133|0|0|0.00|||1|03||653.88||||Y||||1||03|2000000063|N|0.00|0.00|03|99|||||50|GT||||||||K21.0||F32.9||||||||71046|||||||45.32|20.00|49.36|N|||AETNA
002026060100000073|1234567|0987654|N|001|AC123456|03|P|N||PPO|02|PKG0042|PPO001|2|F|W000000325|Perez|David|M|19940608|78788|NJ|EC|467838653|W000000325|W000000325|Perez|David|M|EE|19940608|202606010000073|ACAS2026060100000073||TCN2026060100000073|SRC2026060100000073|002026060100000073|NY0001|NY0001||2|100000227|DR Williams MD|2|100000227|PV000227|DR Williams MD|9310 MEDICAL PLAZA||IL MEDICAL CTR|IL|57943|1|02|P|P|20260509|20260525|20260402|20260402|20260529||||||93000|59|P|Y|08||N|||24||||1|3|173.02|173.02|117.02|0.00|0.00|PR1|CO45||56.00|56.00||30.00|30.00|10.12|2.50|2.50|13.38|13.38|0.00|0.00|0.00|117.02|0.00|0.00|0.00||N|||W000000325|P|W000000325|0|0|0.00|||2|02||173.02||Y|Y|||||1||02|2000000227|N|0.00|0.00|02|24|||||26|26||||||||E66.9|I50.9|||||||||93000|||||||2.50|30.00|10.12|N|||AETNA
002026060100000074|1234567|0987654|N|001|AC123456|03|P|N||PPO|03|PKG0042|PPO001|2|F|W000000091|Johnson|Oliver|M|19660225|19550|AZ|EE|987588146|W000000091|W000000091|Johnson|Oliver|M|EE|19660225|202606010000074|ACAS2026060100000074||TCN2026060100000074|SRC2026060100000074|002026060100000074|NY0001|NY0001||2|100000158|DR Robinson MD|2|100000158|PV000158|DR Robinson MD|314 MEDICAL PLAZA||NC MEDICAL CTR|NC|24878|1|08|P|P|20260502|20260514|20260501|20260501|20260516||||||71046||P|Y|05||S|||21||||1|3|247.87|247.87|67.18|0.00|0.00|PR1|CO45||180.69|180.69||50.00|50.00|16.04|28.39|28.39|86.26|86.26|0.00|0.00|0.00|67.18|0.00|0.00|0.00||N|||W000000091|P|W000000091|0|0|0.00|||2|08||247.87||N||||||1||08|2000000158|N|0.00|0.00|08|21|||||95||Y|||||||Z12.31|||Z12.31|||||||71046|||||||28.39|50.00|16.04|N|||AETNA
002026060100000075|1234567|0987654|N|001|AC123456|03|P|Y||PPO|01|PKG0042|PPO001|N|F|W000000392|Smith|Avery|F|19910203|15817|MA|EE||W000000481|W000000481|Smith|Chloe|F|CH|20201125|202606010000075|ACAS2026060100000075||TCN2026060100000075|SRC2026060100000075|002026060100000075|NY0001|NY0001||2|100000141|DR Gonzalez MD|2|100000141|PV000141|DR Gonzalez MD|8287 MEDICAL PLAZA||TX MEDICAL CTR|TX|90255|1|06|P|N|20260507|20260517|20260319|20260319|20260519||||||82947|GT|P|Y|06||N|||11||||3|1|256.38|256.38|117.37|0.00|0.00|PR1|CO45||139.01|139.01||40.00|40.00|10.85|13.64|13.64|74.52|74.52|0.00|0.00|0.00|117.37|0.00|0.00|0.00||N|||W000000481|P|W000000481|0|0|0.00|||N|06||256.38||||N||||1||06|2000000141|N|0.00|0.00|06|11|||||GT|50||||||||E11.65||M79.3||||||||82947|||||||13.64|40.00|10.85|N|||AETNA
002026060100000076|1234567|0987654|N|001|AC123456|03|P|N||PPO|01|PKG0042|PPO001|2|F|W000000333|Martinez|Zoey|F|19760503|20507|FL|EE|990727441|W000000333|W000000333|Martinez|Zoey|F|EE|19760503|202606010000076|ACAS2026060100000076||TCN2026060100000076|SRC2026060100000076|002026060100000076|NY0001|NY0001||2|100000050|DR Moore MD|2|100000050|PV000050|DR Moore MD|1547 MEDICAL PLAZA||TX MEDICAL CTR|TX|19559|1|05|P|P|20260508|20260528|20260317|20260317|20260530||||||99396||P|Y|05||4|||13||||3|2|1273.46|1273.46|522.68|0.00|0.00|PR1|CO45||750.78|750.78||20.00|20.00|213.20|90.40|90.40|427.18|427.18|0.00|0.00|0.00|522.68|0.00|0.00|0.00||N|||W000000333|P|W000000333|0|0|0.00|||2|05||1273.46|||N|Y||||1||05|2000000050|N|0.00|0.00|05|13|||||51|25||||||||E11.9|J30.9|J06.9||||||||99396|||||||90.40|20.00|213.20|N|||AETNA
002026060100000077|1234567|0987654|N|001|AC123456|03|P|N||PPO|01|PKG0042|PPO001|1|F|W000000232|Johnson|Chloe|F|19801020|74576|PA|EC|135111772|W000000232|W000000232|Johnson|Chloe|F|EE|19801020|202606010000077|ACAS2026060100000077||TCN2026060100000077|SRC2026060100000077|002026060100000077|NY0001|NY0001||2|100000214|DR Perez MD|2|100000214|PV000214|DR Perez MD|5787 MEDICAL PLAZA||TX MEDICAL CTR|TX|49863|1|04|P|P|20260505|20260521|20260412|20260412|20260523||||||85025|TC|P|Y|04||S|||24||||2|3|819.38|819.38|396.85|0.00|0.00|PR1|CO45||422.53|422.53||50.00|50.00|92.25|47.98|47.98|232.30|232.30|0.00|0.00|0.00|396.85|0.00|0.00|0.00||N|||W000000232|P|W000000232|0|0|0.00|||1|04||819.38||Y|N|Y||||1||04|2000000214|N|0.00|0.00|04|24||||||59||Y||||||K21.0|Z87.891|R05||G47.33||||||85025|||||||47.98|50.00|92.25|N|||AETNA
002026060100000078|1234567|0987654|N|001|AC123456|03|P|Y||PPO|01|PKG0042|PPO001|N|F|W000000159|Harris|Emma|F|19830903|52540|NC|ES|262868143|W000000159|W000000159|Harris|Emma|F|EE|19830903|202606010000078|ACAS2026060100000078||TCN2026060100000078|SRC2026060100000078|002026060100000078|NY0001|NY0001||2|100000050|DR Moore MD|2|100000050|PV000050|DR Moore MD|8185 MEDICAL PLAZA||NC MEDICAL CTR|NC|43707|1|05|P|N|20260501|20260515|20260425|20260425|20260519||||||82947||P|Y|05||F|||23||||1|3|1118.12|1118.12|387.69|0.00|0.00|PR1|CO45||730.43|730.43||50.00|50.00|27.80|107.72|107.72|544.91|544.91|0.00|0.00|0.00|387.69|0.00|0.00|0.00||N|||W000000159|P|W000000159|0|0|0.00|||N|05||1118.12||||||||1||05|2000000050|N|0.00|0.00|05|23||||||59||||||||Z87.891||J30.9||||||||82947|||||||107.72|50.00|27.80|N|||AETNA
002026060100000079|1234567|0987654|N|001|AC123456|03|P|N||PPO|02|PKG0042|PPO001|3|F|W000000396|Smith|Samuel|M|19791122|49750|WA|EE|192489032|W000000396|W000000396|Smith|Samuel|M|EE|19791122|202606010000079|ACAS2026060100000079||TCN2026060100000079|SRC2026060100000079|002026060100000079|NY0001|NY0001||2|100000126|DR Robinson MD|2|100000126|PV000126|DR Robinson MD|2842 MEDICAL PLAZA||AZ MEDICAL CTR|AZ|20481|1|06|P|P|20260420|20260513|20260524|20260524|20260514||||||71046|51|P|Y|02||S|||22||||2|3|139.25|139.25|42.03|0.00|0.00|PR1|CO45||97.22|97.22||20.00|20.00|27.35|11.31|11.31|38.56|38.56|0.00|0.00|0.00|42.03|0.00|0.00|0.00||N|||W000000396|P|W000000396|0|0|0.00|||3|06||139.25||N||||||1||06|2000000126|N|0.00|0.00|06|22|||||51|||||||||R05|||Z79.899|||||||71046|||||||11.31|20.00|27.35|N|||AETNA
002026060100000080|1234567|0987654|N|001|AC123456|03|P|N||PPO|01|PKG0042|PPO001|3|F|W000000055|Young|Charlotte|F|19860618|24268|AZ|EE||W000000469|W000000469|Young|Alexander|M|SP|19810117|202606010000080|ACAS2026060100000080||TCN2026060100000080|SRC2026060100000080|002026060100000080|NY0001|NY0001||2|100000251|DR Clark MD|2|100000251|PV000251|DR Clark MD|9789 MEDICAL PLAZA||TX MEDICAL CTR|TX|59911|1|11|P|P|20260512|20260517|20260319|20260319|20260518||||||99395||P|Y|06||1|||11||||1|2|188.48|188.48|188.48|0.00|0.00||CO45||0.00|0.00||40.00|40.00|0.00|0.00|0.00|0.00|0.00|0.00|0.00|0.00|0.00|0.00|0.00|0.00||N|||W000000469|D|W000000469|0|0|0.00|||3|11||188.48||Y||Y||||1||11|2000000251|N|0.00|0.00|11|11|||||25|GT||||||||F41.9||K57.30||||||||99395|||||||0.00|40.00|0.00|N|||AETNA
002026060100000081|1234567|0987654|N|001|AC123456|01|I|N||PPO|02|PKG0042|PPO001|2|F|W000000304|Walker|Logan|M|19931112|85991|MI|EF||W000000659|W000000659|Walker|Oliver|M|SP|19900321|202606010000081|ACAS2026060100000081||TCN2026060100000081|SRC2026060100000081|002026060100000081|NY0001|NY0001||2|100000277|DR Lee MD|2|100000277|PV000277|DR Lee MD|8179 MEDICAL PLAZA||CO MEDICAL CTR|CO|27614|4|07|P|P|20260522|20260529|20260312|20260316|20260530||||05|392|93000||I|Y|02||1|||13|05|0730|212|2|2|1168.80|1168.80|473.35|0.00|0.00|PR1|CO45||695.45|695.45||40.00|40.00|69.55|108.48|108.48|477.42|477.42|0.00|0.00|0.00|473.35|0.00|0.00|0.00||N|||W000000659|P|W000000659|0|1|0.00|||2|07||1168.80||N||||||1||07|2000000277|N|0.00|0.00|07|13|4|4|20260312|20260316|GT|TC||||||||K21.0|J30.9|R51||||||||93000|||||||108.48|40.00|69.55|N|4||AETNA
002026060100000082|1234567|0987654|N|001|AC123456|03|P|N||PPO|02|PKG0042|PPO001|1|F|W000000307|Miller|Alexander|M|19830609|66551|IL|EE|381652441|W000000307|W000000307|Miller|Alexander|M|EE|19830609|202606010000082|ACAS2026060100000082||TCN2026060100000082|SRC2026060100000082|002026060100000082|NY0001|NY0001||2|100000297|DR Rodriguez MD|2|100000297|PV000297|DR Rodriguez MD|3017 MEDICAL PLAZA||NY MEDICAL CTR|NY|41341|1|12|P|P|20260428|20260527|20260420|20260420|20260530||||||71046|AT|P|Y|03||M|||11||||1|1|62.69|62.69|39.81|0.00|0.00|PR1|CO45||22.88|22.88||20.00|20.00|2.73|0.03|0.03|0.12|0.12|0.00|0.00|0.00|39.81|0.00|0.00|0.00||N|||W000000307|P|W000000307|0|0|0.00|||1|12||62.69||Y|Y|||||1||12|2000000297|N|0.00|0.00|12|11|||||59|26||||||||I50.9|M79.3|||||||||71046|||||||0.03|20.00|2.73|N|||AETNA
002026060100000083|1234567|0987654|N|001|AC123456|03|P|N||PPO|01|PKG0042|PPO001|3|F|W000000113|Rodriguez|Matthew|M|19720710|51288|FL|EE|770568116|W000000113|W000000113|Rodriguez|Matthew|M|EE|19720710|202606010000083|ACAS2026060100000083||TCN2026060100000083|SRC2026060100000083|002026060100000083|NY0001|NY0001||2|100000288|DR Young MD|2|100000288|PV000288|DR Young MD|890 MEDICAL PLAZA||AZ MEDICAL CTR|AZ|56535|1|03|P|P|20260506|20260527|20260414|20260414|20260529||||||99214||P|Y|07||S|||22||||1|1|1883.59|1883.59|798.78|0.00|0.00|PR1|CO45||1084.81|1084.81||0.00|0.00|236.08|193.24|193.24|655.49|655.49|0.00|0.00|0.00|798.78|0.00|0.00|0.00||N|||W000000113|P|W000000113|0|0|0.00|||3|03||1883.59||Y||||||1||03|2000000288|N|0.00|0.00|03|22|||||26||Y|||||||Z00.00|||S93.401|||||||99214|||||||193.24|0.00|236.08|N|||AETNA
002026060100000084|1234567|0987654|N|001|AC123456|03|P|Y||PPO|02|PKG0042|PPO001|N|F|W000000015|Jackson|Henry|M|19691128|91073|MI|EF||W000000583|W000000583|Jackson|Lucas|M|SP|19830203|202606010000084|ACAS2026060100000084||TCN2026060100000084|SRC2026060100000084|002026060100000084|NY0001|NY0001||2|100000167|DR Miller MD|2|100000167|PV000167|DR Miller MD|2679 MEDICAL PLAZA||NY MEDICAL CTR|NY|11254|1|02|P|N|20260511|20260529|20260324|20260324|20260530||||||99232|TC|P|Y|08||B|||24||||3|3|141.20|141.20|77.72|0.00|0.00|PR1|CO45||63.48|63.48||50.00|50.00|7.17|1.21|1.21|5.10|5.10|0.00|0.00|0.00|77.72|0.00|0.00|0.00||N|||W000000583|P|W000000583|0|0|0.00|||N|02||141.20|||Y|||||1||02|2000000167|N|0.00|0.00|02|24|||||26|||||||||Z79.899|M79.3|||||||||99232|||||||1.21|50.00|7.17|N|||AETNA
002026060100000085|1234567|0987654|N|001|AC123456|03|P|N||PPO|01|PKG0042|PPO001|3|F|W000000222|Williams|Ava|F|19710715|77617|MA|EE||W000000441|W000000441|Williams|James|M|CH|20140109|202606010000085|ACAS2026060100000085||TCN2026060100000085|SRC2026060100000085|002026060100000085|NY0001|NY0001||2|100000061|DR Lewis MD|2|100000061|PV000061|DR Lewis MD|6351 MEDICAL PLAZA||MI MEDICAL CTR|MI|51004|1|01|P|P|20260523|20260528|20260329|20260329|20260530||||||97110|59|P|Y|02||A|||23||||3|2|1362.18|1362.18|1017.02|0.00|0.00|PR1|CO45||345.16|345.16||40.00|40.00|59.93|59.84|59.84|185.39|185.39|0.00|0.00|0.00|1017.02|0.00|0.00|0.00||N|||W000000441|P|W000000441|0|0|0.00|||3|01||1362.18||||||||1||01|2000000061|N|0.00|0.00|01|23|||||GT|GT||||||||K57.30|||R51|||||||97110|||||||59.84|40.00|59.93|N|||AETNA
002026060100000086|1234567|0987654|N|001|AC123456|03|P|N||PPO|01|PKG0042|PPO001|1|F|W000000381|Harris|Oliver|M|19851001|73289|NJ|EE||W000000491|W000000491|Harris|Ava|F|CH|20070526|202606010000086|ACAS2026060100000086||TCN2026060100000086|SRC2026060100000086|002026060100000086|NY0001|NY0001||2|100000252|DR Ramirez MD|2|100000252|PV000252|DR Ramirez MD|4694 MEDICAL PLAZA||TX MEDICAL CTR|TX|25209|1|12|P|P|20260506|20260525|20260516|20260516|20260529||||||99214|50|P|Y|02||A|||11||||1|3|312.53|312.53|85.08|0.00|0.00|PR1|CO45||227.45|227.45||50.00|50.00|48.48|29.77|29.77|99.20|99.20|0.00|0.00|0.00|85.08|0.00|0.00|0.00||N|||W000000491|P|W000000491|0|0|0.00|||1|12||312.53||N|N|||||1||12|2000000252|N|0.00|0.00|12|11|||||50|59||||||||Z23|F32.9|||||||||99214|||||||29.77|50.00|48.48|N|||AETNA
002026060100000087|1234567|0987654|N|001|AC123456|03|P|N||PPO|02|PKG0042|PPO001|3|F|W000000069|Lewis|Carter|M|19740609|13393|NC|EE|407502389|W000000069|W000000069|Lewis|Carter|M|EE|19740609|202606010000087|ACAS2026060100000087||TCN2026060100000087|SRC2026060100000087|002026060100000087|NY0001|NY0001||2|100000241|DR Taylor MD|2|100000241|PV000241|DR Taylor MD|1181 MEDICAL PLAZA||WA MEDICAL CTR|WA|10127|1|01|P|P|20260506|20260521|20260331|20260331|20260522||||||99205|TC|P|Y|04||F|||23||||3|1|1622.25|1622.25|512.27|0.00|0.00|PR1|CO45||1109.98|1109.98||30.00|30.00|65.06|154.58|154.58|860.34|860.34|0.00|0.00|0.00|512.27|0.00|0.00|0.00||N|||W000000069|P|W000000069|0|0|0.00|||3|01||1622.25||N||||||1||01|2000000241|N|0.00|0.00|01|23|||||59|25||N||||||S93.401|S93.401|||E78.5||||||99205|||||||154.58|30.00|65.06|N|||AETNA
002026060100000088|1234567|0987654|N|001|AC123456|03|P|N||PPO|02|PKG0042|PPO001|1|F|W000000219|Ramirez|Jackson|M|19660210|23355|TX|EF|615342018|W000000219|W000000219|Ramirez|Jackson|M|EE|19660210|202606010000088|ACAS2026060100000088||TCN2026060100000088|SRC2026060100000088|002026060100000088|NY0001|NY0001||2|100000298|DR Martinez MD|2|100000298|PV000298|DR Martinez MD|4397 MEDICAL PLAZA||MI MEDICAL CTR|MI|49363|1|38|P|P|20260505|20260524|20260310|20260310|20260528||||||99395|AT|P|Y|03||1|||99||||2|2|10167.35|10167.35|6146.99|0.00|0.00|PR1|CO45||4020.36|4020.36||40.00|40.00|1138.86|650.66|650.66|2190.84|2190.84|0.00|0.00|0.00|6146.99|0.00|0.00|0.00||N|||W000000219|P|W000000219|0|0|0.00|||1|38||10167.35||||||||1||38|2000000298|N|0.00|0.00|38|99|||||50|26||||||||G47.33||||||||||99395|||||||650.66|40.00|1138.86|N|||AETNA
002026060100000089|1234567|0987654|N|001|AC123456|03|P|N||PPO|01|PKG0042|PPO001|2|F|W000000328|Rodriguez|Harper|F|19900516|83643|CA|EC||W000000538|W000000538|Rodriguez|Ava|F|CH|20060322|202606010000089|ACAS2026060100000089||TCN2026060100000089|SRC2026060100000089|002026060100000089|NY0001|NY0001||2|100000196|DR Brown MD|2|100000196|PV000196|DR Brown MD|8580 MEDICAL PLAZA||NC MEDICAL CTR|NC|51941|1|01|P|P|20260518|20260524|20260325|20260325|20260527||||||90834|GT|P|Y|06||F|||22||||2|3|96.33|96.33|24.19|0.00|0.00|PR1|CO45||72.14|72.14||75.00|75.00|7.71|0.00|0.00|0.00|0.00|0.00|0.00|0.00|24.19|0.00|0.00|0.00||N|||W000000538|P|W000000538|0|0|0.00|||2|01||96.33||||N||||1||01|2000000196|N|0.00|0.00|01|22|||||AT|TC||||||||E66.9|J44.1|I25.10||||||||90834|||||||0.00|75.00|7.71|N|||AETNA
002026060100000090|1234567|0987654|N|001|AC123456|03|P|N||PPO|03|PKG0042|PPO001|3|F|W000000015|Jackson|Henry|M|19691128|91073|MI|EF||W000000583|W000000583|Jackson|Lucas|M|SP|19830203|202606010000090|ACAS2026060100000090||TCN2026060100000090|SRC2026060100000090|002026060100000090|NY0001|NY0001||2|100000043|DR Hernandez MD|2|100000043|PV000043|DR Hernandez MD|7648 MEDICAL PLAZA||WA MEDICAL CTR|WA|75181|1|38|P|P|20260509|20260527|20260417|20260417|20260530||||||71046|95|P|Y|02||S|||12||||3|1|1201.19|1201.19|710.43|0.00|0.00|PR1|CO45||490.76|490.76||20.00|20.00|61.74|56.68|56.68|352.34|352.34|0.00|0.00|0.00|710.43|0.00|0.00|0.00||N|||W000000583|P|W000000583|0|0|0.00|||3|38||1201.19||||||||1||38|2000000043|N|0.00|0.00|38|12||||||AT||||||||R51||||||||||71046|||||||56.68|20.00|61.74|N|||AETNA
002026060100000091|1234567|0987654|N|001|AC123456|01|I|N||PPO|03|PKG0042|PPO001|2|F|W000000305|Smith|Sofia|F|19640405|99392|IL|ES|818314747|W000000305|W000000305|Smith|Sofia|F|EE|19640405|202606010000091|ACAS2026060100000091||TCN2026060100000091|SRC2026060100000091|002026060100000091|NY0001|NY0001||2|100000151|DR Thompson MD|2|100000151|PV000151|DR Thompson MD|3225 MEDICAL PLAZA||OH MEDICAL CTR|OH|88014|4|01|P|P|20260510|20260529|20260413|20260415|20260601||||04|683|71046||I|Y|02||N|||23|02|0636|131|2|2|143.03|143.03|74.46|0.00|0.00|PR1|CO45||68.57|68.57||40.00|40.00|14.37|2.72|2.72|11.48|11.48|0.00|0.00|0.00|74.46|0.00|0.00|0.00||N|||W000000305|P|W000000305|0|1|0.00|||2|01||143.03|||N|||||1||01|2000000151|N|0.00|0.00|01|23||4|20260413|20260415|GT|50||||||||M79.3|R51|M79.3||||||||71046|||||||2.72|40.00|14.37|N|4||AETNA
002026060100000092|1234567|0987654|N|001|AC123456|03|P|Y||PPO|02|PKG0042|PPO001|N|F|W000000303|Wilson|Samuel|M|19730228|31300|MI|EC||W000000564|W000000564|Wilson|Ethan|M|CH|20130120|202606010000092|ACAS2026060100000092||TCN2026060100000092|SRC2026060100000092|002026060100000092|NY0001|NY0001||2|100000135|DR Miller MD|2|100000135|PV000135|DR Miller MD|1570 MEDICAL PLAZA||GA MEDICAL CTR|GA|14703|1|50|P|N|20260501|20260513|20260505|20260505|20260517||||||80053||P|Y|02||4|||11||||2|3|956.00|956.00|310.10|0.00|0.00|PR1|CO45||645.90|645.90||0.00|0.00|117.96|75.11|75.11|452.83|452.83|0.00|0.00|0.00|310.10|0.00|0.00|0.00||N|||W000000564|P|W000000564|0|0|0.00|||N|50||956.00||||Y||||1||50|2000000135|N|0.00|0.00|50|11||||||25||||||||G43.909|J18.9|J06.9||||||||80053|||||||75.11|0.00|117.96|N|||AETNA
002026060100000093|1234567|0987654|N|001|AC123456|01|I|Y||PPO|02|PKG0042|PPO001|N|F|W000000380|Martinez|Zoey|F|19750201|65448|WA|EF||W000000590|W000000590|Martinez|Ava|F|CH|20030518|202606010000093|ACAS2026060100000093||TCN2026060100000093|SRC2026060100000093|002026060100000093|NY0001|NY0001||2|100000253|DR Lewis MD|2|100000253|PV000253|DR Lewis MD|2059 MEDICAL PLAZA||MI MEDICAL CTR|MI|45346|4|38|P|N|20260514|20260520|20260401|20260404|20260522||||01|392|99395||I|Y|02||2|||21|04|0450|132|1|3|557.94|557.94|333.48|0.00|0.00|PR1|CO45||224.46|224.46||0.00|0.00|29.64|38.46|38.46|156.36|156.36|0.00|0.00|0.00|333.48|0.00|0.00|0.00||N|||W000000590|P|W000000590|0|1|0.00|||N|38||557.94||||||||1||38|2000000253|N|0.00|0.00|38|21|1||20260401|20260404||||||||||M17.11|N39.0|||||||||99395|||||||38.46|0.00|29.64|N|||AETNA
002026060100000094|1234567|0987654|N|001|AC123456|01|I|Y||PPO|03|PKG0042|PPO001|N|F|W000000272|Walker|Aria|F|19670318|72242|PA|ES|976195640|W000000272|W000000272|Walker|Aria|F|EE|19670318|202606010000094|ACAS2026060100000094||TCN2026060100000094|SRC2026060100000094|002026060100000094|NY0001|NY0001||2|100000118|DR Perez MD|2|100000118|PV000118|DR Perez MD|2415 MEDICAL PLAZA||VA MEDICAL CTR|VA|30742|4|38|P|N|20260428|20260527|20260507|20260511|20260531||||11|195|36415|TC|I|Y|06||B|||12|07|0636|212|2|2|742.72|742.72|389.73|0.00|0.00|PR1|CO45||352.99|352.99||75.00|75.00|68.81|23.86|23.86|185.32|185.32|0.00|0.00|0.00|389.73|0.00|0.00|0.00||N|||W000000272|P|W000000272|0|1|0.00|||N|38||742.72||||||||1||38|2000000118|N|0.00|0.00|38|12|7|2|20260507|20260511|50|25|N|||||||K21.0|J18.9|J18.9|K21.0|J44.1||||||36415|||||||23.86|75.00|68.81|N|2||AETNA
002026060100000095|1234567|0987654|N|001|AC123456|03|P|N||PPO|01|PKG0042|PPO001|3|F|W000000038|Sanchez|David|M|19860820|86417|IL|EC||W000000629|W000000629|Sanchez|Elijah|M|CH|20040628|202606010000095|ACAS2026060100000095||TCN2026060100000095|SRC2026060100000095|002026060100000095|NY0001|NY0001||2|100000099|DR Williams MD|2|100000099|PV000099|DR Williams MD|6215 MEDICAL PLAZA||CO MEDICAL CTR|CO|62718|1|09|P|P|20260424|20260516|20260428|20260428|20260517||||||99204|26|P|Y|07||A|||24||||2|1|306.45|306.45|127.85|0.00|0.00|PR1|CO45||178.60|178.60||0.00|0.00|48.37|27.36|27.36|102.87|102.87|0.00|0.00|0.00|127.85|0.00|0.00|0.00||N|||W000000629|P|W000000629|0|0|0.00|||3|09||306.45||Y|N|||||1||09|2000000099|N|0.00|0.00|09|24|||||51|59||||||||F32.9|E11.65|||||||||99204|||||||27.36|0.00|48.37|N|||AETNA
002026060100000096|1234567|0987654|N|001|AC123456|03|P|Y||PPO|02|PKG0042|PPO001|N|F|W000000202|Miller|Carter|M|19750610|49187|TX|ES|407986662|W000000202|W000000202|Miller|Carter|M|EE|19750610|202606010000096|ACAS2026060100000096||TCN2026060100000096|SRC2026060100000096|002026060100000096|NY0001|NY0001||2|100000025|DR Harris MD|2|100000025|PV000025|DR Harris MD|3411 MEDICAL PLAZA||IL MEDICAL CTR|IL|28165|1|10|P|N|20260426|20260516|20260505|20260505|20260518||||||71046|59|P|Y|07||1|||13||||2|1|1291.37|1291.37|884.29|0.00|0.00|PR1|CO45||407.08|407.08||40.00|40.00|97.73|43.90|43.90|225.45|225.45|0.00|0.00|0.00|884.29|0.00|0.00|0.00||N|||W000000202|P|W000000202|0|0|0.00|||N|10||1291.37||Y|N|Y||||1||10|2000000025|N|0.00|0.00|10|13|||||TC|95|Y|||||||E78.5|F41.9|I10|E66.9|||||||71046|||||||43.90|40.00|97.73|N|||AETNA
002026060100000097|1234567|0987654|N|001|AC123456|01|I|Y||PPO|01|PKG0042|PPO001|N|F|W000000168|Lee|Logan|M|19650602|99824|NC|EE|797726296|W000000168|W000000168|Lee|Logan|M|EE|19650602|202606010000097|ACAS2026060100000097||TCN2026060100000097|SRC2026060100000097|002026060100000097|NY0001|NY0001||2|100000251|DR Clark MD|2|100000251|PV000251|DR Clark MD|5895 MEDICAL PLAZA||NJ MEDICAL CTR|NJ|13985|4|11|P|N|20260419|20260513|20260429|20260429|20260516||||03|293|99232|26|I|Y|07||N|||99|03|0730|131|3|1|194.20|194.20|194.20|0.00|0.00||CO45||0.00|0.00||40.00|40.00|0.00|0.00|0.00|0.00|0.00|0.00|0.00|0.00|0.00|0.00|0.00|0.00||N|||W000000168|D|W000000168|0|1|0.00|||N|11||194.20||N|N|||||1||11|2000000251|N|0.00|0.00|11|99|1|3|20260429|20260429||AT||||||||Z23|M54.5|||||||||99232|||||||0.00|40.00|0.00|N|3||AETNA
002026060100000098|1234567|0987654|N|001|AC123456|03|P|N||PPO|01|PKG0042|PPO001|1|F|W000000178|Williams|Harper|F|19730428|15638|OH|EC||W000000478|W000000478|Williams|Daniel|M|SP|19930709|202606010000098|ACAS2026060100000098||TCN2026060100000098|SRC2026060100000098|002026060100000098|NY0001|NY0001||2|100000227|DR Williams MD|2|100000227|PV000227|DR Williams MD|6138 MEDICAL PLAZA||CA MEDICAL CTR|CA|60504|1|02|P|P|20260507|20260528|20260426|20260426|20260601||||||82947||P|Y|07||1|||11||||2|1|1911.02|1911.02|1137.62|0.00|0.00|PR1|CO45||773.40|773.40||50.00|50.00|59.96|68.92|68.92|594.52|594.52|0.00|0.00|0.00|1137.62|0.00|0.00|0.00||N|||W000000478|P|W000000478|0|0|0.00|||1|02||1911.02||N||||||1||02|2000000227|N|0.00|0.00|02|11||||||51||||||||F41.9||||||||||82947|||||||68.92|50.00|59.96|N|||AETNA
002026060100000099|1234567|0987654|N|001|AC123456|03|P|N||PPO|02|PKG0042|PPO001|2|F|W000000095|Brown|Nora|F|19790626|50299|GA|ES||W000000446|W000000446|Brown|Riley|F|CH|20190611|202606010000099|ACAS2026060100000099||TCN2026060100000099|SRC2026060100000099|002026060100000099|NY0001|NY0001||2|100000013|DR Gonzalez MD|2|100000013|PV000013|DR Gonzalez MD|6231 MEDICAL PLAZA||FL MEDICAL CTR|FL|96828|1|38|P|P|20260511|20260519|20260520|20260520|20260521||||||99203|GT|P|Y|07||4|||23||||3|1|469.72|469.72|193.34|0.00|0.00|PR1|CO45||276.38|276.38||40.00|40.00|34.77|41.19|41.19|160.42|160.42|0.00|0.00|0.00|193.34|0.00|0.00|0.00||N|||W000000446|P|W000000446|0|0|0.00|||2|38||469.72||Y|Y|||||1||38|2000000013|N|0.00|0.00|38|23||||||51||||||||Z87.891|S93.401|||||||||99203|||||||41.19|40.00|34.77|N|||AETNA
002026060100000100|1234567|0987654|N|001|AC123456|01|I|N||PPO|02|PKG0042|PPO001|2|F|W000000098|Taylor|Alexander|M|19850323|42178|TX|EE|883113461|W000000098|W000000098|Taylor|Alexander|M|EE|19850323|202606010000100|ACAS2026060100000100||TCN2026060100000100|SRC2026060100000100|002026060100000100|NY0001|NY0001||2|100000131|DR Williams MD|2|100000131|PV000131|DR Williams MD|4235 MEDICAL PLAZA||NC MEDICAL CTR|NC|68035|4|11|P|P|20260427|20260513|20260328|20260329|20260514||||10|379|80061|50|I|Y|02||B|||99|01|0636|122|3|2|201.89|201.89|137.69|0.00|0.00|PR1|CO45||64.20|64.20||50.00|50.00|10.67|0.62|0.62|2.91|2.91|0.00|0.00|0.00|137.69|0.00|0.00|0.00||N|||W000000098|P|W000000098|0|1|0.00|||2|11||201.89||N|Y|||||1||11|2000000131|N|0.00|0.00|11|99|7|4|20260328|20260329|95|25||||||||S93.401|S93.401|||||||||80061|||||||0.62|50.00|10.67|N|4||AETNA
002026060100000101|1234567|0987654|N|001|AC123456|01|I|N||PPO|02|PKG0042|PPO001|2|F|W000000015|Jackson|Henry|M|19691128|91073|MI|EF||W000000583|W000000583|Jackson|Lucas|M|SP|19830203|202606010000101|ACAS2026060100000101||TCN2026060100000101|SRC2026060100000101|002026060100000101|NY0001|NY0001||2|100000144|DR Thomas MD|2|100000144|PV000144|DR Thomas MD|8635 MEDICAL PLAZA||MI MEDICAL CTR|MI|23820|4|09|P|P|20260419|20260516|20260420|20260421|20260518||||11|871|99203||I|Y|06||4|||11|04|0370|112|1|2|2580.39|2580.39|1635.02|0.00|0.00|PR1|CO45||945.37|945.37||75.00|75.00|12.53|166.24|166.24|691.60|691.60|0.00|0.00|0.00|1635.02|0.00|0.00|0.00||N|||W000000583|P|W000000583|0|1|0.00|||2|09||2580.39||||N||||1||09|2000000144|N|0.00|0.00|09|11|1||20260420|20260421||||||||||Z79.899||Z87.891||||||||99203|||||||166.24|75.00|12.53|N|||AETNA
002026060100000102|1234567|0987654|N|001|AC123456|03|P|N||PPO|01|PKG0042|PPO001|2|F|W000000140|Rodriguez|Logan|M|19900923|10631|PA|EF|699211199|W000000140|W000000140|Rodriguez|Logan|M|EE|19900923|202606010000102|ACAS2026060100000102||TCN2026060100000102|SRC2026060100000102|002026060100000102|NY0001|NY0001||2|100000141|DR Gonzalez MD|2|100000141|PV000141|DR Gonzalez MD|6193 MEDICAL PLAZA||OH MEDICAL CTR|OH|94083|1|06|P|P|20260515|20260527|20260308|20260308|20260530||||||99291|59|P|Y|07||M|||13||||2|3|628.14|628.14|247.68|0.00|0.00|PR1|CO45||380.46|380.46||50.00|50.00|87.86|35.75|35.75|206.85|206.85|0.00|0.00|0.00|247.68|0.00|0.00|0.00||N|||W000000140|P|W000000140|0|0|0.00|||2|06||628.14||||||||1||06|2000000141|N|0.00|0.00|06|13||||||59|N|||||||J44.1|F32.9||J45.909|||||||99291|||||||35.75|50.00|87.86|N|||AETNA
002026060100000103|1234567|0987654|N|001|AC123456|03|P|N||PPO|02|PKG0042|PPO001|3|F|W000000303|Wilson|Samuel|M|19730228|31300|MI|EC||W000000564|W000000564|Wilson|Ethan|M|CH|20130120|202606010000103|ACAS2026060100000103||TCN2026060100000103|SRC2026060100000103|002026060100000103|NY0001|NY0001||2|100000276|DR Martin MD|2|100000276|PV000276|DR Martin MD|7850 MEDICAL PLAZA||GA MEDICAL CTR|GA|84696|1|06|P|P|20260416|20260515|20260512|20260512|20260516||||||80061|TC|P|Y|05||4|||21||||2|2|3366.03|3366.03|2261.59|0.00|0.00|PR1|CO45||1104.44|1104.44||50.00|50.00|107.17|115.45|115.45|831.82|831.82|0.00|0.00|0.00|2261.59|0.00|0.00|0.00||N|||W000000564|P|W000000564|0|0|0.00|||3|06||3366.03||||Y||||1||06|2000000276|N|0.00|0.00|06|21|||||25|TC||||||||Z00.00|E78.5|K57.30||||||||80061|||||||115.45|50.00|107.17|N|||AETNA
002026060100000104|1234567|0987654|N|001|AC123456|03|P|Y||PPO|02|PKG0042|PPO001|N|F|W000000006|Williams|Liam|M|19920115|23243|VA|EE|274813787|W000000006|W000000006|Williams|Liam|M|EE|19920115|202606010000104|ACAS2026060100000104||TCN2026060100000104|SRC2026060100000104|002026060100000104|NY0001|NY0001||2|100000046|DR Wilson MD|2|100000046|PV000046|DR Wilson MD|1452 MEDICAL PLAZA||IL MEDICAL CTR|IL|58470|1|01|P|N|20260517|20260523|20260401|20260401|20260524||||||99203|GT|P|Y|04||N|||99||||3|1|1878.36|1878.36|1012.42|0.00|0.00|PR1|CO45||865.94|865.94||0.00|0.00|73.41|131.02|131.02|661.51|661.51|0.00|0.00|0.00|1012.42|0.00|0.00|0.00||N|||W000000006|P|W000000006|0|0|0.00|||N|01||1878.36||Y||||||1||01|2000000046|N|0.00|0.00|01|99||||||GT||||||||Z00.00||||||||||99203|||||||131.02|0.00|73.41|N|||AETNA
002026060100000105|1234567|0987654|N|001|AC123456|01|I|Y||PPO|03|PKG0042|PPO001|N|F|W000000299|Martin|Noah|M|19701104|22441|VA|EE||W000000558|W000000558|Martin|Aria|F|CH|20090907|202606010000105|ACAS2026060100000105||TCN2026060100000105|SRC2026060100000105|002026060100000105|NY0001|NY0001||2|100000092|DR Ramirez MD|2|100000092|PV000092|DR Ramirez MD|9683 MEDICAL PLAZA||OH MEDICAL CTR|OH|97609|4|02|P|N|20260509|20260522|20260512|20260513|20260526||||11|379|99291||I|Y|02||N|||12|02|0300|131|1|1|337.50|337.50|132.83|0.00|0.00|PR1|CO45||204.67|204.67||20.00|20.00|15.92|40.77|40.77|127.98|127.98|0.00|0.00|0.00|132.83|0.00|0.00|0.00||N|||W000000558|P|W000000558|0|1|0.00|||N|02||337.50||||||||1||02|2000000092|N|0.00|0.00|02|12|2||20260512|20260513|TC|50||||||||M54.5||E78.5|J18.9|||||||99291|||||||40.77|20.00|15.92|N|||AETNA
002026060100000106|1234567|0987654|N|001|AC123456|03|P|Y||PPO|01|PKG0042|PPO001|N|F|W000000352|Williams|Harper|F|19710926|36114|CA|EE||W000000551|W000000551|Williams|Benjamin|M|CH|20120324|202606010000106|ACAS2026060100000106||TCN2026060100000106|SRC2026060100000106|002026060100000106|NY0001|NY0001||2|100000055|DR Thompson MD|2|100000055|PV000055|DR Thompson MD|305 MEDICAL PLAZA||CO MEDICAL CTR|CO|65073|1|10|P|N|20260508|20260521|20260411|20260411|20260523||||||85025|51|P|Y|03||B|||31||||2|2|618.79|618.79|227.26|0.00|0.00|PR1|CO45||391.53|391.53||30.00|30.00|33.29|44.04|44.04|284.20|284.20|0.00|0.00|0.00|227.26|0.00|0.00|0.00||N|||W000000551|P|W000000551|0|0|0.00|||N|10||618.79||||||||1||10|2000000055|N|0.00|0.00|10|31||||||||||||||Z87.891|F32.9|||||||||85025|||||||44.04|30.00|33.29|N|||AETNA
002026060100000107|1234567|0987654|N|001|AC123456|01|I|N||PPO|01|PKG0042|PPO001|1|F|W000000007|Davis|James|M|19610916|98986|MI|EE||W000000547|W000000547|Davis|Scarlett|F|SP|19670505|202606010000107|ACAS2026060100000107||TCN2026060100000107|SRC2026060100000107|002026060100000107|NY0001|NY0001||2|100000074|DR Martinez MD|2|100000074|PV000074|DR Martinez MD|405 MEDICAL PLAZA||GA MEDICAL CTR|GA|10297|4|40|P|P|20260427|20260517|20260416|20260418|20260519||||02|379|80061||I|Y|01||N|||12|04|0450|112|1|3|737.22|737.22|517.94|0.00|0.00|PR1|CO45||219.28|219.28||40.00|40.00|22.24|31.62|31.62|125.42|125.42|0.00|0.00|0.00|517.94|0.00|0.00|0.00||N|||W000000547|P|W000000547|0|1|0.00|||1|40||737.22||||||||1||40|2000000074|N|0.00|0.00|40|12|4|3|20260416|20260418||26||||||||I25.10|J06.9|||||||||80061|||||||31.62|40.00|22.24|N|3||AETNA
002026060100000108|1234567|0987654|N|001|AC123456|03|P|N||PPO|03|PKG0042|PPO001|1|F|W000000174|Thomas|Logan|M|19770505|86916|IL|EF||W000000466|W000000466|Thomas|Henry|M|CH|20170910|202606010000108|ACAS2026060100000108||TCN2026060100000108|SRC2026060100000108|002026060100000108|NY0001|NY0001||2|100000273|DR Taylor MD|2|100000273|PV000273|DR Taylor MD|712 MEDICAL PLAZA||GA MEDICAL CTR|GA|42402|1|03|P|P|20260520|20260529|20260419|20260419|20260602||||||99214|26|P|Y|05||S|||12||||1|1|2434.16|2434.16|788.67|0.00|0.00|PR1|CO45||1645.49|1645.49||50.00|50.00|298.57|139.39|139.39|1157.53|1157.53|0.00|0.00|0.00|788.67|0.00|0.00|0.00||N|||W000000466|P|W000000466|0|0|0.00|||1|03||2434.16||Y|N|Y||||1||03|2000000273|N|0.00|0.00|03|12|||||95|26||N||||||Z87.891|E11.9|Z12.31||G47.33||||||99214|||||||139.39|50.00|298.57|N|||AETNA
002026060100000109|1234567|0987654|N|001|AC123456|03|P|N||PPO|01|PKG0042|PPO001|2|F|W000000331|Jackson|Benjamin|M|19860928|72284|GA|EE|927481360|W000000331|W000000331|Jackson|Benjamin|M|EE|19860928|202606010000109|ACAS2026060100000109||TCN2026060100000109|SRC2026060100000109|002026060100000109|NY0001|NY0001||2|100000283|DR Clark MD|2|100000283|PV000283|DR Clark MD|9823 MEDICAL PLAZA||MA MEDICAL CTR|MA|32562|1|38|P|P|20260511|20260521|20260402|20260402|20260522||||||99204|50|P|Y|03||4|||99||||2|1|964.77|964.77|374.34|0.00|0.00|PR1|CO45||590.43|590.43||50.00|50.00|103.37|90.78|90.78|346.28|346.28|0.00|0.00|0.00|374.34|0.00|0.00|0.00||N|||W000000331|P|W000000331|0|0|0.00|||2|38||964.77||||||||1||38|2000000283|N|0.00|0.00|38|99|||||51|TC||||||||Z12.31||J18.9||||||||99204|||||||90.78|50.00|103.37|N|||AETNA
002026060100000110|1234567|0987654|N|001|AC123456|01|I|N||PPO|01|PKG0042|PPO001|1|F|W000000291|Martin|Sophia|F|19700126|93105|OH|EF||W000000494|W000000494|Martin|Sebastian|M|CH|20030112|202606010000110|ACAS2026060100000110||TCN2026060100000110|SRC2026060100000110|002026060100000110|NY0001|NY0001||2|100000014|DR Wilson MD|2|100000014|PV000014|DR Wilson MD|6416 MEDICAL PLAZA||NC MEDICAL CTR|NC|51690|4|40|P|P|20260425|20260516|20260318|20260319|20260517||||04|194|99396|26|I|Y|06||1|||99|02|0200|212|2|3|772.67|772.67|448.42|0.00|0.00|PR1|CO45||324.25|324.25||0.00|0.00|24.87|40.65|40.65|258.73|258.73|0.00|0.00|0.00|448.42|0.00|0.00|0.00||N|||W000000494|P|W000000494|0|1|0.00|||1|40||772.67||||||||1||40|2000000014|N|0.00|0.00|40|99||2|20260318|20260319||GT||||||||J44.1|J18.9|||||||||99396|||||||40.65|0.00|24.87|N|2||AETNA
002026060100000111|1234567|0987654|N|001|AC123456|01|I|N||PPO|02|PKG0042|PPO001|3|F|W000000194|Williams|Logan|M|19690618|24779|AZ|ES|244889270|W000000194|W000000194|Williams|Logan|M|EE|19690618|202606010000111|ACAS2026060100000111||TCN2026060100000111|SRC2026060100000111|002026060100000111|NY0001|NY0001||2|100000190|DR Robinson MD|2|100000190|PV000190|DR Robinson MD|6462 MEDICAL PLAZA||CA MEDICAL CTR|CA|91885|4|10|P|P|20260509|20260521|20260501|20260501|20260522||||10|195|36415||I|Y|05||M|||23|07|0900|112|2|1|561.21|561.21|206.58|0.00|0.00|PR1|CO45||354.63|354.63||20.00|20.00|21.96|52.44|52.44|260.23|260.23|0.00|0.00|0.00|206.58|0.00|0.00|0.00||N|||W000000194|P|W000000194|0|1|0.00|||3|10||561.21||N||||||1||10|2000000190|N|0.00|0.00|10|23|5|4|20260501|20260501|AT|AT|N|||||||G43.909|I10||F32.9|||||||36415|||||||52.44|20.00|21.96|N|4||AETNA
002026060100000112|1234567|0987654|N|001|AC123456|03|P|N||PPO|03|PKG0042|PPO001|2|F|W000000007|Davis|James|M|19610916|98986|MI|EE||W000000547|W000000547|Davis|Scarlett|F|SP|19670505|202606010000112|ACAS2026060100000112||TCN2026060100000112|SRC2026060100000112|002026060100000112|NY0001|NY0001||2|100000070|DR Garcia MD|2|100000070|PV000070|DR Garcia MD|3514 MEDICAL PLAZA||CO MEDICAL CTR|CO|56817|1|10|P|P|20260430|20260526|20260316|20260316|20260530||||||80061||P|Y|04||F|||22||||1|1|637.16|637.16|245.85|0.00|0.00|PR1|CO45||391.31|391.31||0.00|0.00|97.01|45.66|45.66|248.64|248.64|0.00|0.00|0.00|245.85|0.00|0.00|0.00||N|||W000000547|P|W000000547|0|0|0.00|||2|10||637.16||N|N|||||1||10|2000000070|N|0.00|0.00|10|22|||||TC|59||||||||Z12.31|J18.9|R05||||||||80061|||||||45.66|0.00|97.01|N|||AETNA
002026060100000113|1234567|0987654|N|001|AC123456|03|P|Y||PPO|02|PKG0042|PPO001|N|F|W000000389|Wilson|Jacob|M|19670418|27706|NJ|EC|196396750|W000000389|W000000389|Wilson|Jacob|M|EE|19670418|202606010000113|ACAS2026060100000113||TCN2026060100000113|SRC2026060100000113|002026060100000113|NY0001|NY0001||2|100000058|DR Sanchez MD|2|100000058|PV000058|DR Sanchez MD|5247 MEDICAL PLAZA||NC MEDICAL CTR|NC|27091|1|38|P|N|20260504|20260530|20260512|20260512|20260531||||||99291||P|Y|02||4|||12||||3|3|2016.07|2016.07|906.33|0.00|0.00|PR1|CO45||1109.74|1109.74||40.00|40.00|30.87|121.47|121.47|917.40|917.40|0.00|0.00|0.00|906.33|0.00|0.00|0.00||N|||W000000389|P|W000000389|0|0|0.00|||N|38||2016.07||Y||||||1||38|2000000058|N|0.00|0.00|38|12|||||AT|TC||||||||F41.9|||J44.1|||||||99291|||||||121.47|40.00|30.87|N|||AETNA
002026060100000114|1234567|0987654|N|001|AC123456|03|P|Y||PPO|01|PKG0042|PPO001|N|F|W000000322|Rodriguez|Olivia|F|19741114|49355|MI|ES|555615650|W000000322|W000000322|Rodriguez|Olivia|F|EE|19741114|202606010000114|ACAS2026060100000114||TCN2026060100000114|SRC2026060100000114|002026060100000114|NY0001|NY0001||2|100000088|DR White MD|2|100000088|PV000088|DR White MD|5502 MEDICAL PLAZA||WA MEDICAL CTR|WA|45945|1|38|P|N|20260509|20260521|20260503|20260503|20260524||||||71046|AT|P|Y|08||A|||22||||1|3|667.24|667.24|314.11|0.00|0.00|PR1|CO45||353.13|353.13||40.00|40.00|54.33|39.30|39.30|219.50|219.50|0.00|0.00|0.00|314.11|0.00|0.00|0.00||N|||W000000322|P|W000000322|0|0|0.00|||N|38||667.24|||Y|N||||1||38|2000000088|N|0.00|0.00|38|22|||||95|||||||||I25.10|Z23|Z00.00||||||||71046|||||||39.30|40.00|54.33|N|||AETNA
002026060100000115|1234567|0987654|N|001|AC123456|03|P|N||PPO|03|PKG0042|PPO001|3|F|W000000354|Taylor|Evelyn|F|19790527|57931|MA|EF|323805672|W000000354|W000000354|Taylor|Evelyn|F|EE|19790527|202606010000115|ACAS2026060100000115||TCN2026060100000115|SRC2026060100000115|002026060100000115|NY0001|NY0001||2|100000059|DR Clark MD|2|100000059|PV000059|DR Clark MD|259 MEDICAL PLAZA||PA MEDICAL CTR|PA|29066|1|40|P|P|20260430|20260518|20260501|20260501|20260520||||||93000|50|P|Y|07||N|||24||||1|1|475.45|475.45|475.45|0.00|0.00||CO45||0.00|0.00||0.00|0.00|0.00|0.00|0.00|0.00|0.00|0.00|0.00|0.00|0.00|0.00|0.00|0.00||N|||W000000354|D|W000000354|0|0|0.00|||3|40||475.45|||N|||||1||40|2000000059|N|0.00|0.00|40|24|||||GT|AT||||||||Z87.891|I10|Z87.891||||||||93000|||||||0.00|0.00|0.00|N|||AETNA
002026060100000116|1234567|0987654|N|001|AC123456|01|I|N||PPO|03|PKG0042|PPO001|1|F|W000000399|Rodriguez|James|M|19711107|76415|GA|EE|988478614|W000000399|W000000399|Rodriguez|James|M|EE|19711107|202606010000116|ACAS2026060100000116||TCN2026060100000116|SRC2026060100000116|002026060100000116|NY0001|NY0001||2|100000148|DR Martin MD|2|100000148|PV000148|DR Martin MD|5555 MEDICAL PLAZA||AZ MEDICAL CTR|AZ|80792|4|38|P|P|20260508|20260521|20260307|20260310|20260522||||08|196|99396||I|Y|02||S|||31|05|0100|211|3|1|411.65|411.65|103.06|0.00|0.00|PR1|CO45||308.59|308.59||75.00|75.00|53.15|32.18|32.18|148.26|148.26|0.00|0.00|0.00|103.06|0.00|0.00|0.00||N|||W000000399|P|W000000399|0|1|0.00|||1|38||411.65||N||||||1||38|2000000148|N|0.00|0.00|38|31|1||20260307|20260310|GT|||||||||Z87.891|K57.30|Z79.899||||||||99396|||||||32.18|75.00|53.15|N|||AETNA
002026060100000117|1234567|0987654|N|001|AC123456|01|I|N||PPO|01|PKG0042|PPO001|1|F|W000000027|Gonzalez|Daniel|M|19771006|71417|GA|EF|383278103|W000000027|W000000027|Gonzalez|Daniel|M|EE|19771006|202606010000117|ACAS2026060100000117||TCN2026060100000117|SRC2026060100000117|002026060100000117|NY0001|NY0001||2|100000299|DR Hernandez MD|2|100000299|PV000299|DR Hernandez MD|8812 MEDICAL PLAZA||PA MEDICAL CTR|PA|69387|4|40|P|P|20260430|20260513|20260517|20260518|20260517||||04|392|99214|TC|I|Y|05||1|||23|02|0900|111|1|3|415.42|415.42|191.39|0.00|0.00|PR1|CO45||224.03|224.03||20.00|20.00|59.52|35.53|35.53|108.98|108.98|0.00|0.00|0.00|191.39|0.00|0.00|0.00||N|||W000000027|P|W000000027|0|1|0.00|||1|40||415.42||Y||||||1||40|2000000299|N|0.00|0.00|40|23|1|1|20260517|20260518|TC||N|||||||J30.9|||J45.909|||||||99214|||||||35.53|20.00|59.52|N|1||AETNA
002026060100000118|1234567|0987654|N|001|AC123456|03|P|N||PPO|02|PKG0042|PPO001|2|F|W000000098|Taylor|Alexander|M|19850323|42178|TX|EE|883113461|W000000098|W000000098|Taylor|Alexander|M|EE|19850323|202606010000118|ACAS2026060100000118||TCN2026060100000118|SRC2026060100000118|002026060100000118|NY0001|NY0001||2|100000176|DR Thomas MD|2|100000176|PV000176|DR Thomas MD|9818 MEDICAL PLAZA||FL MEDICAL CTR|FL|16948|1|11|P|P|20260429|20260520|20260424|20260424|20260524||||||36415|AT|P|Y|06||N|||23||||2|1|201.99|201.99|201.99|0.00|0.00||CO45||0.00|0.00||40.00|40.00|0.00|0.00|0.00|0.00|0.00|0.00|0.00|0.00|0.00|0.00|0.00|0.00||N|||W000000098|D|W000000098|0|0|0.00|||2|11||201.99||Y||||||1||11|2000000176|N|0.00|0.00|11|23|||||25|AT|Y|||||||K21.0|E78.5||J45.909|||||||36415|||||||0.00|40.00|0.00|N|||AETNA
002026060100000119|1234567|0987654|N|001|AC123456|01|I|N||PPO|02|PKG0042|PPO001|2|F|W000000172|Gonzalez|Jacob|M|19750518|23996|OH|EE|811312781|W000000172|W000000172|Gonzalez|Jacob|M|EE|19750518|202606010000119|ACAS2026060100000119||TCN2026060100000119|SRC2026060100000119|002026060100000119|NY0001|NY0001||2|100000217|DR Harris MD|2|100000217|PV000217|DR Harris MD|6978 MEDICAL PLAZA||IL MEDICAL CTR|IL|72696|4|07|P|P|20260510|20260522|20260421|20260422|20260525||||10|683|90834|TC|I|Y|08||4|||31|05|0200|211|3|2|351.49|351.49|132.82|0.00|0.00|PR1|CO45||218.67|218.67||50.00|50.00|63.87|24.85|24.85|79.95|79.95|0.00|0.00|0.00|132.82|0.00|0.00|0.00||N|||W000000172|P|W000000172|0|1|0.00|||2|07||351.49||Y||||||1||07|2000000217|N|0.00|0.00|07|31|2|2|20260421|20260422|TC|95||||||||K21.0||J44.1||||||||90834|||||||24.85|50.00|63.87|N|2||AETNA
002026060100000120|1234567|0987654|N|001|AC123456|03|P|N||PPO|03|PKG0042|PPO001|3|F|W000000081|Martin|Chloe|F|19930921|24037|WA|EE|788518418|W000000081|W000000081|Martin|Chloe|F|EE|19930921|202606010000120|ACAS2026060100000120||TCN2026060100000120|SRC2026060100000120|002026060100000120|NY0001|NY0001||2|100000148|DR Martin MD|2|100000148|PV000148|DR Martin MD|1146 MEDICAL PLAZA||FL MEDICAL CTR|FL|40397|1|38|P|P|20260522|20260530|20260320|20260320|20260601||||||99205|95|P|Y|03||M|||23||||1|1|2377.15|2377.15|765.67|0.00|0.00|PR1|CO45||1611.48|1611.48||0.00|0.00|421.25|201.43|201.43|988.80|988.80|0.00|0.00|0.00|765.67|0.00|0.00|0.00||N|||W000000081|P|W000000081|0|0|0.00|||3|38||2377.15||Y||Y||||1||38|2000000148|N|0.00|0.00|38|23||||||95|N|||||||J44.1||J06.9|G43.909|||||||99205|||||||201.43|0.00|421.25|N|||AETNA
002026060100000121|1234567|0987654|N|001|AC123456|03|P|N||PPO|01|PKG0042|PPO001|1|F|W000000308|Lewis|Logan|M|19630124|41838|AZ|EC|849933194|W000000308|W000000308|Lewis|Logan|M|EE|19630124|202606010000121|ACAS2026060100000121||TCN2026060100000121|SRC2026060100000121|002026060100000121|NY0001|NY0001||2|100000005|DR Jones MD|2|100000005|PV000005|DR Jones MD|4574 MEDICAL PLAZA||MI MEDICAL CTR|MI|82542|1|05|P|P|20260510|20260521|20260416|20260416|20260523||||||99283|TC|P|Y|04||2|||13||||2|3|558.02|558.02|152.19|0.00|0.00|PR1|CO45||405.83|405.83||75.00|75.00|26.14|35.38|35.38|269.31|269.31|0.00|0.00|0.00|152.19|0.00|0.00|0.00||N|||W000000308|P|W000000308|0|0|0.00|||1|05||558.02||Y||||||1||05|2000000005|N|0.00|0.00|05|13||||||51||||||||Z87.891|J44.1|J45.909||||||||99283|||||||35.38|75.00|26.14|N|||AETNA
002026060100000122|1234567|0987654|N|001|AC123456|01|I|N||PPO|03|PKG0042|PPO001|2|F|W000000166|Brown|Amelia|F|19671218|50451|FL|EF||W000000468|W000000468|Brown|Elijah|M|CH|20040701|202606010000122|ACAS2026060100000122||TCN2026060100000122|SRC2026060100000122|002026060100000122|NY0001|NY0001||2|100000026|DR Sanchez MD|2|100000026|PV000026|DR Sanchez MD|9847 MEDICAL PLAZA||TX MEDICAL CTR|TX|47345|4|11|P|P|20260430|20260528|20260306|20260310|20260531||||02|470|36415|25|I|Y|07||F|||21|02|0450|131|3|1|1210.45|1210.45|1210.45|0.00|0.00||CO45||0.00|0.00||75.00|75.00|0.00|0.00|0.00|0.00|0.00|0.00|0.00|0.00|0.00|0.00|0.00|0.00||N|||W000000468|D|W000000468|0|1|0.00|||2|11||1210.45||Y||N||||1||11|2000000026|N|0.00|0.00|11|21|4|1|20260306|20260310|AT|50|Y|||||||K57.30||J18.9|M54.5|||||||36415|||||||0.00|75.00|0.00|N|1||AETNA
002026060100000123|1234567|0987654|N|001|AC123456|03|P|Y||PPO|03|PKG0042|PPO001|N|F|W000000347|White|Benjamin|M|19650104|32276|CA|ES||W000000459|W000000459|White|Ella|F|CH|20170206|202606010000123|ACAS2026060100000123||TCN2026060100000123|SRC2026060100000123|002026060100000123|NY0001|NY0001||2|100000081|DR Taylor MD|2|100000081|PV000081|DR Taylor MD|1415 MEDICAL PLAZA||OH MEDICAL CTR|OH|16047|1|06|P|N|20260507|20260518|20260326|20260326|20260522||||||99214|51|P|Y|03||M|||23||||1|1|80.89|80.89|53.98|0.00|0.00|PR1|CO45||26.91|26.91||75.00|75.00|2.78|0.00|0.00|0.00|0.00|0.00|0.00|0.00|53.98|0.00|0.00|0.00||N|||W000000459|P|W000000459|0|0|0.00|||N|06||80.89||||Y||||1||06|2000000081|N|0.00|0.00|06|23|||||59|50||N||||||I25.10||I50.9||I25.10||||||99214|||||||0.00|75.00|2.78|N|||AETNA
002026060100000124|1234567|0987654|N|001|AC123456|01|I|N||PPO|03|PKG0042|PPO001|2|F|W000000330|White|Daniel|M|19690521|29181|VA|EF|585643326|W000000330|W000000330|White|Daniel|M|EE|19690521|202606010000124|ACAS2026060100000124||TCN2026060100000124|SRC2026060100000124|002026060100000124|NY0001|NY0001||2|100000074|DR Martinez MD|2|100000074|PV000074|DR Martinez MD|4906 MEDICAL PLAZA||FL MEDICAL CTR|FL|90908|4|40|P|P|20260514|20260528|20260329|20260330|20260531||||13|378|99214|AT|I|Y|08||2|||12|04|0110|211|2|3|1078.22|1078.22|492.56|0.00|0.00|PR1|CO45||585.66|585.66||0.00|0.00|68.79|76.91|76.91|439.96|439.96|0.00|0.00|0.00|492.56|0.00|0.00|0.00||N|||W000000330|P|W000000330|0|1|0.00|||2|40||1078.22|||Y|||||1||40|2000000074|N|0.00|0.00|40|12|4|4|20260329|20260330|AT|AT||||||||Z00.00|E78.5|J18.9||||||||99214|||||||76.91|0.00|68.79|N|4||AETNA
002026060100000125|1234567|0987654|N|001|AC123456|03|P|N||PPO|01|PKG0042|PPO001|1|F|W000000395|Robinson|Lucas|M|19750121|72484|PA|ES||W000000599|W000000599|Robinson|Daniel|M|SP|19851116|202606010000125|ACAS2026060100000125||TCN2026060100000125|SRC2026060100000125|002026060100000125|NY0001|NY0001||2|100000253|DR Lewis MD|2|100000253|PV000253|DR Lewis MD|7552 MEDICAL PLAZA||TX MEDICAL CTR|TX|56607|1|38|P|P|20260424|20260514|20260325|20260325|20260516||||||99232||P|Y|02||B|||24||||2|1|579.90|579.90|304.65|0.00|0.00|PR1|CO45||275.25|275.25||30.00|30.00|45.66|45.88|45.88|153.71|153.71|0.00|0.00|0.00|304.65|0.00|0.00|0.00||N|||W000000599|P|W000000599|0|0|0.00|||1|38||579.90||Y||||||1||38|2000000253|N|0.00|0.00|38|24|||||50|95||||||||G43.909|F41.9||I10|||||||99232|||||||45.88|30.00|45.66|N|||AETNA
002026060100000126|1234567|0987654|N|001|AC123456|03|P|N||PPO|01|PKG0042|PPO001|3|F|W000000396|Smith|Samuel|M|19791122|49750|WA|EE|192489032|W000000396|W000000396|Smith|Samuel|M|EE|19791122|202606010000126|ACAS2026060100000126||TCN2026060100000126|SRC2026060100000126|002026060100000126|NY0001|NY0001||2|100000254|DR Robinson MD|2|100000254|PV000254|DR Robinson MD|8368 MEDICAL PLAZA||PA MEDICAL CTR|PA|24092|1|40|P|P|20260519|20260526|20260514|20260514|20260530||||||90834|51|P|Y|01||S|||99||||2|2|441.76|441.76|205.26|0.00|0.00|PR1|CO45||236.50|236.50||20.00|20.00|16.50|40.36|40.36|159.64|159.64|0.00|0.00|0.00|205.26|0.00|0.00|0.00||N|||W000000396|P|W000000396|0|0|0.00|||3|40||441.76||N||||||1||40|2000000254|N|0.00|0.00|40|99|||||GT|GT||||||||M17.11|E11.65|||||||||90834|||||||40.36|20.00|16.50|N|||AETNA
002026060100000127|1234567|0987654|N|001|AC123456|03|P|N||PPO|03|PKG0042|PPO001|3|F|W000000056|Smith|Avery|F|19731212|45236|VA|ES|747132596|W000000056|W000000056|Smith|Avery|F|EE|19731212|202606010000127|ACAS2026060100000127||TCN2026060100000127|SRC2026060100000127|002026060100000127|NY0001|NY0001||2|100000257|DR Smith MD|2|100000257|PV000257|DR Smith MD|6798 MEDICAL PLAZA||VA MEDICAL CTR|VA|60437|1|02|P|P|20260512|20260523|20260419|20260419|20260524||||||99205|AT|P|Y|04||N|||32||||1|3|775.74|775.74|272.27|0.00|0.00|PR1|CO45||503.47|503.47||30.00|30.00|33.58|82.15|82.15|357.74|357.74|0.00|0.00|0.00|272.27|0.00|0.00|0.00||N|||W000000056|P|W000000056|0|0|0.00|||3|02||775.74||||N||||1||02|2000000257|N|0.00|0.00|02|32|||||GT|||||||||K57.30|K21.0|Z12.31||||||||99205|||||||82.15|30.00|33.58|N|||AETNA
002026060100000128|1234567|0987654|N|001|AC123456|03|P|N||PPO|02|PKG0042|PPO001|2|F|W000000122|Martin|Amelia|F|19920427|52407|OH|EE||W000000536|W000000536|Martin|Evelyn|F|SP|19801017|202606010000128|ACAS2026060100000128||TCN2026060100000128|SRC2026060100000128|002026060100000128|NY0001|NY0001||2|100000192|DR Young MD|2|100000192|PV000192|DR Young MD|7457 MEDICAL PLAZA||CA MEDICAL CTR|CA|13760|1|12|P|P|20260520|20260529|20260408|20260408|20260601||||||97110||P|Y|05||2|||23||||3|1|436.40|436.40|124.00|0.00|0.00|PR1|CO45||312.40|312.40||75.00|75.00|35.74|35.03|35.03|166.63|166.63|0.00|0.00|0.00|124.00|0.00|0.00|0.00||N|||W000000536|P|W000000536|0|0|0.00|||2|12||436.40||||||||1||12|2000000192|N|0.00|0.00|12|23||||||26||||||||G47.33|F32.9|M17.11||||||||97110|||||||35.03|75.00|35.74|N|||AETNA
002026060100000129|1234567|0987654|N|001|AC123456|03|P|N||PPO|03|PKG0042|PPO001|1|F|W000000041|Smith|Sebastian|M|19730319|51457|MA|ES||W000000403|W000000403|Smith|David|M|CH|20140606|202606010000129|ACAS2026060100000129||TCN2026060100000129|SRC2026060100000129|002026060100000129|NY0001|NY0001||2|100000167|DR Miller MD|2|100000167|PV000167|DR Miller MD|2273 MEDICAL PLAZA||PA MEDICAL CTR|PA|60825|1|02|P|P|20260429|20260527|20260510|20260510|20260530||||||71046|GT|P|Y|06||2|||99||||2|2|109.37|109.37|109.37|0.00|0.00||CO45||0.00|0.00||50.00|50.00|0.00|0.00|0.00|0.00|0.00|0.00|0.00|0.00|0.00|0.00|0.00|0.00||N|||W000000403|D|W000000403|0|0|0.00|||1|02||109.37||||||||1||02|2000000167|N|0.00|0.00|02|99||||||95||||||||Z12.31||||||||||71046|||||||0.00|50.00|0.00|N|||AETNA
002026060100000130|1234567|0987654|N|001|AC123456|03|P|N||PPO|01|PKG0042|PPO001|3|F|W000000320|Brown|Sebastian|M|19610625|93316|VA|EF||W000000445|W000000445|Brown|Sofia|F|CH|20101222|202606010000130|ACAS2026060100000130||TCN2026060100000130|SRC2026060100000130|002026060100000130|NY0001|NY0001||2|100000195|DR Williams MD|2|100000195|PV000195|DR Williams MD|2602 MEDICAL PLAZA||MI MEDICAL CTR|MI|13058|1|50|P|P|20260416|20260514|20260517|20260517|20260518||||||99395|AT|P|Y|05||F|||22||||2|2|1456.67|1456.67|1456.67|0.00|0.00||CO45||0.00|0.00||50.00|50.00|0.00|0.00|0.00|0.00|0.00|0.00|0.00|0.00|0.00|0.00|0.00|0.00||N|||W000000445|D|W000000445|0|0|0.00|||3|50||1456.67||||Y||||1||50|2000000195|N|0.00|0.00|50|22||||||||||||||S93.401|Z12.31|J18.9||||||||99395|||||||0.00|50.00|0.00|N|||AETNA
002026060100000131|1234567|0987654|N|001|AC123456|03|P|N||PPO|01|PKG0042|PPO001|1|F|W000000396|Smith|Samuel|M|19791122|49750|WA|EE|192489032|W000000396|W000000396|Smith|Samuel|M|EE|19791122|202606010000131|ACAS2026060100000131||TCN2026060100000131|SRC2026060100000131|002026060100000131|NY0001|NY0001||2|100000123|DR Clark MD|2|100000123|PV000123|DR Clark MD|4332 MEDICAL PLAZA||AZ MEDICAL CTR|AZ|46135|1|03|P|P|20260503|20260526|20260516|20260516|20260528||||||99283|59|P|Y|04||B|||99||||3|3|817.76|817.76|532.85|0.00|0.00|PR1|CO45||284.91|284.91||30.00|30.00|83.43|20.35|20.35|151.13|151.13|0.00|0.00|0.00|532.85|0.00|0.00|0.00||N|||W000000396|P|W000000396|0|0|0.00|||1|03||817.76||Y||Y||||1||03|2000000123|N|0.00|0.00|03|99|||||TC|50||||||||M79.3||Z00.00|K21.0|||||||99283|||||||20.35|30.00|83.43|N|||AETNA
002026060100000132|1234567|0987654|N|001|AC123456|03|P|N||PPO|02|PKG0042|PPO001|2|F|W000000388|Lopez|Henry|M|19761211|32831|NJ|EE|640423471|W000000388|W000000388|Lopez|Henry|M|EE|19761211|202606010000132|ACAS2026060100000132||TCN2026060100000132|SRC2026060100000132|002026060100000132|NY0001|NY0001||2|100000202|DR Martinez MD|2|100000202|PV000202|DR Martinez MD|6882 MEDICAL PLAZA||OH MEDICAL CTR|OH|76250|1|07|P|P|20260511|20260522|20260321|20260321|20260524||||||90834|50|P|Y|02||F|||21||||2|1|509.36|509.36|245.88|0.00|0.00|PR1|CO45||263.48|263.48||75.00|75.00|16.00|21.45|21.45|151.03|151.03|0.00|0.00|0.00|245.88|0.00|0.00|0.00||N|||W000000388|P|W000000388|0|0|0.00|||2|07||509.36|||Y|Y||||1||07|2000000202|N|0.00|0.00|07|21||||||25|N|||||||M17.11|Z87.891|E66.9|E11.9|||||||90834|||||||21.45|75.00|16.00|N|||AETNA
002026060100000133|1234567|0987654|N|001|AC123456|01|I|N||PPO|02|PKG0042|PPO001|3|F|W000000064|Thomas|Henry|M|19771122|40929|IL|EE|304836232|W000000064|W000000064|Thomas|Henry|M|EE|19771122|202606010000133|ACAS2026060100000133||TCN2026060100000133|SRC2026060100000133|002026060100000133|NY0001|NY0001||2|100000239|DR Anderson MD|2|100000239|PV000239|DR Anderson MD|7891 MEDICAL PLAZA||VA MEDICAL CTR|VA|84330|4|40|P|P|20260423|20260513|20260402|20260406|20260516||||07|683|93000|TC|I|Y|03||2|||32|20|0730|211|1|1|292.58|292.58|216.25|0.00|0.00|PR1|CO45||76.33|76.33||75.00|75.00|9.00|0.00|0.00|0.00|0.00|0.00|0.00|0.00|216.25|0.00|0.00|0.00||N|||W000000064|P|W000000064|0|1|0.00|||3|40||292.58||N|Y|||||1||40|2000000239|N|0.00|0.00|40|32|4|9|20260402|20260406||51||||||||I50.9|E11.65|||||||||93000|||||||0.00|75.00|9.00|N|9||AETNA
002026060100000134|1234567|0987654|N|001|AC123456|03|P|N||PPO|02|PKG0042|PPO001|2|F|W000000392|Smith|Avery|F|19910203|15817|MA|EE|650304973|W000000392|W000000392|Smith|Avery|F|EE|19910203|202606010000134|ACAS2026060100000134||TCN2026060100000134|SRC2026060100000134|002026060100000134|NY0001|NY0001||2|100000229|DR Jones MD|2|100000229|PV000229|DR Jones MD|975 MEDICAL PLAZA||OH MEDICAL CTR|OH|38578|1|04|P|P|20260429|20260520|20260504|20260504|20260522||||||99395|AT|P|Y|04||2|||21||||3|1|190.68|190.68|94.98|0.00|0.00|PR1|CO45||95.70|95.70||50.00|50.00|27.70|2.26|2.26|15.74|15.74|0.00|0.00|0.00|94.98|0.00|0.00|0.00||N|||W000000392|P|W000000392|0|0|0.00|||2|04||190.68|||N|||||1||04|2000000229|N|0.00|0.00|04|21|||||TC|AT||||||||Z00.00|J18.9|G47.33||||||||99395|||||||2.26|50.00|27.70|N|||AETNA
002026060100000135|1234567|0987654|N|001|AC123456|03|P|N||PPO|01|PKG0042|PPO001|3|F|W000000259|Lopez|Ella|F|19781225|14247|NC|EF||W000000557|W000000557|Lopez|Emma|F|SP|19870426|202606010000135|ACAS2026060100000135||TCN2026060100000135|SRC2026060100000135|002026060100000135|NY0001|NY0001||2|100000185|DR Harris MD|2|100000185|PV000185|DR Harris MD|6702 MEDICAL PLAZA||CO MEDICAL CTR|CO|59938|1|05|P|P|20260505|20260531|20260326|20260326|20260604||||||99396|GT|P|Y|02||1|||12||||3|2|804.57|804.57|384.05|0.00|0.00|PR1|CO45||420.52|420.52||50.00|50.00|87.05|57.14|57.14|226.33|226.33|0.00|0.00|0.00|384.05|0.00|0.00|0.00||N|||W000000557|P|W000000557|0|0|0.00|||3|05||804.57||||N||||1||05|2000000185|N|0.00|0.00|05|12||||||26||||||||J45.909|M54.5|K57.30||||||||99396|||||||57.14|50.00|87.05|N|||AETNA
002026060100000136|1234567|0987654|N|001|AC123456|03|P|N||PPO|02|PKG0042|PPO001|1|F|W000000213|Brown|Elizabeth|F|19800221|38822|WA|EE|247293348|W000000213|W000000213|Brown|Elizabeth|F|EE|19800221|202606010000136|ACAS2026060100000136||TCN2026060100000136|SRC2026060100000136|002026060100000136|NY0001|NY0001||2|100000018|DR Moore MD|2|100000018|PV000018|DR Moore MD|5820 MEDICAL PLAZA||NY MEDICAL CTR|NY|18116|1|03|P|P|20260517|20260525|20260329|20260329|20260528||||||71046|TC|P|Y|06||M|||32||||3|3|2621.30|2621.30|1002.06|0.00|0.00|PR1|CO45||1619.24|1619.24||40.00|40.00|287.71|133.95|133.95|1157.58|1157.58|0.00|0.00|0.00|1002.06|0.00|0.00|0.00||N|||W000000213|P|W000000213|0|0|0.00|||1|03||2621.30||||||||1||03|2000000018|N|0.00|0.00|03|32|||||AT|51|Y|N||||||Z23|||Z79.899|F41.9||||||71046|||||||133.95|40.00|287.71|N|||AETNA
002026060100000137|1234567|0987654|N|001|AC123456|03|P|N||PPO|03|PKG0042|PPO001|2|F|W000000397|Miller|Samuel|M|19930405|88055|FL|EF||W000000422|W000000422|Miller|Evelyn|F|SP|19700323|202606010000137|ACAS2026060100000137||TCN2026060100000137|SRC2026060100000137|002026060100000137|NY0001|NY0001||2|100000218|DR Sanchez MD|2|100000218|PV000218|DR Sanchez MD|7157 MEDICAL PLAZA||NC MEDICAL CTR|NC|57017|1|08|P|P|20260501|20260524|20260319|20260319|20260525||||||82947||P|Y|02||4|||11||||2|1|790.52|790.52|336.17|0.00|0.00|PR1|CO45||454.35|454.35||0.00|0.00|73.56|47.23|47.23|333.56|333.56|0.00|0.00|0.00|336.17|0.00|0.00|0.00||N|||W000000422|P|W000000422|0|0|0.00|||2|08||790.52||N|Y|N||||1||08|2000000218|N|0.00|0.00|08|11||||||25|N|||||||Z12.31|Z00.00|J18.9|Z87.891|||||||82947|||||||47.23|0.00|73.56|N|||AETNA
002026060100000138|1234567|0987654|N|001|AC123456|03|P|N||PPO|01|PKG0042|PPO001|3|F|W000000022|Jones|William|M|19681101|42307|WA|EF|938939378|W000000022|W000000022|Jones|William|M|EE|19681101|202606010000138|ACAS2026060100000138||TCN2026060100000138|SRC2026060100000138|002026060100000138|NY0001|NY0001||2|100000110|DR Wilson MD|2|100000110|PV000110|DR Wilson MD|8511 MEDICAL PLAZA||NY MEDICAL CTR|NY|72666|1|05|P|P|20260517|20260526|20260311|20260311|20260529||||||99203|26|P|Y|05||B|||21||||2|2|205.34|205.34|117.21|0.00|0.00|PR1|CO45||88.13|88.13||20.00|20.00|2.00|15.57|15.57|50.56|50.56|0.00|0.00|0.00|117.21|0.00|0.00|0.00||N|||W000000022|P|W000000022|0|0|0.00|||3|05||205.34||||||||1||05|2000000110|N|0.00|0.00|05|21|||||GT|||||||||N39.0||||||||||99203|||||||15.57|20.00|2.00|N|||AETNA
002026060100000139|1234567|0987654|N|001|AC123456|01|I|N||PPO|01|PKG0042|PPO001|1|F|W000000244|Taylor|Aiden|M|19780609|65975|MI|EC|777334313|W000000244|W000000244|Taylor|Aiden|M|EE|19780609|202606010000139|ACAS2026060100000139||TCN2026060100000139|SRC2026060100000139|002026060100000139|NY0001|NY0001||2|100000224|DR Young MD|2|100000224|PV000224|DR Young MD|7020 MEDICAL PLAZA||PA MEDICAL CTR|PA|95904|4|40|P|P|20260508|20260527|20260314|20260318|20260530||||02|195|36415|50|I|Y|07||S|||21|02|0110|132|2|2|805.41|805.41|601.75|0.00|0.00|PR1|CO45||203.66|203.66||50.00|50.00|54.58|24.73|24.73|74.35|74.35|0.00|0.00|0.00|601.75|0.00|0.00|0.00||N|||W000000244|P|W000000244|0|1|0.00|||1|40||805.41|||N|||||1||40|2000000224|N|0.00|0.00|40|21||3|20260314|20260318||25||||||||N39.0|N39.0|G43.909||||||||36415|||||||24.73|50.00|54.58|N|3||AETNA
002026060100000140|1234567|0987654|N|001|AC123456|03|P|Y||PPO|03|PKG0042|PPO001|N|F|W000000306|Gonzalez|Harper|F|19620120|78964|GA|EE|990568334|W000000306|W000000306|Gonzalez|Harper|F|EE|19620120|202606010000140|ACAS2026060100000140||TCN2026060100000140|SRC2026060100000140|002026060100000140|NY0001|NY0001||2|100000162|DR Johnson MD|2|100000162|PV000162|DR Johnson MD|7377 MEDICAL PLAZA||CA MEDICAL CTR|CA|55517|1|12|P|N|20260426|20260522|20260512|20260512|20260526||||||93000||P|Y|08||A|||13||||1|3|635.66|635.66|440.04|0.00|0.00|PR1|CO45||195.62|195.62||20.00|20.00|36.71|24.05|24.05|114.86|114.86|0.00|0.00|0.00|440.04|0.00|0.00|0.00||N|||W000000306|P|W000000306|0|0|0.00|||N|12||635.66||Y||||||1||12|2000000162|N|0.00|0.00|12|13|||||25|||||||||G47.33|I10|||||||||93000|||||||24.05|20.00|36.71|N|||AETNA
002026060100000141|1234567|0987654|N|001|AC123456|03|P|Y||PPO|02|PKG0042|PPO001|N|F|W000000035|Miller|Victoria|F|19630609|30033|TX|EF||W000000688|W000000688|Miller|Zoey|F|CH|20191008|202606010000141|ACAS2026060100000141||TCN2026060100000141|SRC2026060100000141|002026060100000141|NY0001|NY0001||2|100000265|DR Rodriguez MD|2|100000265|PV000265|DR Rodriguez MD|3724 MEDICAL PLAZA||WA MEDICAL CTR|WA|15261|1|10|P|N|20260518|20260524|20260323|20260323|20260526||||||99291||P|Y|08||S|||31||||2|3|1386.36|1386.36|365.26|0.00|0.00|PR1|CO45||1021.10|1021.10||20.00|20.00|175.12|143.97|143.97|682.01|682.01|0.00|0.00|0.00|365.26|0.00|0.00|0.00||N|||W000000688|P|W000000688|0|0|0.00|||N|10||1386.36||||||||1||10|2000000265|N|0.00|0.00|10|31|||||TC|TC|N|||||||R51|F32.9|K57.30|E66.9|||||||99291|||||||143.97|20.00|175.12|N|||AETNA
002026060100000142|1234567|0987654|N|001|AC123456|03|P|N||PPO|02|PKG0042|PPO001|3|F|W000000151|Garcia|Harper|F|19790409|80732|AZ|EC|533646719|W000000151|W000000151|Garcia|Harper|F|EE|19790409|202606010000142|ACAS2026060100000142||TCN2026060100000142|SRC2026060100000142|002026060100000142|NY0001|NY0001||2|100000102|DR Garcia MD|2|100000102|PV000102|DR Garcia MD|8649 MEDICAL PLAZA||TX MEDICAL CTR|TX|90958|1|12|P|P|20260518|20260526|20260424|20260424|20260530||||||90847|51|P|Y|01||S|||22||||1|3|1114.01|1114.01|321.76|0.00|0.00|PR1|CO45||792.25|792.25||75.00|75.00|128.23|127.23|127.23|461.79|461.79|0.00|0.00|0.00|321.76|0.00|0.00|0.00||N|||W000000151|P|W000000151|0|0|0.00|||3|12||1114.01||Y|N|||||1||12|2000000102|N|0.00|0.00|12|22||||||26||||||||G43.909|J45.909|I50.9||||||||90847|||||||127.23|75.00|128.23|N|||AETNA
002026060100000143|1234567|0987654|N|001|AC123456|03|P|N||PPO|02|PKG0042|PPO001|2|F|W000000194|Williams|Logan|M|19690618|24779|AZ|ES|244889270|W000000194|W000000194|Williams|Logan|M|EE|19690618|202606010000143|ACAS2026060100000143||TCN2026060100000143|SRC2026060100000143|002026060100000143|NY0001|NY0001||2|100000280|DR White MD|2|100000280|PV000280|DR White MD|7544 MEDICAL PLAZA||CO MEDICAL CTR|CO|42321|1|10|P|P|20260429|20260524|20260423|20260423|20260527||||||99395|TC|P|Y|07||N|||22||||1|3|52.57|52.57|30.88|0.00|0.00|PR1|CO45||21.69|21.69||30.00|30.00|2.55|0.00|0.00|0.00|0.00|0.00|0.00|0.00|30.88|0.00|0.00|0.00||N|||W000000194|P|W000000194|0|0|0.00|||2|10||52.57||Y||||||1||10|2000000280|N|0.00|0.00|10|22||||||||||||||Z00.00||||||||||99395|||||||0.00|30.00|2.55|N|||AETNA
002026060100000144|1234567|0987654|N|001|AC123456|03|P|N||PPO|01|PKG0042|PPO001|1|F|W000000286|Thomas|Charlotte|F|19660519|97231|CO|EE|897615794|W000000286|W000000286|Thomas|Charlotte|F|EE|19660519|202606010000144|ACAS2026060100000144||TCN2026060100000144|SRC2026060100000144|002026060100000144|NY0001|NY0001||2|100000254|DR Robinson MD|2|100000254|PV000254|DR Robinson MD|6718 MEDICAL PLAZA||VA MEDICAL CTR|VA|78436|1|40|P|P|20260520|20260525|20260402|20260402|20260526||||||90847|26|P|Y|04||4|||11||||3|1|1057.28|1057.28|656.12|0.00|0.00|PR1|CO45||401.16|401.16||75.00|75.00|30.65|48.48|48.48|247.03|247.03|0.00|0.00|0.00|656.12|0.00|0.00|0.00||N|||W000000286|P|W000000286|0|0|0.00|||1|40||1057.28||Y||||||1||40|2000000254|N|0.00|0.00|40|11||||||||||||||M17.11|Z79.899|||||||||90847|||||||48.48|75.00|30.65|N|||AETNA
002026060100000145|1234567|0987654|N|001|AC123456|03|P|N||PPO|02|PKG0042|PPO001|3|F|W000000319|Robinson|Grace|F|19910704|14301|FL|EE||W000000695|W000000695|Robinson|Jackson|M|CH|20150304|202606010000145|ACAS2026060100000145||TCN2026060100000145|SRC2026060100000145|002026060100000145|NY0001|NY0001||2|100000100|DR Brown MD|2|100000100|PV000100|DR Brown MD|1703 MEDICAL PLAZA||IL MEDICAL CTR|IL|90495|1|10|P|P|20260505|20260527|20260406|20260406|20260528||||||99291||P|Y|01||S|||22||||3|1|283.45|283.45|150.74|0.00|0.00|PR1|CO45||132.71|132.71||20.00|20.00|30.07|9.50|9.50|73.14|73.14|0.00|0.00|0.00|150.74|0.00|0.00|0.00||N|||W000000695|P|W000000695|0|0|0.00|||3|10||283.45||N||||||1||10|2000000100|N|0.00|0.00|10|22|||||TC|AT||||||||J06.9||||||||||99291|||||||9.50|20.00|30.07|N|||AETNA
002026060100000146|1234567|0987654|N|001|AC123456|03|P|N||PPO|01|PKG0042|PPO001|2|F|W000000247|Harris|Ethan|M|19850615|98493|FL|EE||W000000598|W000000598|Harris|Chloe|F|CH|20030426|202606010000146|ACAS2026060100000146||TCN2026060100000146|SRC2026060100000146|002026060100000146|NY0001|NY0001||2|100000145|DR Taylor MD|2|100000145|PV000145|DR Taylor MD|8080 MEDICAL PLAZA||NC MEDICAL CTR|NC|59605|1|10|P|P|20260506|20260523|20260422|20260422|20260525||||||99395|59|P|Y|01||1|||12||||1|2|198.65|198.65|80.46|0.00|0.00|PR1|CO45||118.19|118.19||30.00|30.00|18.07|11.23|11.23|58.89|58.89|0.00|0.00|0.00|80.46|0.00|0.00|0.00||N|||W000000598|P|W000000598|0|0|0.00|||2|10||198.65||||N||||1||10|2000000145|N|0.00|0.00|10|12|||||59|25||N||||||Z23||F32.9||I50.9||||||99395|||||||11.23|30.00|18.07|N|||AETNA
002026060100000147|1234567|0987654|N|001|AC123456|03|P|N||PPO|01|PKG0042|PPO001|3|F|W000000025|Sanchez|Matthew|M|19680224|55735|NC|EF|864485111|W000000025|W000000025|Sanchez|Matthew|M|EE|19680224|202606010000147|ACAS2026060100000147||TCN2026060100000147|SRC2026060100000147|002026060100000147|NY0001|NY0001||2|100000160|DR Young MD|2|100000160|PV000160|DR Young MD|956 MEDICAL PLAZA||IL MEDICAL CTR|IL|28076|1|10|P|P|20260501|20260514|20260304|20260304|20260517||||||85025|50|P|Y|06||1|||31||||2|3|566.68|566.68|566.68|0.00|0.00||CO45||0.00|0.00||30.00|30.00|0.00|0.00|0.00|0.00|0.00|0.00|0.00|0.00|0.00|0.00|0.00|0.00||N|||W000000025|D|W000000025|0|0|0.00|||3|10||566.68||||||||1||10|2000000160|N|0.00|0.00|10|31||||||59|Y|||||||E78.5|||J30.9|||||||85025|||||||0.00|30.00|0.00|N|||AETNA
002026060100000148|1234567|0987654|N|001|AC123456|03|P|N||PPO|03|PKG0042|PPO001|3|F|W000000164|Miller|Scarlett|F|19710715|50735|CO|EF|541673251|W000000164|W000000164|Miller|Scarlett|F|EE|19710715|202606010000148|ACAS2026060100000148||TCN2026060100000148|SRC2026060100000148|002026060100000148|NY0001|NY0001||2|100000231|DR Miller MD|2|100000231|PV000231|DR Miller MD|7845 MEDICAL PLAZA||NJ MEDICAL CTR|NJ|69433|1|06|P|P|20260426|20260522|20260513|20260513|20260526||||||99205|59|P|Y|07||N|||23||||3|2|943.24|943.24|675.69|0.00|0.00|PR1|CO45||267.55|267.55||30.00|30.00|32.03|43.79|43.79|161.73|161.73|0.00|0.00|0.00|675.69|0.00|0.00|0.00||N|||W000000164|P|W000000164|0|0|0.00|||3|06||943.24||Y|Y|N||||1||06|2000000231|N|0.00|0.00|06|23|||||TC|59||||||||K21.0|J06.9|E66.9||||||||99205|||||||43.79|30.00|32.03|N|||AETNA
002026060100000149|1234567|0987654|N|001|AC123456|03|P|N||PPO|03|PKG0042|PPO001|1|F|W000000325|Perez|David|M|19940608|78788|NJ|EC||W000000576|W000000576|Perez|Henry|M|CH|20070521|202606010000149|ACAS2026060100000149||TCN2026060100000149|SRC2026060100000149|002026060100000149|NY0001|NY0001||2|100000207|DR Anderson MD|2|100000207|PV000207|DR Anderson MD|6242 MEDICAL PLAZA||OH MEDICAL CTR|OH|53544|1|12|P|P|20260424|20260520|20260519|20260519|20260524||||||99396||P|Y|08||4|||11||||3|2|164.91|164.91|90.47|0.00|0.00|PR1|CO45||74.44|74.44||30.00|30.00|20.74|5.87|5.87|17.83|17.83|0.00|0.00|0.00|90.47|0.00|0.00|0.00||N|||W000000576|P|W000000576|0|0|0.00|||1|12||164.91||N||||||1||12|2000000207|N|0.00|0.00|12|11|||||59|TC||||||||M17.11||J44.1||||||||99396|||||||5.87|30.00|20.74|N|||AETNA
002026060100000150|1234567|0987654|N|001|AC123456|03|P|Y||PPO|02|PKG0042|PPO001|N|F|W000000041|Smith|Sebastian|M|19730319|51457|MA|ES|259524128|W000000041|W000000041|Smith|Sebastian|M|EE|19730319|202606010000150|ACAS2026060100000150||TCN2026060100000150|SRC2026060100000150|002026060100000150|NY0001|NY0001||2|100000256|DR Young MD|2|100000256|PV000256|DR Young MD|3376 MEDICAL PLAZA||FL MEDICAL CTR|FL|71048|1|01|P|N|20260430|20260513|20260525|20260525|20260515||||||99204|TC|P|Y|01||2|||23||||3|1|1210.62|1210.62|1210.62|0.00|0.00||CO45||0.00|0.00||20.00|20.00|0.00|0.00|0.00|0.00|0.00|0.00|0.00|0.00|0.00|0.00|0.00|0.00||N|||W000000041|D|W000000041|0|0|0.00|||N|01||1210.62||N||||||1||01|2000000256|N|0.00|0.00|01|23|||||59||N|||||||M54.5|||Z12.31|||||||99204|||||||0.00|20.00|0.00|N|||AETNA
002026060100000151|1234567|0987654|N|001|AC123456|01|I|N||PPO|03|PKG0042|PPO001|2|F|W000000395|Robinson|Lucas|M|19750121|72484|PA|ES||W000000599|W000000599|Robinson|Daniel|M|SP|19851116|202606010000151|ACAS2026060100000151||TCN2026060100000151|SRC2026060100000151|002026060100000151|NY0001|NY0001||2|100000111|DR Anderson MD|2|100000111|PV000111|DR Anderson MD|9181 MEDICAL PLAZA||OH MEDICAL CTR|OH|96212|4|06|P|P|20260515|20260520|20260319|20260323|20260521||||11|293|99204|59|I|Y|08||N|||23|02|0450|132|3|3|1272.63|1272.63|747.71|0.00|0.00|PR1|CO45||524.92|524.92||50.00|50.00|65.07|78.37|78.37|331.48|331.48|0.00|0.00|0.00|747.71|0.00|0.00|0.00||N|||W000000599|P|W000000599|1|1|0.00|||2|06||1272.63||N||||||1||06|2000000111|N|0.00|0.00|06|23|2|1|20260319|20260323|50|51||||||||K57.30|J44.1|G47.33||||||||99204|||||||78.37|50.00|65.07|N|1||AETNA
002026060100000152|1234567|0987654|N|001|AC123456|03|P|Y||PPO|01|PKG0042|PPO001|N|F|W000000197|Rodriguez|Sebastian|M|19830822|17567|OH|EC|338414928|W000000197|W000000197|Rodriguez|Sebastian|M|EE|19830822|202606010000152|ACAS2026060100000152||TCN2026060100000152|SRC2026060100000152|002026060100000152|NY0001|NY0001||2|100000152|DR White MD|2|100000152|PV000152|DR White MD|8248 MEDICAL PLAZA||CA MEDICAL CTR|CA|84925|1|02|P|N|20260519|20260527|20260423|20260423|20260529||||||90834|TC|P|Y|07||F|||21||||2|3|692.24|692.24|692.24|0.00|0.00||CO45||0.00|0.00||20.00|20.00|0.00|0.00|0.00|0.00|0.00|0.00|0.00|0.00|0.00|0.00|0.00|0.00||N|||W000000197|D|W000000197|0|0|0.00|||N|02||692.24||Y||||||1||02|2000000152|N|0.00|0.00|02|21|||||50|59||||||||K21.0||||||||||90834|||||||0.00|20.00|0.00|N|||AETNA
002026060100000153|1234567|0987654|N|001|AC123456|01|I|N||PPO|02|PKG0042|PPO001|3|F|W000000157|Harris|Logan|M|19910419|49046|MI|ES||W000000643|W000000643|Harris|Samuel|M|CH|20100128|202606010000153|ACAS2026060100000153||TCN2026060100000153|SRC2026060100000153|002026060100000153|NY0001|NY0001||2|100000130|DR Johnson MD|2|100000130|PV000130|DR Johnson MD|8063 MEDICAL PLAZA||FL MEDICAL CTR|FL|69882|4|10|P|P|20260517|20260524|20260420|20260421|20260528||||05|379|99203|50|I|Y|08||1|||32|02|0636|131|2|3|318.15|318.15|133.81|0.00|0.00|PR1|CO45||184.34|184.34||30.00|30.00|44.33|21.88|21.88|88.13|88.13|0.00|0.00|0.00|133.81|0.00|0.00|0.00||N|||W000000643|P|W000000643|0|1|0.00|||3|10||318.15||||||||1||10|2000000130|N|0.00|0.00|10|32|1|1|20260420|20260421|25|95||||||||S93.401||||||||||99203|||||||21.88|30.00|44.33|N|1||AETNA
002026060100000154|1234567|0987654|N|001|AC123456|01|I|N||PPO|03|PKG0042|PPO001|1|F|W000000206|Anderson|Sofia|F|19860612|54575|WA|ES|347473439|W000000206|W000000206|Anderson|Sofia|F|EE|19860612|202606010000154|ACAS2026060100000154||TCN2026060100000154|SRC2026060100000154|002026060100000154|NY0001|NY0001||2|100000273|DR Taylor MD|2|100000273|PV000273|DR Taylor MD|7470 MEDICAL PLAZA||FL MEDICAL CTR|FL|50117|4|03|P|P|20260423|20260522|20260402|20260406|20260525||||03|379|99203|GT|I|Y|06||N|||32|07|0300|211|2|1|289.32|289.32|140.81|0.00|0.00|PR1|CO45||148.51|148.51||75.00|75.00|29.78|7.42|7.42|36.31|36.31|0.00|0.00|0.00|140.81|0.00|0.00|0.00||N|||W000000206|P|W000000206|0|1|0.00|||1|03||289.32||N|Y|||||1||03|2000000273|N|0.00|0.00|03|32||3|20260402|20260406|GT|26||||||||Z87.891|J30.9|J18.9||||||||99203|||||||7.42|75.00|29.78|N|3||AETNA
002026060100000155|1234567|0987654|N|001|AC123456|03|P|Y||PPO|03|PKG0042|PPO001|N|F|W000000305|Smith|Sofia|F|19640405|99392|IL|ES|818314747|W000000305|W000000305|Smith|Sofia|F|EE|19640405|202606010000155|ACAS2026060100000155||TCN2026060100000155|SRC2026060100000155|002026060100000155|NY0001|NY0001||2|100000092|DR Ramirez MD|2|100000092|PV000092|DR Ramirez MD|8452 MEDICAL PLAZA||MA MEDICAL CTR|MA|41850|1|02|P|N|20260503|20260522|20260420|20260420|20260525||||||80053||P|Y|08||F|||13||||2|3|1590.88|1590.88|977.70|0.00|0.00|PR1|CO45||613.18|613.18||30.00|30.00|156.37|61.41|61.41|365.40|365.40|0.00|0.00|0.00|977.70|0.00|0.00|0.00||N|||W000000305|P|W000000305|0|0|0.00|||N|02||1590.88||Y||||||1||02|2000000092|N|0.00|0.00|02|13|||||25|26||||||||I25.10||||||||||80053|||||||61.41|30.00|156.37|N|||AETNA
002026060100000156|1234567|0987654|N|001|AC123456|01|I|N||PPO|02|PKG0042|PPO001|1|F|W000000039|Harris|Daniel|M|19820619|75988|CA|EC||W000000464|W000000464|Harris|Sofia|F|SP|19900310|202606010000156|ACAS2026060100000156||TCN2026060100000156|SRC2026060100000156|002026060100000156|NY0001|NY0001||2|100000177|DR Taylor MD|2|100000177|PV000177|DR Taylor MD|5024 MEDICAL PLAZA||MA MEDICAL CTR|MA|65257|4|12|P|P|20260508|20260529|20260409|20260409|20260601||||10|392|85025|26|I|Y|02||1|||23|05|0450|121|2|3|184.10|184.10|87.09|0.00|0.00|PR1|CO45||97.01|97.01||0.00|0.00|3.32|16.68|16.68|77.01|77.01|0.00|0.00|0.00|87.09|0.00|0.00|0.00||N|||W000000464|P|W000000464|0|1|0.00|||1|12||184.10||Y||Y||||1||12|2000000177|N|0.00|0.00|12|23|1|3|20260409|20260409||GT||||||||J30.9|G43.909|E11.9||||||||85025|||||||16.68|0.00|3.32|N|3||AETNA
002026060100000157|1234567|0987654|N|001|AC123456|01|I|N||PPO|02|PKG0042|PPO001|2|F|W000000089|Jackson|Lucas|M|19901003|86147|MI|ES|315588439|W000000089|W000000089|Jackson|Lucas|M|EE|19901003|202606010000157|ACAS2026060100000157||TCN2026060100000157|SRC2026060100000157|002026060100000157|NY0001|NY0001||2|100000037|DR Jones MD|2|100000037|PV000037|DR Jones MD|1576 MEDICAL PLAZA||NJ MEDICAL CTR|NJ|95285|4|07|P|P|20260519|20260529|20260523|20260527|20260530||||15|470|99213|95|I|Y|02||N|||22|04|0110|131|1|2|1643.86|1643.86|1643.86|0.00|0.00||CO45||0.00|0.00||0.00|0.00|0.00|0.00|0.00|0.00|0.00|0.00|0.00|0.00|0.00|0.00|0.00|0.00||N|||W000000089|D|W000000089|0|1|0.00|||2|07||1643.86||Y||||||1||07|2000000037|N|0.00|0.00|07|22|5|9|20260523|20260527||25|N|||||||S93.401|I10||E11.9|||||||99213|||||||0.00|0.00|0.00|N|9||AETNA
002026060100000158|1234567|0987654|N|001|AC123456|01|I|N||PPO|03|PKG0042|PPO001|3|F|W000000390|Rodriguez|Jackson|M|19810417|54367|GA|ES|204706976|W000000390|W000000390|Rodriguez|Jackson|M|EE|19810417|202606010000158|ACAS2026060100000158||TCN2026060100000158|SRC2026060100000158|002026060100000158|NY0001|NY0001||2|100000256|DR Young MD|2|100000256|PV000256|DR Young MD|2320 MEDICAL PLAZA||IL MEDICAL CTR|IL|73234|4|01|P|P|20260429|20260525|20260514|20260516|20260527||||05|292|93000|25|I|Y|07||A|||12|04|0300|211|3|1|578.00|578.00|203.46|0.00|0.00|PR1|CO45||374.54|374.54||30.00|30.00|101.57|42.03|42.03|200.94|200.94|0.00|0.00|0.00|203.46|0.00|0.00|0.00||N|||W000000390|P|W000000390|0|1|0.00|||3|01||578.00||N||||||1||01|2000000256|N|0.00|0.00|01|12||2|20260514|20260516|59|AT|N|||||||S93.401|I25.10||R05|||||||93000|||||||42.03|30.00|101.57|N|2||AETNA
002026060100000159|1234567|0987654|N|001|AC123456|03|P|Y||PPO|03|PKG0042|PPO001|N|F|W000000354|Taylor|Evelyn|F|19790527|57931|MA|EF|323805672|W000000354|W000000354|Taylor|Evelyn|F|EE|19790527|202606010000159|ACAS2026060100000159||TCN2026060100000159|SRC2026060100000159|002026060100000159|NY0001|NY0001||2|100000116|DR Martin MD|2|100000116|PV000116|DR Martin MD|7391 MEDICAL PLAZA||IL MEDICAL CTR|IL|17636|1|11|P|N|20260421|20260514|20260309|20260309|20260515||||||99205||P|Y|05||1|||23||||2|2|613.11|613.11|166.77|0.00|0.00|PR1|CO45||446.34|446.34||40.00|40.00|69.52|41.07|41.07|295.75|295.75|0.00|0.00|0.00|166.77|0.00|0.00|0.00||N|||W000000354|P|W000000354|0|0|0.00|||N|11||613.11||N||||||1||11|2000000116|N|0.00|0.00|11|23|||||AT|||||||||Z23|E78.5|E11.65||||||||99205|||||||41.07|40.00|69.52|N|||AETNA
002026060100000160|1234567|0987654|N|001|AC123456|03|P|N||PPO|02|PKG0042|PPO001|2|F|W000000141|Lewis|Riley|F|19930224|67296|OH|EF||W000000549|W000000549|Lewis|Riley|F|SP|19801005|202606010000160|ACAS2026060100000160||TCN2026060100000160|SRC2026060100000160|002026060100000160|NY0001|NY0001||2|100000103|DR Miller MD|2|100000103|PV000103|DR Miller MD|4438 MEDICAL PLAZA||MI MEDICAL CTR|MI|17457|1|38|P|P|20260425|20260518|20260419|20260419|20260522||||||99283||P|Y|05||1|||32||||2|1|155.73|155.73|155.73|0.00|0.00||CO45||0.00|0.00||75.00|75.00|0.00|0.00|0.00|0.00|0.00|0.00|0.00|0.00|0.00|0.00|0.00|0.00||N|||W000000549|D|W000000549|0|0|0.00|||2|38||155.73||Y|N|N||||1||38|2000000103|N|0.00|0.00|38|32|||||TC|59||||||||K57.30|E11.9|J44.1||||||||99283|||||||0.00|75.00|0.00|N|||AETNA
002026060100000161|1234567|0987654|N|001|AC123456|01|I|N||PPO|03|PKG0042|PPO001|1|F|W000000249|Taylor|Benjamin|M|19750527|68613|IL|EE||W000000698|W000000698|Taylor|Chloe|F|SP|19650302|202606010000161|ACAS2026060100000161||TCN2026060100000161|SRC2026060100000161|002026060100000161|NY0001|NY0001||2|100000175|DR Anderson MD|2|100000175|PV000175|DR Anderson MD|1515 MEDICAL PLAZA||VA MEDICAL CTR|VA|85127|4|10|P|P|20260430|20260516|20260513|20260516|20260518||||05|195|99204|59|I|Y|04||4|||99|02|0900|112|2|3|587.16|587.16|180.87|0.00|0.00|PR1|CO45||406.29|406.29||0.00|0.00|25.94|52.03|52.03|328.32|328.32|0.00|0.00|0.00|180.87|0.00|0.00|0.00||N|||W000000698|P|W000000698|0|1|0.00|||1|10||587.16||Y||||||1||10|2000000175|N|0.00|0.00|10|99|1|3|20260513|20260516||AT||||||||Z23|N39.0|||||||||99204|||||||52.03|0.00|25.94|N|3||AETNA
002026060100000162|1234567|0987654|N|001|AC123456|03|P|Y||PPO|03|PKG0042|PPO001|N|F|W000000174|Thomas|Logan|M|19770505|86916|IL|EF||W000000466|W000000466|Thomas|Henry|M|CH|20170910|202606010000162|ACAS2026060100000162||TCN2026060100000162|SRC2026060100000162|002026060100000162|NY0001|NY0001||2|100000150|DR Perez MD|2|100000150|PV000150|DR Perez MD|8298 MEDICAL PLAZA||MI MEDICAL CTR|MI|14019|1|50|P|N|20260506|20260528|20260426|20260426|20260531||||||82947||P|Y|01||2|||12||||2|1|1120.52|1120.52|445.52|0.00|0.00|PR1|CO45||675.00|675.00||40.00|40.00|90.71|78.40|78.40|465.89|465.89|0.00|0.00|0.00|445.52|0.00|0.00|0.00||N|||W000000466|P|W000000466|0|0|0.00|||N|50||1120.52||||||||1||50|2000000150|N|0.00|0.00|50|12|||||50|||N||||||Z23||E11.65||G43.909||||||82947|||||||78.40|40.00|90.71|N|||AETNA
002026060100000163|1234567|0987654|N|001|AC123456|03|P|Y||PPO|01|PKG0042|PPO001|N|F|W000000287|Martin|David|M|19920320|20891|AZ|ES|736109632|W000000287|W000000287|Martin|David|M|EE|19920320|202606010000163|ACAS2026060100000163||TCN2026060100000163|SRC2026060100000163|002026060100000163|NY0001|NY0001||2|100000255|DR Walker MD|2|100000255|PV000255|DR Walker MD|6602 MEDICAL PLAZA||MA MEDICAL CTR|MA|32933|1|50|P|N|20260506|20260524|20260429|20260429|20260526||||||36415||P|Y|05||1|||23||||3|2|213.59|213.59|86.23|0.00|0.00|PR1|CO45||127.36|127.36||20.00|20.00|7.74|17.42|17.42|82.20|82.20|0.00|0.00|0.00|86.23|0.00|0.00|0.00||N|||W000000287|P|W000000287|0|0|0.00|||N|50||213.59||N||||||1||50|2000000255|N|0.00|0.00|50|23||||||||||||||Z12.31|M17.11|||||||||36415|||||||17.42|20.00|7.74|N|||AETNA
002026060100000164|1234567|0987654|N|001|AC123456|01|I|N||PPO|02|PKG0042|PPO001|3|F|W000000285|Davis|Oliver|M|19820913|63204|NY|EC|620147599|W000000285|W000000285|Davis|Oliver|M|EE|19820913|202606010000164|ACAS2026060100000164||TCN2026060100000164|SRC2026060100000164|002026060100000164|NY0001|NY0001||2|100000160|DR Young MD|2|100000160|PV000160|DR Young MD|5266 MEDICAL PLAZA||IL MEDICAL CTR|IL|28080|4|10|P|P|20260506|20260520|20260504|20260507|20260523||||02|194|99291|26|I|Y|01||4|||32|03|0300|212|2|3|1016.22|1016.22|571.98|0.00|0.00|PR1|CO45||444.24|444.24||30.00|30.00|2.93|51.16|51.16|360.15|360.15|0.00|0.00|0.00|571.98|0.00|0.00|0.00||N|||W000000285|P|W000000285|0|1|0.00|||3|10||1016.22||Y||||||1||10|2000000160|N|0.00|0.00|10|32|7|4|20260504|20260507||||||||||I25.10||E78.5||||||||99291|||||||51.16|30.00|2.93|N|4||AETNA
002026060100000165|1234567|0987654|N|001|AC123456|01|I|N||PPO|02|PKG0042|PPO001|2|F|W000000293|Gonzalez|Zoey|F|19930111|13885|NJ|EF|741104168|W000000293|W000000293|Gonzalez|Zoey|F|EE|19930111|202606010000165|ACAS2026060100000165||TCN2026060100000165|SRC2026060100000165|002026060100000165|NY0001|NY0001||2|100000156|DR Ramirez MD|2|100000156|PV000156|DR Ramirez MD|9957 MEDICAL PLAZA||PA MEDICAL CTR|PA|22700|4|06|P|P|20260504|20260523|20260503|20260507|20260525||||09|871|99213|TC|I|Y|02||4|||21|07|0900|131|3|1|717.42|717.42|414.70|0.00|0.00|PR1|CO45||302.72|302.72||30.00|30.00|89.08|44.87|44.87|138.77|138.77|0.00|0.00|0.00|414.70|0.00|0.00|0.00||N|||W000000293|P|W000000293|0|1|0.00|||2|06||717.42||||||||1||06|2000000156|N|0.00|0.00|06|21|7|4|20260503|20260507||GT||||||||F41.9||Z12.31||||||||99213|||||||44.87|30.00|89.08|N|4||AETNA
002026060100000166|1234567|0987654|N|001|AC123456|03|P|N||PPO|03|PKG0042|PPO001|1|F|W000000319|Robinson|Grace|F|19910704|14301|FL|EE||W000000570|W000000570|Robinson|Zoey|F|SP|19710802|202606010000166|ACAS2026060100000166||TCN2026060100000166|SRC2026060100000166|002026060100000166|NY0001|NY0001||2|100000032|DR Young MD|2|100000032|PV000032|DR Young MD|7988 MEDICAL PLAZA||NC MEDICAL CTR|NC|38849|1|02|P|P|20260511|20260524|20260327|20260327|20260527||||||99395|59|P|Y|06||M|||99||||3|2|384.83|384.83|287.54|0.00|0.00|PR1|CO45||97.29|97.29||20.00|20.00|7.56|11.65|11.65|58.08|58.08|0.00|0.00|0.00|287.54|0.00|0.00|0.00||N|||W000000570|P|W000000570|0|0|0.00|||1|02||384.83|||Y|||||1||02|2000000032|N|0.00|0.00|02|99||||||59||||||||Z79.899|J30.9|||J06.9||||||99395|||||||11.65|20.00|7.56|N|||AETNA
002026060100000167|1234567|0987654|N|001|AC123456|03|P|N||PPO|01|PKG0042|PPO001|3|F|W000000225|Ramirez|Aiden|M|19720528|34909|FL|EF|520768375|W000000225|W000000225|Ramirez|Aiden|M|EE|19720528|202606010000167|ACAS2026060100000167||TCN2026060100000167|SRC2026060100000167|002026060100000167|NY0001|NY0001||2|100000007|DR Miller MD|2|100000007|PV000007|DR Miller MD|4777 MEDICAL PLAZA||CO MEDICAL CTR|CO|54478|1|07|P|P|20260427|20260525|20260518|20260518|20260528||||||90847|50|P|Y|08||2|||11||||2|1|1375.36|1375.36|356.08|0.00|0.00|PR1|CO45||1019.28|1019.28||0.00|0.00|181.36|128.07|128.07|709.85|709.85|0.00|0.00|0.00|356.08|0.00|0.00|0.00||N|||W000000225|P|W000000225|0|0|0.00|||3|07||1375.36||N||||||1||07|2000000007|N|0.00|0.00|07|11||||||59||||||||J18.9|F32.9|||||||||90847|||||||128.07|0.00|181.36|N|||AETNA
002026060100000168|1234567|0987654|N|001|AC123456|03|P|Y||PPO|02|PKG0042|PPO001|N|F|W000000117|Davis|Grace|F|19920528|62080|CO|EF|350611225|W000000117|W000000117|Davis|Grace|F|EE|19920528|202606010000168|ACAS2026060100000168||TCN2026060100000168|SRC2026060100000168|002026060100000168|NY0001|NY0001||2|100000120|DR White MD|2|100000120|PV000120|DR White MD|760 MEDICAL PLAZA||MA MEDICAL CTR|MA|33004|1|50|P|N|20260509|20260531|20260501|20260501|20260603||||||36415|59|P|Y|06||4|||32||||3|3|102.32|102.32|45.71|0.00|0.00|PR1|CO45||56.61|56.61||0.00|0.00|5.10|5.38|5.38|46.13|46.13|0.00|0.00|0.00|45.71|0.00|0.00|0.00||N|||W000000117|P|W000000117|0|0|0.00|||N|50||102.32||N||||||1||50|2000000120|N|0.00|0.00|50|32||||||||||||||G47.33|M79.3|||||||||36415|||||||5.38|0.00|5.10|N|||AETNA
002026060100000169|1234567|0987654|N|001|AC123456|03|P|N||PPO|02|PKG0042|PPO001|2|F|W000000235|Garcia|Liam|M|19600707|66963|AZ|EF|279915502|W000000235|W000000235|Garcia|Liam|M|EE|19600707|202606010000169|ACAS2026060100000169||TCN2026060100000169|SRC2026060100000169|002026060100000169|NY0001|NY0001||2|100000300|DR Lopez MD|2|100000300|PV000300|DR Lopez MD|2383 MEDICAL PLAZA||GA MEDICAL CTR|GA|64558|1|50|P|P|20260422|20260515|20260418|20260418|20260518||||||82947|50|P|Y|01||4|||22||||3|2|893.08|893.08|490.15|0.00|0.00|PR1|CO45||402.93|402.93||40.00|40.00|44.80|72.05|72.05|246.08|246.08|0.00|0.00|0.00|490.15|0.00|0.00|0.00||N|||W000000235|P|W000000235|0|0|0.00|||2|50||893.08|||N|||||1||50|2000000300|N|0.00|0.00|50|22|||||95|||||||||R05|R51|||||||||82947|||||||72.05|40.00|44.80|N|||AETNA
002026060100000170|1234567|0987654|N|001|AC123456|01|I|N||PPO|02|PKG0042|PPO001|1|F|W000000016|Williams|Jacob|M|19650902|85993|CA|EF|111737894|W000000016|W000000016|Williams|Jacob|M|EE|19650902|202606010000170|ACAS2026060100000170||TCN2026060100000170|SRC2026060100000170|002026060100000170|NY0001|NY0001||2|100000276|DR Martin MD|2|100000276|PV000276|DR Martin MD|5713 MEDICAL PLAZA||FL MEDICAL CTR|FL|21622|4|06|P|P|20260422|20260514|20260412|20260415|20260518||||11|195|71046||I|Y|05||N|||24|04|0370|121|3|3|2634.69|2634.69|1259.69|0.00|0.00|PR1|CO45||1375.00|1375.00||20.00|20.00|164.08|230.89|230.89|960.03|960.03|0.00|0.00|0.00|1259.69|0.00|0.00|0.00||N|||W000000016|P|W000000016|0|1|0.00|||1|06||2634.69||Y|N|||||1||06|2000000276|N|0.00|0.00|06|24|5|1|20260412|20260415||26||||||||Z79.899|J06.9|||||||||71046|||||||230.89|20.00|164.08|N|1||AETNA
002026060100000171|1234567|0987654|N|001|AC123456|03|P|N||PPO|02|PKG0042|PPO001|2|F|W000000075|Thomas|Riley|F|19670608|12834|NY|EF|931244458|W000000075|W000000075|Thomas|Riley|F|EE|19670608|202606010000171|ACAS2026060100000171||TCN2026060100000171|SRC2026060100000171|002026060100000171|NY0001|NY0001||2|100000189|DR Lewis MD|2|100000189|PV000189|DR Lewis MD|3943 MEDICAL PLAZA||TX MEDICAL CTR|TX|25762|1|09|P|P|20260514|20260530|20260314|20260314|20260601||||||85025|50|P|Y|08||A|||11||||1|3|2261.88|2261.88|1650.58|0.00|0.00|PR1|CO45||611.30|611.30||20.00|20.00|61.44|86.08|86.08|443.78|443.78|0.00|0.00|0.00|1650.58|0.00|0.00|0.00||N|||W000000075|P|W000000075|0|0|0.00|||2|09||2261.88||N|N|||||1||09|2000000189|N|0.00|0.00|09|11||||||25||||||||F32.9|F41.9|Z00.00||||||||85025|||||||86.08|20.00|61.44|N|||AETNA
002026060100000172|1234567|0987654|N|001|AC123456|03|P|Y||PPO|03|PKG0042|PPO001|N|F|W000000064|Thomas|Henry|M|19771122|40929|IL|EE|304836232|W000000064|W000000064|Thomas|Henry|M|EE|19771122|202606010000172|ACAS2026060100000172||TCN2026060100000172|SRC2026060100000172|002026060100000172|NY0001|NY0001||2|100000190|DR Robinson MD|2|100000190|PV000190|DR Robinson MD|7290 MEDICAL PLAZA||IL MEDICAL CTR|IL|80372|1|10|P|N|20260426|20260524|20260310|20260310|20260527||||||90847|50|P|Y|08||2|||32||||3|2|926.43|926.43|614.38|0.00|0.00|PR1|CO45||312.05|312.05||0.00|0.00|59.67|34.53|34.53|217.85|217.85|0.00|0.00|0.00|614.38|0.00|0.00|0.00||N|||W000000064|P|W000000064|0|0|0.00|||N|10||926.43||Y||N||||1||10|2000000190|N|0.00|0.00|10|32|||||25|||||||||E78.5||I50.9||S93.401||||||90847|||||||34.53|0.00|59.67|N|||AETNA
002026060100000173|1234567|0987654|N|001|AC123456|01|I|N||PPO|02|PKG0042|PPO001|2|F|W000000239|Smith|William|M|19661117|71345|OH|EF||W000000541|W000000541|Smith|Samuel|M|SP|19790115|202606010000173|ACAS2026060100000173||TCN2026060100000173|SRC2026060100000173|002026060100000173|NY0001|NY0001||2|100000118|DR Perez MD|2|100000118|PV000118|DR Perez MD|3293 MEDICAL PLAZA||GA MEDICAL CTR|GA|55023|4|38|P|P|20260512|20260522|20260502|20260502|20260523||||11|683|80053|AT|I|Y|04||M|||24|07|0730|132|3|2|514.69|514.69|225.60|0.00|0.00|PR1|CO45||289.09|289.09||0.00|0.00|83.34|43.57|43.57|162.18|162.18|0.00|0.00|0.00|225.60|0.00|0.00|0.00||N|||W000000541|P|W000000541|0|1|0.00|||2|38||514.69|||N|N||||1||38|2000000118|N|0.00|0.00|38|24|2|4|20260502|20260502|59|50||||||||J44.1|Z12.31|Z23||||||||80053|||||||43.57|0.00|83.34|N|4||AETNA
002026060100000174|1234567|0987654|N|001|AC123456|03|P|N||PPO|01|PKG0042|PPO001|1|F|W000000013|Lopez|Isabella|F|19690106|99591|IL|EC||W000000506|W000000506|Lopez|Riley|F|CH|20010422|202606010000174|ACAS2026060100000174||TCN2026060100000174|SRC2026060100000174|002026060100000174|NY0001|NY0001||2|100000054|DR Perez MD|2|100000054|PV000054|DR Perez MD|1476 MEDICAL PLAZA||NY MEDICAL CTR|NY|76822|1|09|P|P|20260428|20260517|20260412|20260412|20260520||||||85025|26|P|Y|08||M|||32||||2|3|387.44|387.44|190.96|0.00|0.00|PR1|CO45||196.48|196.48||0.00|0.00|25.27|41.40|41.40|129.81|129.81|0.00|0.00|0.00|190.96|0.00|0.00|0.00||N|||W000000506|P|W000000506|0|0|0.00|||1|09||387.44||Y||||||1||09|2000000054|N|0.00|0.00|09|32||||||59||||||||R05||||||||||85025|||||||41.40|0.00|25.27|N|||AETNA
002026060100000175|1234567|0987654|N|001|AC123456|03|P|N||PPO|02|PKG0042|PPO001|3|F|W000000245|Perez|Nora|F|19910211|26467|CO|EF||W000000488|W000000488|Perez|Oliver|M|CH|20110715|202606010000175|ACAS2026060100000175||TCN2026060100000175|SRC2026060100000175|002026060100000175|NY0001|NY0001||2|100000003|DR Williams MD|2|100000003|PV000003|DR Williams MD|1704 MEDICAL PLAZA||VA MEDICAL CTR|VA|95595|1|03|P|P|20260507|20260513|20260526|20260526|20260517||||||99291|51|P|Y|08||S|||23||||1|2|514.15|514.15|183.28|0.00|0.00|PR1|CO45||330.87|330.87||30.00|30.00|96.61|32.09|32.09|172.17|172.17|0.00|0.00|0.00|183.28|0.00|0.00|0.00||N|||W000000488|P|W000000488|0|0|0.00|||3|03||514.15||||||||1||03|2000000003|N|0.00|0.00|03|23|||||26|59||||||||E11.9||||||||||99291|||||||32.09|30.00|96.61|N|||AETNA
002026060100000176|1234567|0987654|N|001|AC123456|03|P|Y||PPO|02|PKG0042|PPO001|N|F|W000000324|Brown|Amelia|F|19700116|46262|WA|EE|402892165|W000000324|W000000324|Brown|Amelia|F|EE|19700116|202606010000176|ACAS2026060100000176||TCN2026060100000176|SRC2026060100000176|002026060100000176|NY0001|NY0001||2|100000102|DR Garcia MD|2|100000102|PV000102|DR Garcia MD|2457 MEDICAL PLAZA||VA MEDICAL CTR|VA|49122|1|12|P|N|20260512|20260524|20260405|20260405|20260526||||||36415||P|Y|07||N|||11||||2|3|1055.99|1055.99|444.18|0.00|0.00|PR1|CO45||611.81|611.81||0.00|0.00|122.57|58.82|58.82|430.42|430.42|0.00|0.00|0.00|444.18|0.00|0.00|0.00||N|||W000000324|P|W000000324|0|0|0.00|||N|12||1055.99||||||||1||12|2000000102|N|0.00|0.00|12|11|||||95|26||||||||I10|Z79.899|||||||||36415|||||||58.82|0.00|122.57|N|||AETNA
002026060100000177|1234567|0987654|N|001|AC123456|03|P|N||PPO|03|PKG0042|PPO001|3|F|W000000278|Ramirez|Isabella|F|19660420|17676|PA|EE||W000000502|W000000502|Ramirez|Henry|M|SP|19850421|202606010000177|ACAS2026060100000177||TCN2026060100000177|SRC2026060100000177|002026060100000177|NY0001|NY0001||2|100000095|DR Walker MD|2|100000095|PV000095|DR Walker MD|9990 MEDICAL PLAZA||MA MEDICAL CTR|MA|31434|1|05|P|P|20260428|20260517|20260515|20260515|20260518||||||99204||P|Y|01||S|||31||||3|1|334.90|334.90|150.46|0.00|0.00|PR1|CO45||184.44|184.44||20.00|20.00|33.59|15.23|15.23|115.62|115.62|0.00|0.00|0.00|150.46|0.00|0.00|0.00||N|||W000000502|P|W000000502|0|0|0.00|||3|05||334.90||N||||||1||05|2000000095|N|0.00|0.00|05|31|||||59|51||||||||M79.3||||||||||99204|||||||15.23|20.00|33.59|N|||AETNA
002026060100000178|1234567|0987654|N|001|AC123456|03|P|N||PPO|03|PKG0042|PPO001|3|F|W000000113|Rodriguez|Matthew|M|19720710|51288|FL|EE|770568116|W000000113|W000000113|Rodriguez|Matthew|M|EE|19720710|202606010000178|ACAS2026060100000178||TCN2026060100000178|SRC2026060100000178|002026060100000178|NY0001|NY0001||2|100000058|DR Sanchez MD|2|100000058|PV000058|DR Sanchez MD|499 MEDICAL PLAZA||OH MEDICAL CTR|OH|33469|1|38|P|P|20260427|20260514|20260521|20260521|20260515||||||82947||P|Y|07||4|||32||||2|2|1266.24|1266.24|433.52|0.00|0.00|PR1|CO45||832.72|832.72||20.00|20.00|59.23|76.07|76.07|677.42|677.42|0.00|0.00|0.00|433.52|0.00|0.00|0.00||N|||W000000113|P|W000000113|0|0|0.00|||3|38||1266.24||N||||||1||38|2000000058|N|0.00|0.00|38|32|||||AT|TC|N|Y||||||M79.3|||J06.9|E11.9||||||82947|||||||76.07|20.00|59.23|N|||AETNA
002026060100000179|1234567|0987654|N|001|AC123456|01|I|N||PPO|03|PKG0042|PPO001|3|F|W000000253|Robinson|Elijah|M|19650419|21540|FL|ES||W000000631|W000000631|Robinson|Evelyn|F|CH|20050620|202606010000179|ACAS2026060100000179||TCN2026060100000179|SRC2026060100000179|002026060100000179|NY0001|NY0001||2|100000078|DR Wilson MD|2|100000078|PV000078|DR Wilson MD|7773 MEDICAL PLAZA||NY MEDICAL CTR|NY|17888|4|03|P|P|20260418|20260516|20260331|20260331|20260520||||15|196|82947|TC|I|Y|07||B|||32|05|0110|211|2|3|4077.28|4077.28|2918.80|0.00|0.00|PR1|CO45||1158.48|1158.48||20.00|20.00|21.87|236.27|236.27|880.34|880.34|0.00|0.00|0.00|2918.80|0.00|0.00|0.00||N|||W000000631|P|W000000631|1|1|0.00|||3|03||4077.28||||N||||1||03|2000000078|N|0.00|0.00|03|32|7|9|20260331|20260331|59|AT||||||||F32.9|J45.909|E66.9||||||||82947|||||||236.27|20.00|21.87|N|9||AETNA
002026060100000180|1234567|0987654|N|001|AC123456|01|I|N||PPO|03|PKG0042|PPO001|2|F|W000000351|Jones|Sofia|F|19680308|52206|NC|EE|534814198|W000000351|W000000351|Jones|Sofia|F|EE|19680308|202606010000180|ACAS2026060100000180||TCN2026060100000180|SRC2026060100000180|002026060100000180|NY0001|NY0001||2|100000008|DR Davis MD|2|100000008|PV000008|DR Davis MD|1999 MEDICAL PLAZA||PA MEDICAL CTR|PA|74056|4|08|P|P|20260506|20260526|20260512|20260516|20260529||||05|293|99205|AT|I|Y|05||N|||22|05|0250|121|3|2|631.06|631.06|255.30|0.00|0.00|PR1|CO45||375.76|375.76||0.00|0.00|96.04|69.15|69.15|210.57|210.57|0.00|0.00|0.00|255.30|0.00|0.00|0.00||N|||W000000351|P|W000000351|0|1|0.00|||2|08||631.06||N||||||1||08|2000000008|N|0.00|0.00|08|22|5|1|20260512|20260516|50|95||||||||R05||||||||||99205|||||||69.15|0.00|96.04|N|1||AETNA
002026060100000181|1234567|0987654|N|001|AC123456|03|P|N||PPO|02|PKG0042|PPO001|2|F|W000000189|Harris|Zoey|F|19750911|86546|NY|EF||W000000657|W000000657|Harris|Noah|M|CH|20060813|202606010000181|ACAS2026060100000181||TCN2026060100000181|SRC2026060100000181|002026060100000181|NY0001|NY0001||2|100000183|DR Thompson MD|2|100000183|PV000183|DR Thompson MD|5453 MEDICAL PLAZA||OH MEDICAL CTR|OH|86119|1|03|P|P|20260501|20260516|20260417|20260417|20260517||||||97110|25|P|Y|02||M|||99||||3|1|212.14|212.14|83.20|0.00|0.00|PR1|CO45||128.94|128.94||0.00|0.00|22.20|26.57|26.57|80.17|80.17|0.00|0.00|0.00|83.20|0.00|0.00|0.00||N|||W000000657|P|W000000657|0|0|0.00|||2|03||212.14||||||||1||03|2000000183|N|0.00|0.00|03|99||||||AT||||||||F41.9|I10|||||||||97110|||||||26.57|0.00|22.20|N|||AETNA
002026060100000182|1234567|0987654|N|001|AC123456|01|I|N||PPO|01|PKG0042|PPO001|3|F|W000000107|Jones|Sophia|F|19721206|63731|AZ|EE|406692493|W000000107|W000000107|Jones|Sophia|F|EE|19721206|202606010000182|ACAS2026060100000182||TCN2026060100000182|SRC2026060100000182|002026060100000182|NY0001|NY0001||2|100000279|DR Thompson MD|2|100000279|PV000279|DR Thompson MD|9956 MEDICAL PLAZA||VA MEDICAL CTR|VA|36255|4|09|P|P|20260509|20260524|20260519|20260520|20260525||||10|683|99214|AT|I|Y|01||M|||31|20|0200|132|2|3|212.08|212.08|129.88|0.00|0.00|PR1|CO45||82.20|82.20||75.00|75.00|10.22|0.00|0.00|0.00|0.00|0.00|0.00|0.00|129.88|0.00|0.00|0.00||N|||W000000107|P|W000000107|0|1|0.00|||3|09||212.08|||Y|||||1||09|2000000279|N|0.00|0.00|09|31|5|4|20260519|20260520|26|TC||||||||Z12.31|J45.909|||||||||99214|||||||0.00|75.00|10.22|N|4||AETNA
002026060100000183|1234567|0987654|N|001|AC123456|01|I|Y||PPO|02|PKG0042|PPO001|N|F|W000000349|Rodriguez|Sofia|F|19920806|92475|VA|EC|893775453|W000000349|W000000349|Rodriguez|Sofia|F|EE|19920806|202606010000183|ACAS2026060100000183||TCN2026060100000183|SRC2026060100000183|002026060100000183|NY0001|NY0001||2|100000208|DR Thomas MD|2|100000208|PV000208|DR Thomas MD|8813 MEDICAL PLAZA||CA MEDICAL CTR|CA|23427|4|38|P|N|20260511|20260531|20260325|20260329|20260603||||14|293|99283|TC|I|Y|02||2|||22|02|0110|122|3|1|1287.01|1287.01|839.36|0.00|0.00|PR1|CO45||447.65|447.65||50.00|50.00|109.04|35.88|35.88|252.73|252.73|0.00|0.00|0.00|839.36|0.00|0.00|0.00||N|||W000000349|P|W000000349|0|1|0.00|||N|38||1287.01|||Y|N||||1||38|2000000208|N|0.00|0.00|38|22|7|1|20260325|20260329|51|||||||||G43.909|R05|K21.0||||||||99283|||||||35.88|50.00|109.04|N|1||AETNA
002026060100000184|1234567|0987654|N|001|AC123456|01|I|N||PPO|01|PKG0042|PPO001|3|F|W000000245|Perez|Nora|F|19910211|26467|CO|EF||W000000488|W000000488|Perez|Oliver|M|CH|20110715|202606010000184|ACAS2026060100000184||TCN2026060100000184|SRC2026060100000184|002026060100000184|NY0001|NY0001||2|100000135|DR Miller MD|2|100000135|PV000135|DR Miller MD|2380 MEDICAL PLAZA||FL MEDICAL CTR|FL|15465|4|50|P|P|20260423|20260517|20260323|20260325|20260519||||02|195|90834||I|Y|08||1|||21|07|0100|122|2|2|632.21|632.21|406.56|0.00|0.00|PR1|CO45||225.65|225.65||0.00|0.00|21.02|50.47|50.47|154.16|154.16|0.00|0.00|0.00|406.56|0.00|0.00|0.00||N|||W000000488|P|W000000488|0|1|0.00|||3|50||632.21||N||||||1||50|2000000135|N|0.00|0.00|50|21|||20260323|20260325|50|GT||||||||M79.3|R51|||||||||90834|||||||50.47|0.00|21.02|N|||AETNA
002026060100000185|1234567|0987654|N|001|AC123456|01|I|N||PPO|01|PKG0042|PPO001|2|F|W000000347|White|Benjamin|M|19650104|32276|CA|ES|103377779|W000000347|W000000347|White|Benjamin|M|EE|19650104|202606010000185|ACAS2026060100000185||TCN2026060100000185|SRC2026060100000185|002026060100000185|NY0001|NY0001||2|100000127|DR Walker MD|2|100000127|PV000127|DR Walker MD|9445 MEDICAL PLAZA||CO MEDICAL CTR|CO|19859|4|07|P|P|20260505|20260516|20260409|20260413|20260517||||10|195|80061|95|I|Y|03||F|||23|02|0900|131|1|1|1401.51|1401.51|912.28|0.00|0.00|PR1|CO45||489.23|489.23||20.00|20.00|115.01|52.84|52.84|301.38|301.38|0.00|0.00|0.00|912.28|0.00|0.00|0.00||N|||W000000347|P|W000000347|0|1|0.00|||2|07||1401.51||N||||||1||07|2000000127|N|0.00|0.00|07|23|1|1|20260409|20260413||GT||||||||F32.9||R51||||||||80061|||||||52.84|20.00|115.01|N|1||AETNA
002026060100000186|1234567|0987654|N|001|AC123456|03|P|N||PPO|01|PKG0042|PPO001|3|F|W000000313|Taylor|Benjamin|M|19911114|41957|NC|ES|629232175|W000000313|W000000313|Taylor|Benjamin|M|EE|19911114|202606010000186|ACAS2026060100000186||TCN2026060100000186|SRC2026060100000186|002026060100000186|NY0001|NY0001||2|100000093|DR Lewis MD|2|100000093|PV000093|DR Lewis MD|3549 MEDICAL PLAZA||MA MEDICAL CTR|MA|31878|1|03|P|P|20260506|20260525|20260317|20260317|20260527||||||80061|95|P|Y|02||2|||11||||1|2|422.59|422.59|206.27|0.00|0.00|PR1|CO45||216.32|216.32||30.00|30.00|21.28|24.76|24.76|140.28|140.28|0.00|0.00|0.00|206.27|0.00|0.00|0.00||N|||W000000313|P|W000000313|0|0|0.00|||3|03||422.59||N|N|||||1||03|2000000093|N|0.00|0.00|03|11||||||51||||||||J18.9|F32.9|||||||||80061|||||||24.76|30.00|21.28|N|||AETNA
002026060100000187|1234567|0987654|N|001|AC123456|03|P|Y||PPO|01|PKG0042|PPO001|N|F|W000000117|Davis|Grace|F|19920528|62080|CO|EF|350611225|W000000117|W000000117|Davis|Grace|F|EE|19920528|202606010000187|ACAS2026060100000187||TCN2026060100000187|SRC2026060100000187|002026060100000187|NY0001|NY0001||2|100000043|DR Hernandez MD|2|100000043|PV000043|DR Hernandez MD|6304 MEDICAL PLAZA||NC MEDICAL CTR|NC|80836|1|38|P|N|20260504|20260523|20260420|20260420|20260524||||||80061|50|P|Y|03||4|||99||||1|2|1347.53|1347.53|919.27|0.00|0.00|PR1|CO45||428.26|428.26||75.00|75.00|118.31|47.72|47.72|187.23|187.23|0.00|0.00|0.00|919.27|0.00|0.00|0.00||N|||W000000117|P|W000000117|0|0|0.00|||N|38||1347.53||N|Y|||||1||38|2000000043|N|0.00|0.00|38|99||||||TC||N||||||G47.33|F41.9|N39.0|E78.5|J30.9||||||80061|||||||47.72|75.00|118.31|N|||AETNA
002026060100000188|1234567|0987654|N|001|AC123456|03|P|N||PPO|01|PKG0042|PPO001|1|F|W000000267|Thompson|Avery|F|19750603|69042|PA|EC|246674790|W000000267|W000000267|Thompson|Avery|F|EE|19750603|202606010000188|ACAS2026060100000188||TCN2026060100000188|SRC2026060100000188|002026060100000188|NY0001|NY0001||2|100000180|DR Martin MD|2|100000180|PV000180|DR Martin MD|131 MEDICAL PLAZA||MA MEDICAL CTR|MA|17679|1|50|P|P|20260520|20260525|20260512|20260512|20260526||||||99204|25|P|Y|06||S|||11||||1|2|581.40|581.40|244.40|0.00|0.00|PR1|CO45||337.00|337.00||75.00|75.00|27.09|25.22|25.22|209.69|209.69|0.00|0.00|0.00|244.40|0.00|0.00|0.00||N|||W000000267|P|W000000267|0|0|0.00|||1|50||581.40||N||||||1||50|2000000180|N|0.00|0.00|50|11||||||95||||||||R51||||||||||99204|||||||25.22|75.00|27.09|N|||AETNA
002026060100000189|1234567|0987654|N|001|AC123456|01|I|N||PPO|03|PKG0042|PPO001|1|F|W000000168|Lee|Logan|M|19650602|99824|NC|EE|797726296|W000000168|W000000168|Lee|Logan|M|EE|19650602|202606010000189|ACAS2026060100000189||TCN2026060100000189|SRC2026060100000189|002026060100000189|NY0001|NY0001||2|100000170|DR Martinez MD|2|100000170|PV000170|DR Martinez MD|8041 MEDICAL PLAZA||AZ MEDICAL CTR|AZ|32705|4|05|P|P|20260502|20260529|20260515|20260517|20260530||||02|291|99291|GT|I|Y|01||B|||11|03|0200|112|2|2|356.87|356.87|248.90|0.00|0.00|PR1|CO45||107.97|107.97||50.00|50.00|4.46|11.98|11.98|41.53|41.53|0.00|0.00|0.00|248.90|0.00|0.00|0.00||N|||W000000168|P|W000000168|0|1|0.00|||1|05||356.87||Y||||||1||05|2000000170|N|0.00|0.00|05|11|1||20260515|20260517|26|||||||||Z12.31||N39.0||||||||99291|||||||11.98|50.00|4.46|N|||AETNA
002026060100000190|1234567|0987654|N|001|AC123456|03|P|N||PPO|03|PKG0042|PPO001|2|F|W000000212|Gonzalez|Noah|M|19851012|80831|VA|EF|839934634|W000000212|W000000212|Gonzalez|Noah|M|EE|19851012|202606010000190|ACAS2026060100000190||TCN2026060100000190|SRC2026060100000190|002026060100000190|NY0001|NY0001||2|100000003|DR Williams MD|2|100000003|PV000003|DR Williams MD|9693 MEDICAL PLAZA||IL MEDICAL CTR|IL|92827|1|03|P|P|20260424|20260513|20260509|20260509|20260515||||||99232||P|Y|08||A|||21||||2|2|473.03|473.03|348.41|0.00|0.00|PR1|CO45||124.62|124.62||0.00|0.00|26.10|24.59|24.59|73.93|73.93|0.00|0.00|0.00|348.41|0.00|0.00|0.00||N|||W000000212|P|W000000212|0|0|0.00|||2|03||473.03|||N|||||1||03|2000000003|N|0.00|0.00|03|21|||||TC|51||||||||R05|M79.3||J30.9|||||||99232|||||||24.59|0.00|26.10|N|||AETNA
002026060100000191|1234567|0987654|N|001|AC123456|03|P|N||PPO|01|PKG0042|PPO001|1|F|W000000019|Thomas|Sophia|F|19660817|49366|MI|ES||W000000479|W000000479|Thomas|Avery|F|CH|20080914|202606010000191|ACAS2026060100000191||TCN2026060100000191|SRC2026060100000191|002026060100000191|NY0001|NY0001||2|100000125|DR Lewis MD|2|100000125|PV000125|DR Lewis MD|1842 MEDICAL PLAZA||PA MEDICAL CTR|PA|44820|1|05|P|P|20260520|20260531|20260510|20260510|20260601||||||99395|50|P|Y|02||4|||23||||1|2|240.45|240.45|141.95|0.00|0.00|PR1|CO45||98.50|98.50||30.00|30.00|4.81|13.77|13.77|49.92|49.92|0.00|0.00|0.00|141.95|0.00|0.00|0.00||N|||W000000479|P|W000000479|0|0|0.00|||1|05||240.45|||Y|||||1||05|2000000125|N|0.00|0.00|05|23|||||GT|GT||||||||E66.9|K57.30|||||||||99395|||||||13.77|30.00|4.81|N|||AETNA
002026060100000192|1234567|0987654|N|001|AC123456|03|P|N||PPO|03|PKG0042|PPO001|3|F|W000000292|Williams|Mia|F|19651009|50694|CA|ES||W000000442|W000000442|Williams|Daniel|M|SP|19940114|202606010000192|ACAS2026060100000192||TCN2026060100000192|SRC2026060100000192|002026060100000192|NY0001|NY0001||2|100000084|DR Martin MD|2|100000084|PV000084|DR Martin MD|1811 MEDICAL PLAZA||CA MEDICAL CTR|CA|41676|1|09|P|P|20260501|20260521|20260430|20260430|20260524||||||99291|25|P|Y|05||B|||11||||2|3|3608.17|3608.17|2360.00|0.00|0.00|PR1|CO45||1248.17|1248.17||30.00|30.00|355.49|187.42|187.42|675.26|675.26|0.00|0.00|0.00|2360.00|0.00|0.00|0.00||N|||W000000442|P|W000000442|1|0|0.00|||3|09||3608.17||N|Y|||||1||09|2000000084|N|0.00|0.00|09|11||||||||||||||Z12.31|J45.909|||||||||99291|||||||187.42|30.00|355.49|N|||AETNA
002026060100000193|1234567|0987654|N|001|AC123456|03|P|N||PPO|03|PKG0042|PPO001|2|F|W000000065|Martin|Ella|F|19941022|34993|PA|ES||W000000426|W000000426|Martin|Victoria|F|CH|20180719|202606010000193|ACAS2026060100000193||TCN2026060100000193|SRC2026060100000193|002026060100000193|NY0001|NY0001||2|100000052|DR Martin MD|2|100000052|PV000052|DR Martin MD|6638 MEDICAL PLAZA||GA MEDICAL CTR|GA|17674|1|07|P|P|20260510|20260531|20260509|20260509|20260604||||||99205||P|Y|04||S|||32||||1|2|612.82|612.82|156.68|0.00|0.00|PR1|CO45||456.14|456.14||40.00|40.00|89.71|51.75|51.75|274.68|274.68|0.00|0.00|0.00|156.68|0.00|0.00|0.00||N|||W000000426|P|W000000426|0|0|0.00|||2|07||612.82||||||||1||07|2000000052|N|0.00|0.00|07|32|||||GT|||||||||I25.10||Z87.891||||||||99205|||||||51.75|40.00|89.71|N|||AETNA
002026060100000194|1234567|0987654|N|001|AC123456|03|P|N||PPO|03|PKG0042|PPO001|1|F|W000000254|Thompson|Aiden|M|19830709|10906|MA|EE|800932944|W000000254|W000000254|Thompson|Aiden|M|EE|19830709|202606010000194|ACAS2026060100000194||TCN2026060100000194|SRC2026060100000194|002026060100000194|NY0001|NY0001||2|100000211|DR Jackson MD|2|100000211|PV000211|DR Jackson MD|5421 MEDICAL PLAZA||MA MEDICAL CTR|MA|96110|1|01|P|P|20260421|20260518|20260407|20260407|20260520||||||80061|TC|P|Y|06||F|||21||||1|1|1150.37|1150.37|1150.37|0.00|0.00||CO45||0.00|0.00||75.00|75.00|0.00|0.00|0.00|0.00|0.00|0.00|0.00|0.00|0.00|0.00|0.00|0.00||N|||W000000254|D|W000000254|0|0|0.00|||1|01||1150.37||||||||1||01|2000000211|N|0.00|0.00|01|21||||||26||||||||Z12.31|K21.0|||||||||80061|||||||0.00|75.00|0.00|N|||AETNA
002026060100000195|1234567|0987654|N|001|AC123456|03|P|N||PPO|02|PKG0042|PPO001|3|F|W000000187|Robinson|Abigail|F|19880604|64284|AZ|EC||W000000672|W000000672|Robinson|Abigail|F|SP|19731028|202606010000195|ACAS2026060100000195||TCN2026060100000195|SRC2026060100000195|002026060100000195|NY0001|NY0001||2|100000158|DR Robinson MD|2|100000158|PV000158|DR Robinson MD|8160 MEDICAL PLAZA||VA MEDICAL CTR|VA|57871|1|08|P|P|20260509|20260514|20260515|20260515|20260518||||||99213|GT|P|Y|03||B|||12||||1|2|421.43|421.43|269.28|0.00|0.00|PR1|CO45||152.15|152.15||20.00|20.00|9.53|26.84|26.84|95.78|95.78|0.00|0.00|0.00|269.28|0.00|0.00|0.00||N|||W000000672|P|W000000672|0|0|0.00|||3|08||421.43||N|N|||||1||08|2000000158|N|0.00|0.00|08|12|||||51|||||||||M79.3|M17.11|||||||||99213|||||||26.84|20.00|9.53|N|||AETNA
002026060100000196|1234567|0987654|N|001|AC123456|01|I|Y||PPO|02|PKG0042|PPO001|N|F|W000000062|Martin|Elizabeth|F|19840117|92914|GA|EC|392758781|W000000062|W000000062|Martin|Elizabeth|F|EE|19840117|202606010000196|ACAS2026060100000196||TCN2026060100000196|SRC2026060100000196|002026060100000196|NY0001|NY0001||2|100000191|DR Walker MD|2|100000191|PV000191|DR Walker MD|2280 MEDICAL PLAZA||VA MEDICAL CTR|VA|55658|4|11|P|N|20260504|20260519|20260405|20260405|20260522||||14|470|80061|TC|I|Y|05||A|||31|04|0636|121|1|3|272.02|272.02|177.25|0.00|0.00|PR1|CO45||94.77|94.77||40.00|40.00|26.27|5.40|5.40|23.10|23.10|0.00|0.00|0.00|177.25|0.00|0.00|0.00||N|||W000000062|P|W000000062|0|1|0.00|||N|11||272.02||Y||||||1||11|2000000191|N|0.00|0.00|11|31|2||20260405|20260405|95|||||||||J06.9|E11.65|||R05||||||80061|||||||5.40|40.00|26.27|N|||AETNA
002026060100000197|1234567|0987654|N|001|AC123456|01|I|Y||PPO|01|PKG0042|PPO001|N|F|W000000240|Williams|Mason|M|19630315|50346|NC|EC|760772168|W000000240|W000000240|Williams|Mason|M|EE|19630315|202606010000197|ACAS2026060100000197||TCN2026060100000197|SRC2026060100000197|002026060100000197|NY0001|NY0001||2|100000215|DR Thompson MD|2|100000215|PV000215|DR Thompson MD|3900 MEDICAL PLAZA||IL MEDICAL CTR|IL|84908|4|05|P|N|20260511|20260520|20260429|20260503|20260524||||03|378|71046|50|I|Y|02||1|||11|03|0200|111|3|1|545.23|545.23|545.23|0.00|0.00||CO45||0.00|0.00||20.00|20.00|0.00|0.00|0.00|0.00|0.00|0.00|0.00|0.00|0.00|0.00|0.00|0.00||N|||W000000240|D|W000000240|0|1|0.00|||N|05||545.23||Y||||||1||05|2000000215|N|0.00|0.00|05|11|||20260429|20260503|AT|95||||||||J06.9|E78.5|Z12.31||||||||71046|||||||0.00|20.00|0.00|N|||AETNA
002026060100000198|1234567|0987654|N|001|AC123456|03|P|N||PPO|01|PKG0042|PPO001|1|F|W000000083|Miller|Benjamin|M|19810306|19174|GA|EE|322281932|W000000083|W000000083|Miller|Benjamin|M|EE|19810306|202606010000198|ACAS2026060100000198||TCN2026060100000198|SRC2026060100000198|002026060100000198|NY0001|NY0001||2|100000295|DR Miller MD|2|100000295|PV000295|DR Miller MD|1782 MEDICAL PLAZA||MA MEDICAL CTR|MA|98002|1|10|P|P|20260427|20260516|20260330|20260330|20260519||||||99214|25|P|Y|06||B|||24||||1|1|1695.98|1695.98|758.23|0.00|0.00|PR1|CO45||937.75|937.75||20.00|20.00|251.43|78.22|78.22|588.10|588.10|0.00|0.00|0.00|758.23|0.00|0.00|0.00||N|||W000000083|P|W000000083|0|0|0.00|||1|10||1695.98||Y||||||1||10|2000000295|N|0.00|0.00|10|24|||||TC|51|Y|||||||Z23|R51||N39.0|||||||99214|||||||78.22|20.00|251.43|N|||AETNA
002026060100000199|1234567|0987654|N|001|AC123456|01|I|Y||PPO|02|PKG0042|PPO001|N|F|W000000238|Wilson|William|M|19650522|75338|MA|ES|625106741|W000000238|W000000238|Wilson|William|M|EE|19650522|202606010000199|ACAS2026060100000199||TCN2026060100000199|SRC2026060100000199|002026060100000199|NY0001|NY0001||2|100000241|DR Taylor MD|2|100000241|PV000241|DR Taylor MD|595 MEDICAL PLAZA||TX MEDICAL CTR|TX|60712|4|01|P|N|20260426|20260513|20260414|20260414|20260514||||11|293|82947|25|I|Y|07||B|||21|07|0450|121|2|2|427.25|427.25|153.39|0.00|0.00|PR1|CO45||273.86|273.86||20.00|20.00|9.06|35.68|35.68|209.12|209.12|0.00|0.00|0.00|153.39|0.00|0.00|0.00||N|||W000000238|P|W000000238|0|1|0.00|||N|01||427.25||N|N|||||1||01|2000000241|N|0.00|0.00|01|21|1|1|20260414|20260414|TC|||||||||I50.9|J06.9|||||||||82947|||||||35.68|20.00|9.06|N|1||AETNA
002026060100000200|1234567|0987654|N|001|AC123456|03|P|N||PPO|02|PKG0042|PPO001|2|F|W000000018|Martin|Evelyn|F|19900114|39850|WA|EF||W000000674|W000000674|Martin|Jackson|M|CH|20020428|202606010000200|ACAS2026060100000200||TCN2026060100000200|SRC2026060100000200|002026060100000200|NY0001|NY0001||2|100000187|DR Clark MD|2|100000187|PV000187|DR Clark MD|3565 MEDICAL PLAZA||NY MEDICAL CTR|NY|64139|1|07|P|P|20260429|20260515|20260312|20260312|20260517||||||99291|25|P|Y|01||1|||13||||1|1|317.36|317.36|180.17|0.00|0.00|PR1|CO45||137.19|137.19||50.00|50.00|38.09|7.57|7.57|41.53|41.53|0.00|0.00|0.00|180.17|0.00|0.00|0.00||N|||W000000674|P|W000000674|0|0|0.00|||2|07||317.36||Y||||||1||07|2000000187|N|0.00|0.00|07|13|||||TC|AT||||||||M54.5||E11.65||||||||99291|||||||7.57|50.00|38.09|N|||AETNA
002026060100000201|1234567|0987654|N|001|AC123456|03|P|N||PPO|02|PKG0042|PPO001|1|F|W000000257|Smith|Emily|F|19820107|31826|MI|ES|796754602|W000000257|W000000257|Smith|Emily|F|EE|19820107|202606010000201|ACAS2026060100000201||TCN2026060100000201|SRC2026060100000201|002026060100000201|NY0001|NY0001||2|100000264|DR Davis MD|2|100000264|PV000264|DR Davis MD|5774 MEDICAL PLAZA||AZ MEDICAL CTR|AZ|63298|1|09|P|P|20260428|20260527|20260420|20260420|20260529||||||99214|51|P|Y|01||1|||31||||1|1|759.11|759.11|331.74|0.00|0.00|PR1|CO45||427.37|427.37||30.00|30.00|66.68|66.96|66.96|263.73|263.73|0.00|0.00|0.00|331.74|0.00|0.00|0.00||N|||W000000257|P|W000000257|0|0|0.00|||1|09||759.11||||||||1||09|2000000264|N|0.00|0.00|09|31|||||59|25||||||||Z79.899||Z79.899|E11.9|||||||99214|||||||66.96|30.00|66.68|N|||AETNA
002026060100000202|1234567|0987654|N|001|AC123456|03|P|Y||PPO|03|PKG0042|PPO001|N|F|W000000186|Sanchez|Riley|F|19780720|23308|PA|EC||W000000637|W000000637|Sanchez|Chloe|F|CH|20040113|202606010000202|ACAS2026060100000202||TCN2026060100000202|SRC2026060100000202|002026060100000202|NY0001|NY0001||2|100000144|DR Thomas MD|2|100000144|PV000144|DR Thomas MD|7088 MEDICAL PLAZA||CA MEDICAL CTR|CA|51131|1|09|P|N|20260503|20260521|20260502|20260502|20260525||||||90834||P|Y|07||N|||12||||1|3|1016.55|1016.55|517.39|0.00|0.00|PR1|CO45||499.16|499.16||50.00|50.00|100.09|76.15|76.15|272.92|272.92|0.00|0.00|0.00|517.39|0.00|0.00|0.00||N|||W000000637|P|W000000637|0|0|0.00|||N|09||1016.55||||||||1||09|2000000144|N|0.00|0.00|09|12|||||51|51||||||||K57.30||K57.30|I25.10|||||||90834|||||||76.15|50.00|100.09|N|||AETNA
002026060100000203|1234567|0987654|N|001|AC123456|03|P|N||PPO|03|PKG0042|PPO001|2|F|W000000347|White|Benjamin|M|19650104|32276|CA|ES|103377779|W000000347|W000000347|White|Benjamin|M|EE|19650104|202606010000203|ACAS2026060100000203||TCN2026060100000203|SRC2026060100000203|002026060100000203|NY0001|NY0001||2|100000296|DR Davis MD|2|100000296|PV000296|DR Davis MD|917 MEDICAL PLAZA||MI MEDICAL CTR|MI|84940|1|11|P|P|20260501|20260516|20260407|20260407|20260519||||||99396|25|P|Y|06||1|||23||||3|2|2687.65|2687.65|878.20|0.00|0.00|PR1|CO45||1809.45|1809.45||50.00|50.00|202.41|380.16|380.16|1176.88|1176.88|0.00|0.00|0.00|878.20|0.00|0.00|0.00||N|||W000000347|P|W000000347|0|0|0.00|||2|11||2687.65||||||||1||11|2000000296|N|0.00|0.00|11|23|||||59|25||||||||N39.0|J06.9|||||||||99396|||||||380.16|50.00|202.41|N|||AETNA
002026060100000204|1234567|0987654|N|001|AC123456|03|P|Y||PPO|01|PKG0042|PPO001|N|F|W000000159|Harris|Emma|F|19830903|52540|NC|ES||W000000490|W000000490|Harris|Matthew|M|CH|20041119|202606010000204|ACAS2026060100000204||TCN2026060100000204|SRC2026060100000204|002026060100000204|NY0001|NY0001||2|100000229|DR Jones MD|2|100000229|PV000229|DR Jones MD|5468 MEDICAL PLAZA||VA MEDICAL CTR|VA|19496|1|04|P|N|20260520|20260526|20260402|20260402|20260528||||||80053||P|Y|06||F|||21||||1|1|898.47|898.47|418.22|0.00|0.00|PR1|CO45||480.25|480.25||30.00|30.00|8.52|63.75|63.75|377.98|377.98|0.00|0.00|0.00|418.22|0.00|0.00|0.00||N|||W000000490|P|W000000490|0|0|0.00|||N|04||898.47||||||||1||04|2000000229|N|0.00|0.00|04|21||||||51||||||||J30.9||F41.9||||||||80053|||||||63.75|30.00|8.52|N|||AETNA
002026060100000205|1234567|0987654|N|001|AC123456|01|I|N||PPO|01|PKG0042|PPO001|2|F|W000000321|Young|Ethan|M|19771201|73723|FL|EF|981162930|W000000321|W000000321|Young|Ethan|M|EE|19771201|202606010000205|ACAS2026060100000205||TCN2026060100000205|SRC2026060100000205|002026060100000205|NY0001|NY0001||2|100000196|DR Brown MD|2|100000196|PV000196|DR Brown MD|5774 MEDICAL PLAZA||MA MEDICAL CTR|MA|65957|4|01|P|P|20260507|20260519|20260420|20260423|20260521||||11|194|90847|AT|I|Y|06||N|||22|07|0100|212|1|2|1149.86|1149.86|695.73|0.00|0.00|PR1|CO45||454.13|454.13||75.00|75.00|130.51|43.27|43.27|205.35|205.35|0.00|0.00|0.00|695.73|0.00|0.00|0.00||N|||W000000321|P|W000000321|0|1|0.00|||2|01||1149.86||N|Y|Y||||1||01|2000000196|N|0.00|0.00|01|22|1|9|20260420|20260423|59|||||||||I10|M17.11|E11.65||||||||90847|||||||43.27|75.00|130.51|N|9||AETNA
002026060100000206|1234567|0987654|N|001|AC123456|01|I|N||PPO|03|PKG0042|PPO001|2|F|W000000187|Robinson|Abigail|F|19880604|64284|AZ|EC|939177758|W000000187|W000000187|Robinson|Abigail|F|EE|19880604|202606010000206|ACAS2026060100000206||TCN2026060100000206|SRC2026060100000206|002026060100000206|NY0001|NY0001||2|100000271|DR Anderson MD|2|100000271|PV000271|DR Anderson MD|9127 MEDICAL PLAZA||AZ MEDICAL CTR|AZ|59429|4|01|P|P|20260504|20260531|20260410|20260414|20260604||||12|683|99283|50|I|Y|04||F|||24|02|0110|112|3|1|1225.84|1225.84|488.14|0.00|0.00|PR1|CO45||737.70|737.70||0.00|0.00|220.11|54.01|54.01|463.58|463.58|0.00|0.00|0.00|488.14|0.00|0.00|0.00||N|||W000000187|P|W000000187|0|1|0.00|||2|01||1225.84||||Y||||1||01|2000000271|N|0.00|0.00|01|24|4|3|20260410|20260414|50|||||||||E11.9||K21.0||||||||99283|||||||54.01|0.00|220.11|N|3||AETNA
002026060100000207|1234567|0987654|N|001|AC123456|03|P|N||PPO|03|PKG0042|PPO001|3|F|W000000295|Smith|Carter|M|19650527|95087|AZ|EC||W000000535|W000000535|Smith|Carter|M|CH|20031220|202606010000207|ACAS2026060100000207||TCN2026060100000207|SRC2026060100000207|002026060100000207|NY0001|NY0001||2|100000155|DR Clark MD|2|100000155|PV000155|DR Clark MD|9990 MEDICAL PLAZA||FL MEDICAL CTR|FL|81499|1|05|P|P|20260429|20260515|20260417|20260417|20260516||||||97110|26|P|Y|01||B|||99||||3|2|249.62|249.62|84.86|0.00|0.00|PR1|CO45||164.76|164.76||75.00|75.00|18.02|9.90|9.90|61.84|61.84|0.00|0.00|0.00|84.86|0.00|0.00|0.00||N|||W000000535|P|W000000535|1|0|0.00|||3|05||249.62||||||||1||05|2000000155|N|0.00|0.00|05|99|||||95|26||||||||Z00.00||||||||||97110|||||||9.90|75.00|18.02|N|||AETNA
002026060100000208|1234567|0987654|N|001|AC123456|03|P|Y||PPO|03|PKG0042|PPO001|N|F|W000000103|Miller|Aria|F|19670608|12427|WA|EF||W000000679|W000000679|Miller|Mia|F|SP|19671019|202606010000208|ACAS2026060100000208||TCN2026060100000208|SRC2026060100000208|002026060100000208|NY0001|NY0001||2|100000217|DR Harris MD|2|100000217|PV000217|DR Harris MD|274 MEDICAL PLAZA||GA MEDICAL CTR|GA|22292|1|07|P|N|20260423|20260520|20260502|20260502|20260522||||||82947|95|P|Y|06||2|||24||||3|1|293.29|293.29|151.71|0.00|0.00|PR1|CO45||141.58|141.58||0.00|0.00|40.09|15.84|15.84|85.65|85.65|0.00|0.00|0.00|151.71|0.00|0.00|0.00||N|||W000000679|P|W000000679|0|0|0.00|||N|07||293.29||N||||||1||07|2000000217|N|0.00|0.00|07|24|||||TC|95||||||||J44.1||F32.9||||||||82947|||||||15.84|0.00|40.09|N|||AETNA
002026060100000209|1234567|0987654|N|001|AC123456|01|I|N||PPO|02|PKG0042|PPO001|2|F|W000000185|Jackson|Benjamin|M|19610513|18560|MA|EF|266199457|W000000185|W000000185|Jackson|Benjamin|M|EE|19610513|202606010000209|ACAS2026060100000209||TCN2026060100000209|SRC2026060100000209|002026060100000209|NY0001|NY0001||2|100000086|DR Perez MD|2|100000086|PV000086|DR Perez MD|3533 MEDICAL PLAZA||NY MEDICAL CTR|NY|59936|4|11|P|P|20260429|20260517|20260501|20260502|20260521||||09|470|85025||I|Y|05||4|||13|20|0110|212|2|3|264.72|264.72|67.87|0.00|0.00|PR1|CO45||196.85|196.85||30.00|30.00|9.91|29.67|29.67|127.27|127.27|0.00|0.00|0.00|67.87|0.00|0.00|0.00||N|||W000000185|P|W000000185|0|1|0.00|||2|11||264.72|||Y|||||1||11|2000000086|N|0.00|0.00|11|13|1|2|20260501|20260502|TC|25||||||||Z12.31|J18.9|Z79.899|R51|||||||85025|||||||29.67|30.00|9.91|N|2||AETNA
002026060100000210|1234567|0987654|N|001|AC123456|03|P|Y||PPO|03|PKG0042|PPO001|N|F|W000000253|Robinson|Elijah|M|19650419|21540|FL|ES||W000000546|W000000546|Robinson|Chloe|F|SP|19790612|202606010000210|ACAS2026060100000210||TCN2026060100000210|SRC2026060100000210|002026060100000210|NY0001|NY0001||2|100000289|DR Smith MD|2|100000289|PV000289|DR Smith MD|7807 MEDICAL PLAZA||AZ MEDICAL CTR|AZ|13137|1|04|P|N|20260428|20260516|20260311|20260311|20260517||||||99396|59|P|Y|02||F|||23||||1|1|214.36|214.36|66.55|0.00|0.00|PR1|CO45||147.81|147.81||50.00|50.00|6.86|15.52|15.52|75.43|75.43|0.00|0.00|0.00|66.55|0.00|0.00|0.00||N|||W000000546|P|W000000546|0|0|0.00|||N|04||214.36||Y|Y|||||1||04|2000000289|N|0.00|0.00|04|23||||||51||||||||J18.9|J44.1|||||||||99396|||||||15.52|50.00|6.86|N|||AETNA
002026060100000211|1234567|0987654|N|001|AC123456|03|P|N||PPO|01|PKG0042|PPO001|2|F|W000000183|Harris|Daniel|M|19850112|34158|TX|ES|883318654|W000000183|W000000183|Harris|Daniel|M|EE|19850112|202606010000211|ACAS2026060100000211||TCN2026060100000211|SRC2026060100000211|002026060100000211|NY0001|NY0001||2|100000188|DR Ramirez MD|2|100000188|PV000188|DR Ramirez MD|6736 MEDICAL PLAZA||VA MEDICAL CTR|VA|24031|1|08|P|P|20260512|20260527|20260331|20260331|20260530||||||90834||P|Y|07||F|||22||||1|3|1307.85|1307.85|852.09|0.00|0.00|PR1|CO45||455.76|455.76||50.00|50.00|10.00|61.21|61.21|334.55|334.55|0.00|0.00|0.00|852.09|0.00|0.00|0.00||N|||W000000183|P|W000000183|0|0|0.00|||2|08||1307.85||||||||1||08|2000000188|N|0.00|0.00|08|22||||||59|Y|||||||F32.9||J18.9|J30.9|||||||90834|||||||61.21|50.00|10.00|N|||AETNA
002026060100000212|1234567|0987654|N|001|AC123456|03|P|Y||PPO|03|PKG0042|PPO001|N|F|W000000278|Ramirez|Isabella|F|19660420|17676|PA|EE||W000000502|W000000502|Ramirez|Henry|M|SP|19850421|202606010000212|ACAS2026060100000212||TCN2026060100000212|SRC2026060100000212|002026060100000212|NY0001|NY0001||2|100000235|DR Hernandez MD|2|100000235|PV000235|DR Hernandez MD|9763 MEDICAL PLAZA||NC MEDICAL CTR|NC|50491|1|10|P|N|20260505|20260523|20260519|20260519|20260526||||||99395||P|Y|01||1|||24||||3|1|851.11|851.11|303.52|0.00|0.00|PR1|CO45||547.59|547.59||20.00|20.00|64.28|89.70|89.70|373.61|373.61|0.00|0.00|0.00|303.52|0.00|0.00|0.00||N|||W000000502|P|W000000502|0|0|0.00|||N|10||851.11|||N|||||1||10|2000000235|N|0.00|0.00|10|24|||||26|26||||||||Z23|M54.5|||||||||99395|||||||89.70|20.00|64.28|N|||AETNA
002026060100000213|1234567|0987654|N|001|AC123456|03|P|N||PPO|03|PKG0042|PPO001|1|F|W000000174|Thomas|Logan|M|19770505|86916|IL|EF||W000000553|W000000553|Thomas|Emily|F|CH|20111015|202606010000213|ACAS2026060100000213||TCN2026060100000213|SRC2026060100000213|002026060100000213|NY0001|NY0001||2|100000139|DR Hernandez MD|2|100000139|PV000139|DR Hernandez MD|2831 MEDICAL PLAZA||TX MEDICAL CTR|TX|57528|1|04|P|P|20260509|20260515|20260307|20260307|20260517||||||85025||P|Y|02||F|||21||||1|2|711.64|711.64|319.90|0.00|0.00|PR1|CO45||391.74|391.74||75.00|75.00|6.15|69.66|69.66|240.93|240.93|0.00|0.00|0.00|319.90|0.00|0.00|0.00||N|||W000000553|P|W000000553|0|0|0.00|||1|04||711.64||Y|N|||||1||04|2000000139|N|0.00|0.00|04|21|||||95|||||||||J45.909|M79.3|K21.0||||||||85025|||||||69.66|75.00|6.15|N|||AETNA
002026060100000214|1234567|0987654|N|001|AC123456|03|P|N||PPO|01|PKG0042|PPO001|2|F|W000000315|White|Jacob|M|19870612|14929|MA|EE|588508394|W000000315|W000000315|White|Jacob|M|EE|19870612|202606010000214|ACAS2026060100000214||TCN2026060100000214|SRC2026060100000214|002026060100000214|NY0001|NY0001||2|100000261|DR Jones MD|2|100000261|PV000261|DR Jones MD|4208 MEDICAL PLAZA||IL MEDICAL CTR|IL|54926|1|06|P|P|20260522|20260528|20260328|20260328|20260531||||||99291|25|P|Y|06||M|||32||||1|2|73.42|73.42|35.43|0.00|0.00|PR1|CO45||37.99|37.99||0.00|0.00|4.50|4.56|4.56|28.93|28.93|0.00|0.00|0.00|35.43|0.00|0.00|0.00||N|||W000000315|P|W000000315|0|0|0.00|||2|06||73.42||Y|Y|||||1||06|2000000261|N|0.00|0.00|06|32|||||50|GT||||||||M17.11|M54.5|||||||||99291|||||||4.56|0.00|4.50|N|||AETNA
002026060100000215|1234567|0987654|N|001|AC123456|01|I|Y||PPO|02|PKG0042|PPO001|N|F|W000000024|Jackson|Sebastian|M|19901220|62551|NY|EE||W000000516|W000000516|Jackson|William|M|CH|20011115|202606010000215|ACAS2026060100000215||TCN2026060100000215|SRC2026060100000215|002026060100000215|NY0001|NY0001||2|100000023|DR Thompson MD|2|100000023|PV000023|DR Thompson MD|1554 MEDICAL PLAZA||NC MEDICAL CTR|NC|58020|4|08|P|N|20260430|20260516|20260523|20260527|20260520||||15|292|85025||I|Y|06||N|||21|01|0636|211|1|3|3816.75|3816.75|1881.77|0.00|0.00|PR1|CO45||1934.98|1934.98||50.00|50.00|80.33|273.28|273.28|1531.37|1531.37|0.00|0.00|0.00|1881.77|0.00|0.00|0.00||N|||W000000516|P|W000000516|0|1|0.00|||N|08||3816.75||||||||1||08|2000000023|N|0.00|0.00|08|21|2|1|20260523|20260527|AT|||||||||J45.909|J18.9||F32.9|||||||85025|||||||273.28|50.00|80.33|N|1||AETNA
002026060100000216|1234567|0987654|N|001|AC123456|03|P|N||PPO|03|PKG0042|PPO001|1|F|W000000191|Jackson|Liam|M|19900909|53052|PA|ES|922186287|W000000191|W000000191|Jackson|Liam|M|EE|19900909|202606010000216|ACAS2026060100000216||TCN2026060100000216|SRC2026060100000216|002026060100000216|NY0001|NY0001||2|100000035|DR Williams MD|2|100000035|PV000035|DR Williams MD|9458 MEDICAL PLAZA||NY MEDICAL CTR|NY|25087|1|05|P|P|20260507|20260526|20260327|20260327|20260529||||||80061|TC|P|Y|08||2|||32||||2|1|311.02|311.02|311.02|0.00|0.00||CO45||0.00|0.00||40.00|40.00|0.00|0.00|0.00|0.00|0.00|0.00|0.00|0.00|0.00|0.00|0.00|0.00||N|||W000000191|D|W000000191|0|0|0.00|||1|05||311.02|||N|||||1||05|2000000035|N|0.00|0.00|05|32||||||||||||||M54.5|I50.9|||||||||80061|||||||0.00|40.00|0.00|N|||AETNA
002026060100000217|1234567|0987654|N|001|AC123456|03|P|N||PPO|02|PKG0042|PPO001|2|F|W000000056|Smith|Avery|F|19731212|45236|VA|ES|747132596|W000000056|W000000056|Smith|Avery|F|EE|19731212|202606010000217|ACAS2026060100000217||TCN2026060100000217|SRC2026060100000217|002026060100000217|NY0001|NY0001||2|100000153|DR Harris MD|2|100000153|PV000153|DR Harris MD|1252 MEDICAL PLAZA||OH MEDICAL CTR|OH|22472|1|03|P|P|20260503|20260521|20260407|20260407|20260524||||||99204||P|Y|03||N|||23||||2|2|3804.88|3804.88|1691.51|0.00|0.00|PR1|CO45||2113.37|2113.37||20.00|20.00|528.36|339.12|339.12|1225.89|1225.89|0.00|0.00|0.00|1691.51|0.00|0.00|0.00||N|||W000000056|P|W000000056|0|0|0.00|||2|03||3804.88||N||||||1||03|2000000153|N|0.00|0.00|03|23|||||50|||||||||I50.9|F41.9|||||||||99204|||||||339.12|20.00|528.36|N|||AETNA
002026060100000218|1234567|0987654|N|001|AC123456|03|P|N||PPO|01|PKG0042|PPO001|2|F|W000000068|Brown|Aria|F|19711111|22135|OH|EF|989596483|W000000068|W000000068|Brown|Aria|F|EE|19711111|202606010000218|ACAS2026060100000218||TCN2026060100000218|SRC2026060100000218|002026060100000218|NY0001|NY0001||2|100000220|DR Ramirez MD|2|100000220|PV000220|DR Ramirez MD|1634 MEDICAL PLAZA||AZ MEDICAL CTR|AZ|11472|1|10|P|P|20260507|20260522|20260311|20260311|20260525||||||99283|AT|P|Y|05||S|||23||||3|1|194.06|194.06|93.37|0.00|0.00|PR1|CO45||100.69|100.69||75.00|75.00|20.78|1.10|1.10|3.81|3.81|0.00|0.00|0.00|93.37|0.00|0.00|0.00||N|||W000000068|P|W000000068|1|0|0.00|||2|10||194.06||Y|Y|||||1||10|2000000220|N|0.00|0.00|10|23|||||25|||||||||K57.30|G47.33|G43.909||||||||99283|||||||1.10|75.00|20.78|N|||AETNA
002026060100000219|1234567|0987654|N|001|AC123456|03|P|N||PPO|02|PKG0042|PPO001|2|F|W000000313|Taylor|Benjamin|M|19911114|41957|NC|ES|629232175|W000000313|W000000313|Taylor|Benjamin|M|EE|19911114|202606010000219|ACAS2026060100000219||TCN2026060100000219|SRC2026060100000219|002026060100000219|NY0001|NY0001||2|100000243|DR Jackson MD|2|100000243|PV000243|DR Jackson MD|7601 MEDICAL PLAZA||WA MEDICAL CTR|WA|56109|1|03|P|P|20260506|20260518|20260416|20260416|20260520||||||90847|25|P|Y|06||F|||32||||1|2|333.44|333.44|241.93|0.00|0.00|PR1|CO45||91.51|91.51||50.00|50.00|5.50|4.73|4.73|31.28|31.28|0.00|0.00|0.00|241.93|0.00|0.00|0.00||N|||W000000313|P|W000000313|0|0|0.00|||2|03||333.44||||||||1||03|2000000243|N|0.00|0.00|03|32|||||AT|TC||||||||J30.9||||||||||90847|||||||4.73|50.00|5.50|N|||AETNA
002026060100000220|1234567|0987654|N|001|AC123456|01|I|N||PPO|02|PKG0042|PPO001|2|F|W000000199|Clark|Sophia|F|19940227|68249|VA|EE||W000000632|W000000632|Clark|Oliver|M|CH|20110410|202606010000220|ACAS2026060100000220||TCN2026060100000220|SRC2026060100000220|002026060100000220|NY0001|NY0001||2|100000133|DR Jones MD|2|100000133|PV000133|DR Jones MD|4515 MEDICAL PLAZA||NJ MEDICAL CTR|NJ|84470|4|38|P|P|20260424|20260516|20260413|20260417|20260520||||07|871|36415||I|Y|07||B|||99|04|0110|211|3|3|102.27|102.27|53.78|0.00|0.00|PR1|CO45||48.49|48.49||0.00|0.00|11.16|6.75|6.75|30.58|30.58|0.00|0.00|0.00|53.78|0.00|0.00|0.00||N|||W000000632|P|W000000632|0|1|0.00|||2|38||102.27||Y||||||1||38|2000000133|N|0.00|0.00|38|99|5|2|20260413|20260417||||||||||E78.5||||||||||36415|||||||6.75|0.00|11.16|N|2||AETNA
002026060100000221|1234567|0987654|N|001|AC123456|01|I|Y||PPO|03|PKG0042|PPO001|N|F|W000000090|Martinez|Grace|F|19720122|83871|MI|EC|228764119|W000000090|W000000090|Martinez|Grace|F|EE|19720122|202606010000221|ACAS2026060100000221||TCN2026060100000221|SRC2026060100000221|002026060100000221|NY0001|NY0001||2|100000195|DR Williams MD|2|100000195|PV000195|DR Williams MD|3625 MEDICAL PLAZA||GA MEDICAL CTR|GA|88762|4|50|P|N|20260505|20260525|20260501|20260501|20260527||||11|196|80053||I|Y|07||F|||13|07|0636|111|1|1|904.88|904.88|267.83|0.00|0.00|PR1|CO45||637.05|637.05||0.00|0.00|47.68|138.50|138.50|450.87|450.87|0.00|0.00|0.00|267.83|0.00|0.00|0.00||N|||W000000090|P|W000000090|0|1|0.00|||N|50||904.88||N||Y||||1||50|2000000195|N|0.00|0.00|50|13|4|2|20260501|20260501|51|||||||||I10|J06.9|J45.909||||||||80053|||||||138.50|0.00|47.68|N|2||AETNA
002026060100000222|1234567|0987654|N|001|AC123456|01|I|N||PPO|03|PKG0042|PPO001|1|F|W000000320|Brown|Sebastian|M|19610625|93316|VA|EF|122851326|W000000320|W000000320|Brown|Sebastian|M|EE|19610625|202606010000222|ACAS2026060100000222||TCN2026060100000222|SRC2026060100000222|002026060100000222|NY0001|NY0001||2|100000166|DR Garcia MD|2|100000166|PV000166|DR Garcia MD|3522 MEDICAL PLAZA||NY MEDICAL CTR|NY|23455|4|01|P|P|20260522|20260528|20260430|20260504|20260601||||12|195|99396|TC|I|Y|04||F|||22|05|0100|121|2|2|260.85|260.85|102.81|0.00|0.00|PR1|CO45||158.04|158.04||0.00|0.00|36.01|19.38|19.38|102.65|102.65|0.00|0.00|0.00|102.81|0.00|0.00|0.00||N|||W000000320|P|W000000320|0|1|0.00|||1|01||260.85||||||||1||01|2000000166|N|0.00|0.00|01|22|7||20260430|20260504|50|TC||||||||M79.3|J18.9|Z23||||||||99396|||||||19.38|0.00|36.01|N|||AETNA
002026060100000223|1234567|0987654|N|001|AC123456|03|P|Y||PPO|03|PKG0042|PPO001|N|F|W000000337|Jones|William|M|19821219|73968|NY|EC||W000000493|W000000493|Jones|Oliver|M|CH|20050620|202606010000223|ACAS2026060100000223||TCN2026060100000223|SRC2026060100000223|002026060100000223|NY0001|NY0001||2|100000289|DR Smith MD|2|100000289|PV000289|DR Smith MD|2243 MEDICAL PLAZA||NY MEDICAL CTR|NY|33547|1|04|P|N|20260507|20260523|20260405|20260405|20260526||||||99283|26|P|Y|07||F|||12||||3|3|267.19|267.19|193.59|0.00|0.00|PR1|CO45||73.60|73.60||30.00|30.00|12.53|5.11|5.11|25.96|25.96|0.00|0.00|0.00|193.59|0.00|0.00|0.00||N|||W000000493|P|W000000493|0|0|0.00|||N|04||267.19||||N||||1||04|2000000289|N|0.00|0.00|04|12||||||50|Y|||||||G47.33||Z23|J45.909|||||||99283|||||||5.11|30.00|12.53|N|||AETNA
002026060100000224|1234567|0987654|N|001|AC123456|03|P|Y||PPO|02|PKG0042|PPO001|N|F|W000000142|Jones|Daniel|M|19600420|47183|FL|EF|837984015|W000000142|W000000142|Jones|Daniel|M|EE|19600420|202606010000224|ACAS2026060100000224||TCN2026060100000224|SRC2026060100000224|002026060100000224|NY0001|NY0001||2|100000197|DR Jones MD|2|100000197|PV000197|DR Jones MD|8204 MEDICAL PLAZA||WA MEDICAL CTR|WA|66285|1|02|P|N|20260428|20260520|20260318|20260318|20260524||||||99232|25|P|Y|04||A|||12||||1|2|207.13|207.13|63.80|0.00|0.00|PR1|CO45||143.33|143.33||30.00|30.00|15.77|24.17|24.17|73.39|73.39|0.00|0.00|0.00|63.80|0.00|0.00|0.00||N|||W000000142|P|W000000142|0|0|0.00|||N|02||207.13||N||Y||||1||02|2000000197|N|0.00|0.00|02|12||||||||||||||R05|G43.909|J18.9||||||||99232|||||||24.17|30.00|15.77|N|||AETNA
002026060100000225|1234567|0987654|N|001|AC123456|01|I|N||PPO|01|PKG0042|PPO001|1|F|W000000013|Lopez|Isabella|F|19690106|99591|IL|EC||W000000506|W000000506|Lopez|Riley|F|CH|20010422|202606010000225|ACAS2026060100000225||TCN2026060100000225|SRC2026060100000225|002026060100000225|NY0001|NY0001||2|100000126|DR Robinson MD|2|100000126|PV000126|DR Robinson MD|1437 MEDICAL PLAZA||CO MEDICAL CTR|CO|87366|4|06|P|P|20260423|20260517|20260313|20260313|20260519||||04|196|99213|AT|I|Y|01||4|||13|03|0370|132|3|1|1287.88|1287.88|433.59|0.00|0.00|PR1|CO45||854.29|854.29||50.00|50.00|21.40|91.57|91.57|691.32|691.32|0.00|0.00|0.00|433.59|0.00|0.00|0.00||N|||W000000506|P|W000000506|0|1|0.00|||1|06||1287.88||Y||||||1||06|2000000126|N|0.00|0.00|06|13||2|20260313|20260313|GT|||||||||Z87.891||||||||||99213|||||||91.57|50.00|21.40|N|2||AETNA
002026060100000226|1234567|0987654|N|001|AC123456|03|P|N||PPO|01|PKG0042|PPO001|1|F|W000000215|Brown|David|M|19610928|37254|WA|EF|730833854|W000000215|W000000215|Brown|David|M|EE|19610928|202606010000226|ACAS2026060100000226||TCN2026060100000226|SRC2026060100000226|002026060100000226|NY0001|NY0001||2|100000291|DR Williams MD|2|100000291|PV000291|DR Williams MD|8990 MEDICAL PLAZA||NJ MEDICAL CTR|NJ|83272|1|06|P|P|20260505|20260517|20260323|20260323|20260518||||||99205||P|Y|03||B|||13||||3|3|1217.73|1217.73|580.44|0.00|0.00|PR1|CO45||637.29|637.29||50.00|50.00|158.21|88.32|88.32|340.76|340.76|0.00|0.00|0.00|580.44|0.00|0.00|0.00||N|||W000000215|P|W000000215|0|0|0.00|||1|06||1217.73||N||Y||||1||06|2000000291|N|0.00|0.00|06|13|||||TC|GT||||||||R05|K57.30|I10|J45.909|||||||99205|||||||88.32|50.00|158.21|N|||AETNA
002026060100000227|1234567|0987654|N|001|AC123456|03|P|N||PPO|03|PKG0042|PPO001|3|F|W000000081|Martin|Chloe|F|19930921|24037|WA|EE||W000000567|W000000567|Martin|Charlotte|F|CH|20020112|202606010000227|ACAS2026060100000227||TCN2026060100000227|SRC2026060100000227|002026060100000227|NY0001|NY0001||2|100000033|DR Smith MD|2|100000033|PV000033|DR Smith MD|9831 MEDICAL PLAZA||MA MEDICAL CTR|MA|41487|1|03|P|P|20260427|20260525|20260406|20260406|20260526||||||80053||P|Y|03||1|||99||||2|2|3103.32|3103.32|2292.72|0.00|0.00|PR1|CO45||810.60|810.60||0.00|0.00|228.50|132.44|132.44|449.66|449.66|0.00|0.00|0.00|2292.72|0.00|0.00|0.00||N|||W000000567|P|W000000567|0|0|0.00|||3|03||3103.32||||||||1||03|2000000033|N|0.00|0.00|03|99||||||AT||||||||G47.33||||||||||80053|||||||132.44|0.00|228.50|N|||AETNA
002026060100000228|1234567|0987654|N|001|AC123456|03|P|N||PPO|01|PKG0042|PPO001|3|F|W000000175|Thomas|Victoria|F|19770813|78178|TX|EF||W000000406|W000000406|Thomas|Chloe|F|CH|20010810|202606010000228|ACAS2026060100000228||TCN2026060100000228|SRC2026060100000228|002026060100000228|NY0001|NY0001||2|100000296|DR Davis MD|2|100000296|PV000296|DR Davis MD|437 MEDICAL PLAZA||MI MEDICAL CTR|MI|12060|1|11|P|P|20260423|20260514|20260415|20260415|20260518||||||97110|25|P|Y|08||4|||22||||3|3|371.35|371.35|371.35|0.00|0.00||CO45||0.00|0.00||30.00|30.00|0.00|0.00|0.00|0.00|0.00|0.00|0.00|0.00|0.00|0.00|0.00|0.00||N|||W000000406|D|W000000406|0|0|0.00|||3|11||371.35||Y||||||1||11|2000000296|N|0.00|0.00|11|22|||||59|GT||||||||Z23||||||||||97110|||||||0.00|30.00|0.00|N|||AETNA
002026060100000229|1234567|0987654|N|001|AC123456|03|P|Y||PPO|02|PKG0042|PPO001|N|F|W000000383|Jones|Benjamin|M|19830303|87743|OH|EE|559463786|W000000383|W000000383|Jones|Benjamin|M|EE|19830303|202606010000229|ACAS2026060100000229||TCN2026060100000229|SRC2026060100000229|002026060100000229|NY0001|NY0001||2|100000047|DR Anderson MD|2|100000047|PV000047|DR Anderson MD|319 MEDICAL PLAZA||NY MEDICAL CTR|NY|26267|1|02|P|N|20260515|20260530|20260429|20260429|20260601||||||99283|50|P|Y|03||2|||32||||1|3|801.11|801.11|801.11|0.00|0.00||CO45||0.00|0.00||50.00|50.00|0.00|0.00|0.00|0.00|0.00|0.00|0.00|0.00|0.00|0.00|0.00|0.00||N|||W000000383|D|W000000383|0|0|0.00|||N|02||801.11|||Y|||||1||02|2000000047|N|0.00|0.00|02|32||||||||||||||E78.5|Z23|Z23||||||||99283|||||||0.00|50.00|0.00|N|||AETNA
002026060100000230|1234567|0987654|N|001|AC123456|01|I|Y||PPO|03|PKG0042|PPO001|N|F|W000000124|Young|Scarlett|F|19610205|58671|MA|EE|372458074|W000000124|W000000124|Young|Scarlett|F|EE|19610205|202606010000230|ACAS2026060100000230||TCN2026060100000230|SRC2026060100000230|002026060100000230|NY0001|NY0001||2|100000087|DR Thompson MD|2|100000087|PV000087|DR Thompson MD|8187 MEDICAL PLAZA||MA MEDICAL CTR|MA|58640|4|12|P|N|20260509|20260529|20260323|20260324|20260531||||14|470|71046|TC|I|Y|06||F|||99|04|0110|111|2|1|222.31|222.31|131.12|0.00|0.00|PR1|CO45||91.19|91.19||75.00|75.00|25.55|0.00|0.00|0.00|0.00|0.00|0.00|0.00|131.12|0.00|0.00|0.00||N|||W000000124|P|W000000124|0|1|0.00|||N|12||222.31||||||||1||12|2000000087|N|0.00|0.00|12|99|4|9|20260323|20260324|26|TC||||||||J06.9||||||||||71046|||||||0.00|75.00|25.55|N|9||AETNA
002026060100000231|1234567|0987654|N|001|AC123456|01|I|N||PPO|01|PKG0042|PPO001|3|F|W000000325|Perez|David|M|19940608|78788|NJ|EC|467838653|W000000325|W000000325|Perez|David|M|EE|19940608|202606010000231|ACAS2026060100000231||TCN2026060100000231|SRC2026060100000231|002026060100000231|NY0001|NY0001||2|100000247|DR Thompson MD|2|100000247|PV000247|DR Thompson MD|4010 MEDICAL PLAZA||FL MEDICAL CTR|FL|66912|4|07|P|P|20260505|20260531|20260430|20260502|20260603||||03|683|99205|TC|I|Y|07||4|||22|03|0250|131|3|1|500.30|500.30|217.90|0.00|0.00|PR1|CO45||282.40|282.40||20.00|20.00|16.49|56.05|56.05|189.86|189.86|0.00|0.00|0.00|217.90|0.00|0.00|0.00||N|||W000000325|P|W000000325|0|1|0.00|||3|07||500.30||Y||||||1||07|2000000247|N|0.00|0.00|07|22|5|9|20260430|20260502||25||Y||||||K57.30|I10|||I25.10||||||99205|||||||56.05|20.00|16.49|N|9||AETNA
002026060100000232|1234567|0987654|N|001|AC123456|03|P|N||PPO|03|PKG0042|PPO001|1|F|W000000112|Gonzalez|Ethan|M|19671223|46811|CO|EF||W000000600|W000000600|Gonzalez|Daniel|M|CH|20160226|202606010000232|ACAS2026060100000232||TCN2026060100000232|SRC2026060100000232|002026060100000232|NY0001|NY0001||2|100000221|DR Lewis MD|2|100000221|PV000221|DR Lewis MD|4410 MEDICAL PLAZA||TX MEDICAL CTR|TX|64329|1|11|P|P|20260504|20260514|20260505|20260505|20260515||||||99396||P|Y|06||4|||12||||1|1|427.94|427.94|125.62|0.00|0.00|PR1|CO45||302.32|302.32||0.00|0.00|66.32|55.72|55.72|180.28|180.28|0.00|0.00|0.00|125.62|0.00|0.00|0.00||N|||W000000600|P|W000000600|0|0|0.00|||1|11||427.94||Y||||||1||11|2000000221|N|0.00|0.00|11|12|||||AT|26||||||||J06.9|E78.5|||||||||99396|||||||55.72|0.00|66.32|N|||AETNA
002026060100000233|1234567|0987654|N|001|AC123456|01|I|Y||PPO|03|PKG0042|PPO001|N|F|W000000014|Rodriguez|Zoey|F|19800425|93440|NY|EE|985608295|W000000014|W000000014|Rodriguez|Zoey|F|EE|19800425|202606010000233|ACAS2026060100000233||TCN2026060100000233|SRC2026060100000233|002026060100000233|NY0001|NY0001||2|100000292|DR Brown MD|2|100000292|PV000292|DR Brown MD|5051 MEDICAL PLAZA||NY MEDICAL CTR|NY|98543|4|07|P|N|20260520|20260528|20260315|20260317|20260530||||07|293|80053|AT|I|Y|05||N|||99|05|0636|121|2|1|987.11|987.11|987.11|0.00|0.00||CO45||0.00|0.00||0.00|0.00|0.00|0.00|0.00|0.00|0.00|0.00|0.00|0.00|0.00|0.00|0.00|0.00||N|||W000000014|D|W000000014|0|1|0.00|||N|07||987.11||Y||||||1||07|2000000292|N|0.00|0.00|07|99|4|4|20260315|20260317|51|25|N|||||||J06.9|J30.9||J18.9|||||||80053|||||||0.00|0.00|0.00|N|4||AETNA
002026060100000234|1234567|0987654|N|001|AC123456|03|P|N||PPO|03|PKG0042|PPO001|3|F|W000000218|Lopez|Charlotte|F|19840610|97904|VA|ES||W000000531|W000000531|Lopez|Evelyn|F|SP|19850716|202606010000234|ACAS2026060100000234||TCN2026060100000234|SRC2026060100000234|002026060100000234|NY0001|NY0001||2|100000225|DR Smith MD|2|100000225|PV000225|DR Smith MD|3725 MEDICAL PLAZA||WA MEDICAL CTR|WA|68202|1|50|P|P|20260504|20260520|20260407|20260407|20260521||||||99203|59|P|Y|06||A|||24||||1|3|1578.88|1578.88|505.22|0.00|0.00|PR1|CO45||1073.66|1073.66||30.00|30.00|157.03|97.23|97.23|789.40|789.40|0.00|0.00|0.00|505.22|0.00|0.00|0.00||N|||W000000531|P|W000000531|0|0|0.00|||3|50||1578.88||||N||||1||50|2000000225|N|0.00|0.00|50|24|||||GT|59|N|||||||M17.11||Z00.00|G43.909|||||||99203|||||||97.23|30.00|157.03|N|||AETNA
002026060100000235|1234567|0987654|N|001|AC123456|01|I|N||PPO|02|PKG0042|PPO001|1|F|W000000345|Wilson|Riley|F|19710215|31121|GA|EC|178153069|W000000345|W000000345|Wilson|Riley|F|EE|19710215|202606010000235|ACAS2026060100000235||TCN2026060100000235|SRC2026060100000235|002026060100000235|NY0001|NY0001||2|100000192|DR Young MD|2|100000192|PV000192|DR Young MD|6775 MEDICAL PLAZA||FL MEDICAL CTR|FL|96533|4|12|P|P|20260509|20260516|20260427|20260429|20260518||||10|379|80061|51|I|Y|05||N|||12|07|0730|122|2|2|1544.42|1544.42|449.15|0.00|0.00|PR1|CO45||1095.27|1095.27||30.00|30.00|51.58|216.45|216.45|797.24|797.24|0.00|0.00|0.00|449.15|0.00|0.00|0.00||N|||W000000345|P|W000000345|0|1|0.00|||1|12||1544.42|||Y|||||1||12|2000000192|N|0.00|0.00|12|12|5|9|20260427|20260429|AT|59||||||||Z00.00|R05||G47.33|M79.3||||||80061|||||||216.45|30.00|51.58|N|9||AETNA
002026060100000236|1234567|0987654|N|001|AC123456|01|I|N||PPO|01|PKG0042|PPO001|2|F|W000000172|Gonzalez|Jacob|M|19750518|23996|OH|EE||W000000504|W000000504|Gonzalez|Evelyn|F|SP|19761128|202606010000236|ACAS2026060100000236||TCN2026060100000236|SRC2026060100000236|002026060100000236|NY0001|NY0001||2|100000104|DR Davis MD|2|100000104|PV000104|DR Davis MD|897 MEDICAL PLAZA||TX MEDICAL CTR|TX|23893|4|40|P|P|20260422|20260517|20260315|20260317|20260518||||11|293|99283|26|I|Y|06||2|||11|04|0200|212|3|2|324.93|324.93|240.28|0.00|0.00|PR1|CO45||84.65|84.65||30.00|30.00|24.75|7.12|7.12|22.78|22.78|0.00|0.00|0.00|240.28|0.00|0.00|0.00||N|||W000000504|P|W000000504|0|1|0.00|||2|40||324.93||Y|Y|||||1||40|2000000104|N|0.00|0.00|40|11|1|3|20260315|20260317|AT|50||||||||J30.9|K57.30|||||||||99283|||||||7.12|30.00|24.75|N|3||AETNA
002026060100000237|1234567|0987654|N|001|AC123456|01|I|Y||PPO|01|PKG0042|PPO001|N|F|W000000265|Jackson|Sophia|F|19850627|87539|NJ|ES||W000000465|W000000465|Jackson|Emily|F|CH|20200617|202606010000237|ACAS2026060100000237||TCN2026060100000237|SRC2026060100000237|002026060100000237|NY0001|NY0001||2|100000002|DR Johnson MD|2|100000002|PV000002|DR Johnson MD|7850 MEDICAL PLAZA||WA MEDICAL CTR|WA|47840|4|02|P|N|20260414|20260513|20260307|20260309|20260515||||10|293|90834|TC|I|Y|04||A|||32|20|0100|111|3|1|1554.17|1554.17|979.57|0.00|0.00|PR1|CO45||574.60|574.60||0.00|0.00|125.17|86.83|86.83|362.60|362.60|0.00|0.00|0.00|979.57|0.00|0.00|0.00||N|||W000000465|P|W000000465|0|1|0.00|||N|02||1554.17|||Y|Y||||1||02|2000000002|N|0.00|0.00|02|32|5|9|20260307|20260309|TC|25|Y|||||||Z79.899|Z87.891|J06.9|J18.9|||||||90834|||||||86.83|0.00|125.17|N|9||AETNA
002026060100000238|1234567|0987654|N|001|AC123456|03|P|N||PPO|01|PKG0042|PPO001|3|F|W000000303|Wilson|Samuel|M|19730228|31300|MI|EC|555547073|W000000303|W000000303|Wilson|Samuel|M|EE|19730228|202606010000238|ACAS2026060100000238||TCN2026060100000238|SRC2026060100000238|002026060100000238|NY0001|NY0001||2|100000038|DR Garcia MD|2|100000038|PV000038|DR Garcia MD|9392 MEDICAL PLAZA||MA MEDICAL CTR|MA|84645|1|08|P|P|20260510|20260530|20260430|20260430|20260531||||||99232||P|Y|04||2|||99||||2|1|640.68|640.68|253.11|0.00|0.00|PR1|CO45||387.57|387.57||30.00|30.00|31.03|62.09|62.09|264.45|264.45|0.00|0.00|0.00|253.11|0.00|0.00|0.00||N|||W000000303|P|W000000303|0|0|0.00|||3|08||640.68||N||||||1||08|2000000038|N|0.00|0.00|08|99||||||51||||||||J06.9|I25.10|Z87.891||||||||99232|||||||62.09|30.00|31.03|N|||AETNA
002026060100000239|1234567|0987654|N|001|AC123456|01|I|N||PPO|03|PKG0042|PPO001|2|F|W000000217|Martinez|Aria|F|19930909|38892|FL|EF|663349949|W000000217|W000000217|Martinez|Aria|F|EE|19930909|202606010000239|ACAS2026060100000239||TCN2026060100000239|SRC2026060100000239|002026060100000239|NY0001|NY0001||2|100000090|DR Sanchez MD|2|100000090|PV000090|DR Sanchez MD|303 MEDICAL PLAZA||NJ MEDICAL CTR|NJ|62399|4|50|P|P|20260425|20260524|20260413|20260416|20260525||||05|392|90834|GT|I|Y|03||M|||11|01|0730|121|2|3|504.76|504.76|187.56|0.00|0.00|PR1|CO45||317.20|317.20||20.00|20.00|35.35|27.95|27.95|233.90|233.90|0.00|0.00|0.00|187.56|0.00|0.00|0.00||N|||W000000217|P|W000000217|0|1|0.00|||2|50||504.76||||N||||1||50|2000000090|N|0.00|0.00|50|11|7|1|20260413|20260416|59|TC||Y||||||J06.9||J30.9||Z00.00||||||90834|||||||27.95|20.00|35.35|N|1||AETNA
002026060100000240|1234567|0987654|N|001|AC123456|01|I|Y||PPO|01|PKG0042|PPO001|N|F|W000000127|Jones|Oliver|M|19751006|25643|NC|EF||W000000440|W000000440|Jones|Liam|M|CH|20050401|202606010000240|ACAS2026060100000240||TCN2026060100000240|SRC2026060100000240|002026060100000240|NY0001|NY0001||2|100000013|DR Gonzalez MD|2|100000013|PV000013|DR Gonzalez MD|7157 MEDICAL PLAZA||NC MEDICAL CTR|NC|83884|4|38|P|N|20260516|20260522|20260416|20260418|20260526||||13|195|82947||I|Y|07||1|||24|02|0900|131|1|1|364.22|364.22|201.70|0.00|0.00|PR1|CO45||162.52|162.52||30.00|30.00|20.60|25.56|25.56|86.36|86.36|0.00|0.00|0.00|201.70|0.00|0.00|0.00||N|||W000000440|P|W000000440|0|1|0.00|||N|38||364.22||Y||||||1||38|2000000013|N|0.00|0.00|38|24|2|1|20260416|20260418|26|||||||||J06.9||||||||||82947|||||||25.56|30.00|20.60|N|1||AETNA
002026060100000241|1234567|0987654|N|001|AC123456|03|P|Y||PPO|02|PKG0042|PPO001|N|F|W000000099|Moore|Jacob|M|19900228|58815|CO|EC|474199938|W000000099|W000000099|Moore|Jacob|M|EE|19900228|202606010000241|ACAS2026060100000241||TCN2026060100000241|SRC2026060100000241|002026060100000241|NY0001|NY0001||2|100000153|DR Harris MD|2|100000153|PV000153|DR Harris MD|6479 MEDICAL PLAZA||AZ MEDICAL CTR|AZ|80305|1|03|P|N|20260428|20260518|20260329|20260329|20260521||||||99203|TC|P|Y|02||4|||31||||3|1|413.25|413.25|174.24|0.00|0.00|PR1|CO45||239.01|239.01||0.00|0.00|53.60|19.83|19.83|165.58|165.58|0.00|0.00|0.00|174.24|0.00|0.00|0.00||N|||W000000099|P|W000000099|0|0|0.00|||N|03||413.25||Y||Y||||1||03|2000000153|N|0.00|0.00|03|31|||||TC||N|N||||||R05|Z12.31|J06.9|J44.1|Z87.891||||||99203|||||||19.83|0.00|53.60|N|||AETNA
002026060100000242|1234567|0987654|N|001|AC123456|03|P|N||PPO|03|PKG0042|PPO001|3|F|W000000208|Walker|Samuel|M|19770515|99952|IL|EF||W000000409|W000000409|Walker|Michael|M|CH|20130810|202606010000242|ACAS2026060100000242||TCN2026060100000242|SRC2026060100000242|002026060100000242|NY0001|NY0001||2|100000234|DR Martinez MD|2|100000234|PV000234|DR Martinez MD|7895 MEDICAL PLAZA||WA MEDICAL CTR|WA|48816|1|09|P|P|20260504|20260520|20260308|20260308|20260521||||||99395||P|Y|06||S|||22||||3|3|2924.76|2924.76|2924.76|0.00|0.00||CO45||0.00|0.00||50.00|50.00|0.00|0.00|0.00|0.00|0.00|0.00|0.00|0.00|0.00|0.00|0.00|0.00||N|||W000000409|D|W000000409|0|0|0.00|||3|09||2924.76||||||||1||09|2000000234|N|0.00|0.00|09|22||||||TC||||||||M79.3|||M79.3|||||||99395|||||||0.00|50.00|0.00|N|||AETNA
002026060100000243|1234567|0987654|N|001|AC123456|03|P|N||PPO|01|PKG0042|PPO001|1|F|W000000067|Harris|Sebastian|M|19731011|48205|WA|EC|677404226|W000000067|W000000067|Harris|Sebastian|M|EE|19731011|202606010000243|ACAS2026060100000243||TCN2026060100000243|SRC2026060100000243|002026060100000243|NY0001|NY0001||2|100000289|DR Smith MD|2|100000289|PV000289|DR Smith MD|7105 MEDICAL PLAZA||VA MEDICAL CTR|VA|86125|1|04|P|P|20260510|20260521|20260411|20260411|20260523||||||97110|51|P|Y|04||S|||12||||2|2|863.76|863.76|328.33|0.00|0.00|PR1|CO45||535.43|535.43||30.00|30.00|51.63|108.40|108.40|345.40|345.40|0.00|0.00|0.00|328.33|0.00|0.00|0.00||N|||W000000067|P|W000000067|0|0|0.00|||1|04||863.76|||N|||||1||04|2000000289|N|0.00|0.00|04|12|||||TC|59||||||||Z79.899|Z00.00|||||||||97110|||||||108.40|30.00|51.63|N|||AETNA
002026060100000244|1234567|0987654|N|001|AC123456|01|I|Y||PPO|03|PKG0042|PPO001|N|F|W000000111|Garcia|Mia|F|19871209|63080|MI|EF||W000000455|W000000455|Garcia|Mason|M|CH|20081115|202606010000244|ACAS2026060100000244||TCN2026060100000244|SRC2026060100000244|002026060100000244|NY0001|NY0001||2|100000147|DR Jackson MD|2|100000147|PV000147|DR Jackson MD|1783 MEDICAL PLAZA||IL MEDICAL CTR|IL|49428|4|12|P|N|20260514|20260526|20260321|20260325|20260527||||02|292|36415|95|I|Y|07||M|||32|05|0110|212|1|3|771.56|771.56|301.43|0.00|0.00|PR1|CO45||470.13|470.13||20.00|20.00|66.64|92.98|92.98|290.51|290.51|0.00|0.00|0.00|301.43|0.00|0.00|0.00||N|||W000000455|P|W000000455|0|1|0.00|||N|12||771.56||N||Y||||1||12|2000000147|N|0.00|0.00|12|32||9|20260321|20260325|25|59|Y|||||||R51||M54.5|G43.909|||||||36415|||||||92.98|20.00|66.64|N|9||AETNA
002026060100000245|1234567|0987654|N|001|AC123456|03|P|Y||PPO|02|PKG0042|PPO001|N|F|W000000222|Williams|Ava|F|19710715|77617|MA|EE||W000000441|W000000441|Williams|James|M|CH|20140109|202606010000245|ACAS2026060100000245||TCN2026060100000245|SRC2026060100000245|002026060100000245|NY0001|NY0001||2|100000263|DR Miller MD|2|100000263|PV000263|DR Miller MD|7342 MEDICAL PLAZA||NY MEDICAL CTR|NY|80558|1|08|P|N|20260511|20260529|20260407|20260407|20260530||||||99204|51|P|Y|07||F|||22||||1|3|532.24|532.24|376.33|0.00|0.00|PR1|CO45||155.91|155.91||75.00|75.00|27.75|13.23|13.23|39.93|39.93|0.00|0.00|0.00|376.33|0.00|0.00|0.00||N|||W000000441|P|W000000441|0|0|0.00|||N|08||532.24||N||||||1||08|2000000263|N|0.00|0.00|08|22|||||AT|TC|N|||||||K21.0|||I25.10|||||||99204|||||||13.23|75.00|27.75|N|||AETNA
002026060100000246|1234567|0987654|N|001|AC123456|01|I|N||PPO|01|PKG0042|PPO001|3|F|W000000060|Davis|Sophia|F|19790724|80545|MI|EC|918845295|W000000060|W000000060|Davis|Sophia|F|EE|19790724|202606010000246|ACAS2026060100000246||TCN2026060100000246|SRC2026060100000246|002026060100000246|NY0001|NY0001||2|100000296|DR Davis MD|2|100000296|PV000296|DR Davis MD|981 MEDICAL PLAZA||WA MEDICAL CTR|WA|61354|4|11|P|P|20260502|20260523|20260313|20260316|20260524||||15|683|36415|51|I|Y|03||M|||24|03|0200|131|3|2|5319.22|5319.22|3568.53|0.00|0.00|PR1|CO45||1750.69|1750.69||50.00|50.00|206.59|256.18|256.18|1237.92|1237.92|0.00|0.00|0.00|3568.53|0.00|0.00|0.00||N|||W000000060|P|W000000060|0|1|0.00|||3|11||5319.22||N||||||1||11|2000000296|N|0.00|0.00|11|24|4|3|20260313|20260316||||||||||F32.9|Z00.00|||||||||36415|||||||256.18|50.00|206.59|N|3||AETNA
002026060100000247|1234567|0987654|N|001|AC123456|03|P|N||PPO|03|PKG0042|PPO001|1|F|W000000218|Lopez|Charlotte|F|19840610|97904|VA|ES||W000000531|W000000531|Lopez|Evelyn|F|SP|19850716|202606010000247|ACAS2026060100000247||TCN2026060100000247|SRC2026060100000247|002026060100000247|NY0001|NY0001||2|100000258|DR Johnson MD|2|100000258|PV000258|DR Johnson MD|3885 MEDICAL PLAZA||CO MEDICAL CTR|CO|48748|1|03|P|P|20260518|20260527|20260423|20260423|20260529||||||80061|51|P|Y|02||S|||21||||3|3|2016.78|2016.78|1378.74|0.00|0.00|PR1|CO45||638.04|638.04||0.00|0.00|96.51|68.57|68.57|472.96|472.96|0.00|0.00|0.00|1378.74|0.00|0.00|0.00||N|||W000000531|P|W000000531|0|0|0.00|||1|03||2016.78||Y||||||1||03|2000000258|N|0.00|0.00|03|21|||||TC|||||||||G43.909|R05|Z12.31|Z87.891|||||||80061|||||||68.57|0.00|96.51|N|||AETNA
002026060100000248|1234567|0987654|N|001|AC123456|01|I|N||PPO|01|PKG0042|PPO001|1|F|W000000292|Williams|Mia|F|19651009|50694|CA|ES|350115121|W000000292|W000000292|Williams|Mia|F|EE|19651009|202606010000248|ACAS2026060100000248||TCN2026060100000248|SRC2026060100000248|002026060100000248|NY0001|NY0001||2|100000140|DR Lopez MD|2|100000140|PV000140|DR Lopez MD|1507 MEDICAL PLAZA||CO MEDICAL CTR|CO|20492|4|05|P|P|20260501|20260521|20260425|20260429|20260525||||01|379|99203|59|I|Y|02||4|||11|02|0110|211|3|1|360.36|360.36|102.26|0.00|0.00|PR1|CO45||258.10|258.10||0.00|0.00|8.18|43.28|43.28|206.64|206.64|0.00|0.00|0.00|102.26|0.00|0.00|0.00||N|||W000000292|P|W000000292|0|1|0.00|||1|05||360.36||Y|Y|||||1||05|2000000140|N|0.00|0.00|05|11|2|1|20260425|20260429|26|GT||||||||G47.33|R51||E78.5|||||||99203|||||||43.28|0.00|8.18|N|1||AETNA
002026060100000249|1234567|0987654|N|001|AC123456|03|P|N||PPO|01|PKG0042|PPO001|3|F|W000000352|Williams|Harper|F|19710926|36114|CA|EE||W000000551|W000000551|Williams|Benjamin|M|CH|20120324|202606010000249|ACAS2026060100000249||TCN2026060100000249|SRC2026060100000249|002026060100000249|NY0001|NY0001||2|100000098|DR Johnson MD|2|100000098|PV000098|DR Johnson MD|1814 MEDICAL PLAZA||TX MEDICAL CTR|TX|41585|1|08|P|P|20260418|20260516|20260422|20260422|20260519||||||99283|GT|P|Y|06||4|||99||||3|2|527.12|527.12|154.57|0.00|0.00|PR1|CO45||372.55|372.55||0.00|0.00|18.74|40.81|40.81|313.00|313.00|0.00|0.00|0.00|154.57|0.00|0.00|0.00||N|||W000000551|P|W000000551|0|0|0.00|||3|08||527.12|||N|||||1||08|2000000098|N|0.00|0.00|08|99|||||26|25||||||||G43.909|G43.909|||||||||99283|||||||40.81|0.00|18.74|N|||AETNA
002026060100000250|1234567|0987654|N|001|AC123456|03|P|N||PPO|01|PKG0042|PPO001|3|F|W000000030|Perez|Liam|M|19870217|22523|OH|EF|165268215|W000000030|W000000030|Perez|Liam|M|EE|19870217|202606010000250|ACAS2026060100000250||TCN2026060100000250|SRC2026060100000250|002026060100000250|NY0001|NY0001||2|100000294|DR Garcia MD|2|100000294|PV000294|DR Garcia MD|4497 MEDICAL PLAZA||NJ MEDICAL CTR|NJ|94139|1|09|P|P|20260516|20260521|20260304|20260304|20260524||||||97110||P|Y|05||N|||13||||2|1|554.40|554.40|194.76|0.00|0.00|PR1|CO45||359.64|359.64||40.00|40.00|43.28|63.81|63.81|212.55|212.55|0.00|0.00|0.00|194.76|0.00|0.00|0.00||N|||W000000030|P|W000000030|0|0|0.00|||3|09||554.40|||Y|||||1||09|2000000294|N|0.00|0.00|09|13|||||AT|||||||||I10|I10|||||||||97110|||||||63.81|40.00|43.28|N|||AETNA
002026060100000251|1234567|0987654|N|001|AC123456|01|I|Y||PPO|02|PKG0042|PPO001|N|F|W000000126|Thomas|Aria|F|19640507|11709|MI|EF|910469907|W000000126|W000000126|Thomas|Aria|F|EE|19640507|202606010000251|ACAS2026060100000251||TCN2026060100000251|SRC2026060100000251|002026060100000251|NY0001|NY0001||2|100000073|DR Rodriguez MD|2|100000073|PV000073|DR Rodriguez MD|9281 MEDICAL PLAZA||OH MEDICAL CTR|OH|21039|4|38|P|N|20260424|20260520|20260406|20260409|20260523||||14|291|85025|25|I|Y|07||M|||22|20|0250|112|2|3|752.94|752.94|520.76|0.00|0.00|PR1|CO45||232.18|232.18||30.00|30.00|63.73|25.49|25.49|112.96|112.96|0.00|0.00|0.00|520.76|0.00|0.00|0.00||N|||W000000126|P|W000000126|0|1|0.00|||N|38||752.94|||Y|Y||||1||38|2000000073|N|0.00|0.00|38|22|4|3|20260406|20260409||GT||||||||R05|M79.3|J06.9||||||||85025|||||||25.49|30.00|63.73|N|3||AETNA
002026060100000252|1234567|0987654|N|001|AC123456|01|I|N||PPO|03|PKG0042|PPO001|2|F|W000000346|Clark|Olivia|F|19780508|40451|WA|ES|143675483|W000000346|W000000346|Clark|Olivia|F|EE|19780508|202606010000252|ACAS2026060100000252||TCN2026060100000252|SRC2026060100000252|002026060100000252|NY0001|NY0001||2|100000124|DR Ramirez MD|2|100000124|PV000124|DR Ramirez MD|483 MEDICAL PLAZA||IL MEDICAL CTR|IL|92235|4|04|P|P|20260511|20260531|20260515|20260518|20260603||||03|194|99291||I|Y|04||1|||22|02|0200|122|2|1|366.49|366.49|169.64|0.00|0.00|PR1|CO45||196.85|196.85||30.00|30.00|20.63|23.49|23.49|122.73|122.73|0.00|0.00|0.00|169.64|0.00|0.00|0.00||N|||W000000346|P|W000000346|0|1|0.00|||2|04||366.49||||N||||1||04|2000000124|N|0.00|0.00|04|22||2|20260515|20260518|50|TC||||||||J44.1|E11.9|M17.11||||||||99291|||||||23.49|30.00|20.63|N|2||AETNA
002026060100000253|1234567|0987654|N|001|AC123456|01|I|Y||PPO|01|PKG0042|PPO001|N|F|W000000132|Hernandez|Charlotte|F|19900808|37879|CA|ES|875658454|W000000132|W000000132|Hernandez|Charlotte|F|EE|19900808|202606010000253|ACAS2026060100000253||TCN2026060100000253|SRC2026060100000253|002026060100000253|NY0001|NY0001||2|100000023|DR Thompson MD|2|100000023|PV000023|DR Thompson MD|428 MEDICAL PLAZA||VA MEDICAL CTR|VA|40243|4|08|P|N|20260506|20260519|20260524|20260525|20260521||||12|392|99205|TC|I|Y|07||4|||32|04|0730|111|3|2|965.84|965.84|633.96|0.00|0.00|PR1|CO45||331.88|331.88||40.00|40.00|24.87|29.89|29.89|237.12|237.12|0.00|0.00|0.00|633.96|0.00|0.00|0.00||N|||W000000132|P|W000000132|0|1|0.00|||N|08||965.84||||||||1||08|2000000023|N|0.00|0.00|08|32|5|3|20260524|20260525|26|||||||||I25.10||||||||||99205|||||||29.89|40.00|24.87|N|3||AETNA
002026060100000254|1234567|0987654|N|001|AC123456|03|P|N||PPO|01|PKG0042|PPO001|1|F|W000000231|White|Ethan|M|19640910|40091|NY|EF|612131954|W000000231|W000000231|White|Ethan|M|EE|19640910|202606010000254|ACAS2026060100000254||TCN2026060100000254|SRC2026060100000254|002026060100000254|NY0001|NY0001||2|100000239|DR Anderson MD|2|100000239|PV000239|DR Anderson MD|3185 MEDICAL PLAZA||WA MEDICAL CTR|WA|35768|1|40|P|P|20260430|20260523|20260413|20260413|20260525||||||99395|95|P|Y|04||1|||31||||2|2|2285.35|2285.35|1293.07|0.00|0.00|PR1|CO45||992.28|992.28||40.00|40.00|221.14|117.56|117.56|613.58|613.58|0.00|0.00|0.00|1293.07|0.00|0.00|0.00||N|||W000000231|P|W000000231|0|0|0.00|||1|40||2285.35||Y|Y|||||1||40|2000000239|N|0.00|0.00|40|31|||||||N|||||||Z12.31|F41.9|K57.30|I10|||||||99395|||||||117.56|40.00|221.14|N|||AETNA
002026060100000255|1234567|0987654|N|001|AC123456|01|I|N||PPO|02|PKG0042|PPO001|1|F|W000000319|Robinson|Grace|F|19910704|14301|FL|EE||W000000463|W000000463|Robinson|Aria|F|CH|20000601|202606010000255|ACAS2026060100000255||TCN2026060100000255|SRC2026060100000255|002026060100000255|NY0001|NY0001||2|100000195|DR Williams MD|2|100000195|PV000195|DR Williams MD|3348 MEDICAL PLAZA||TX MEDICAL CTR|TX|28481|4|50|P|P|20260509|20260529|20260320|20260324|20260602||||04|293|71046|59|I|Y|03||A|||21|04|0370|211|2|2|217.76|217.76|134.24|0.00|0.00|PR1|CO45||83.52|83.52||0.00|0.00|23.78|13.74|13.74|46.00|46.00|0.00|0.00|0.00|134.24|0.00|0.00|0.00||N|||W000000463|P|W000000463|0|1|0.00|||1|50||217.76||N|Y|||||1||50|2000000195|N|0.00|0.00|50|21|5|2|20260320|20260324|GT|26||||||||J44.1|Z79.899|K21.0|E78.5|||||||71046|||||||13.74|0.00|23.78|N|2||AETNA
002026060100000256|1234567|0987654|N|001|AC123456|03|P|Y||PPO|02|PKG0042|PPO001|N|F|W000000102|Gonzalez|Grace|F|19600112|74254|FL|EE|774834628|W000000102|W000000102|Gonzalez|Grace|F|EE|19600112|202606010000256|ACAS2026060100000256||TCN2026060100000256|SRC2026060100000256|002026060100000256|NY0001|NY0001||2|100000026|DR Sanchez MD|2|100000026|PV000026|DR Sanchez MD|8885 MEDICAL PLAZA||CA MEDICAL CTR|CA|46087|1|11|P|N|20260503|20260527|20260417|20260417|20260528||||||99205|25|P|Y|02||N|||32||||2|1|254.95|254.95|85.54|0.00|0.00|PR1|CO45||169.41|169.41||0.00|0.00|23.33|30.02|30.02|116.06|116.06|0.00|0.00|0.00|85.54|0.00|0.00|0.00||N|||W000000102|P|W000000102|0|0|0.00|||N|11||254.95||N||||||1||11|2000000026|N|0.00|0.00|11|32||||||AT||||||||J06.9||||||||||99205|||||||30.02|0.00|23.33|N|||AETNA
002026060100000257|1234567|0987654|N|001|AC123456|03|P|Y||PPO|03|PKG0042|PPO001|N|F|W000000377|Miller|Chloe|F|19620322|30596|MI|EC||W000000475|W000000475|Miller|Ava|F|SP|19850619|202606010000257|ACAS2026060100000257||TCN2026060100000257|SRC2026060100000257|002026060100000257|NY0001|NY0001||2|100000067|DR Williams MD|2|100000067|PV000067|DR Williams MD|3853 MEDICAL PLAZA||PA MEDICAL CTR|PA|90150|1|07|P|N|20260510|20260517|20260410|20260410|20260521||||||99291|95|P|Y|08||S|||22||||3|1|441.12|441.12|298.98|0.00|0.00|PR1|CO45||142.14|142.14||50.00|50.00|0.37|10.31|10.31|81.46|81.46|0.00|0.00|0.00|298.98|0.00|0.00|0.00||N|||W000000475|P|W000000475|0|0|0.00|||N|07||441.12||Y||Y||||1||07|2000000067|N|0.00|0.00|07|22|||||59|51||||||||J30.9||F32.9||||||||99291|||||||10.31|50.00|0.37|N|||AETNA
002026060100000258|1234567|0987654|N|001|AC123456|03|P|N||PPO|03|PKG0042|PPO001|1|F|W000000073|Rodriguez|David|M|19730609|98659|NY|EE|548752320|W000000073|W000000073|Rodriguez|David|M|EE|19730609|202606010000258|ACAS2026060100000258||TCN2026060100000258|SRC2026060100000258|002026060100000258|NY0001|NY0001||2|100000167|DR Miller MD|2|100000167|PV000167|DR Miller MD|6091 MEDICAL PLAZA||WA MEDICAL CTR|WA|29874|1|02|P|P|20260508|20260514|20260321|20260321|20260515||||||80061|51|P|Y|02||1|||21||||1|3|458.85|458.85|195.89|0.00|0.00|PR1|CO45||262.96|262.96||75.00|75.00|54.29|16.57|16.57|117.10|117.10|0.00|0.00|0.00|195.89|0.00|0.00|0.00||N|||W000000073|P|W000000073|0|0|0.00|||1|02||458.85||Y||||||1||02|2000000167|N|0.00|0.00|02|21|||||59|25||||||||J30.9|Z87.891|||G47.33||||||80061|||||||16.57|75.00|54.29|N|||AETNA
002026060100000259|1234567|0987654|N|001|AC123456|03|P|N||PPO|02|PKG0042|PPO001|3|F|W000000123|Walker|Matthew|M|19800727|97052|OH|EE|373558453|W000000123|W000000123|Walker|Matthew|M|EE|19800727|202606010000259|ACAS2026060100000259||TCN2026060100000259|SRC2026060100000259|002026060100000259|NY0001|NY0001||2|100000163|DR Williams MD|2|100000163|PV000163|DR Williams MD|5105 MEDICAL PLAZA||TX MEDICAL CTR|TX|40310|1|38|P|P|20260501|20260522|20260414|20260414|20260523||||||80053|50|P|Y|01||2|||24||||1|2|3636.21|3636.21|3636.21|0.00|0.00||CO45||0.00|0.00||75.00|75.00|0.00|0.00|0.00|0.00|0.00|0.00|0.00|0.00|0.00|0.00|0.00|0.00||N|||W000000123|D|W000000123|0|0|0.00|||3|38||3636.21|||N|||||1||38|2000000163|N|0.00|0.00|38|24|||||50|||||||||M54.5|K21.0|||||||||80053|||||||0.00|75.00|0.00|N|||AETNA
002026060100000260|1234567|0987654|N|001|AC123456|03|P|N||PPO|01|PKG0042|PPO001|2|F|W000000271|Brown|Samuel|M|19760305|61791|PA|EC||W000000412|W000000412|Brown|Riley|F|CH|20061126|202606010000260|ACAS2026060100000260||TCN2026060100000260|SRC2026060100000260|002026060100000260|NY0001|NY0001||2|100000241|DR Taylor MD|2|100000241|PV000241|DR Taylor MD|9867 MEDICAL PLAZA||CA MEDICAL CTR|CA|23020|1|01|P|P|20260501|20260513|20260311|20260311|20260516||||||99232|95|P|Y|03||4|||99||||1|3|1558.46|1558.46|633.47|0.00|0.00|PR1|CO45||924.99|924.99||75.00|75.00|186.93|76.39|76.39|586.67|586.67|0.00|0.00|0.00|633.47|0.00|0.00|0.00||N|||W000000412|P|W000000412|0|0|0.00|||2|01||1558.46||||N||||1||01|2000000241|N|0.00|0.00|01|99|||||26|||Y||||||S93.401|M54.5|J44.1||Z00.00||||||99232|||||||76.39|75.00|186.93|N|||AETNA
002026060100000261|1234567|0987654|N|001|AC123456|01|I|N||PPO|03|PKG0042|PPO001|1|F|W000000374|Lewis|Henry|M|19770205|47833|WA|EF||W000000556|W000000556|Lewis|Ethan|M|CH|20180919|202606010000261|ACAS2026060100000261||TCN2026060100000261|SRC2026060100000261|002026060100000261|NY0001|NY0001||2|100000080|DR Thomas MD|2|100000080|PV000080|DR Thomas MD|8770 MEDICAL PLAZA||TX MEDICAL CTR|TX|36543|4|05|P|P|20260518|20260528|20260403|20260404|20260529||||13|872|90834|95|I|Y|01||A|||31|20|0100|211|3|1|1484.26|1484.26|1054.39|0.00|0.00|PR1|CO45||429.87|429.87||30.00|30.00|35.81|87.41|87.41|276.65|276.65|0.00|0.00|0.00|1054.39|0.00|0.00|0.00||N|||W000000556|P|W000000556|0|1|0.00|||1|05||1484.26||Y||N||||1||05|2000000080|N|0.00|0.00|05|31|1|4|20260403|20260404||25|Y|||||||J45.909|E11.9|M17.11|E11.9|||||||90834|||||||87.41|30.00|35.81|N|4||AETNA
002026060100000262|1234567|0987654|N|001|AC123456|03|P|N||PPO|03|PKG0042|PPO001|3|F|W000000120|Jackson|Emily|F|19770404|92779|MI|EC|567604205|W000000120|W000000120|Jackson|Emily|F|EE|19770404|202606010000262|ACAS2026060100000262||TCN2026060100000262|SRC2026060100000262|002026060100000262|NY0001|NY0001||2|100000278|DR Perez MD|2|100000278|PV000278|DR Perez MD|6876 MEDICAL PLAZA||TX MEDICAL CTR|TX|92416|1|08|P|P|20260511|20260526|20260326|20260326|20260528||||||99213|25|P|Y|08||4|||32||||1|1|531.28|531.28|157.30|0.00|0.00|PR1|CO45||373.98|373.98||50.00|50.00|0.27|64.04|64.04|259.67|259.67|0.00|0.00|0.00|157.30|0.00|0.00|0.00||N|||W000000120|P|W000000120|0|0|0.00|||3|08||531.28|||N|||||1||08|2000000278|N|0.00|0.00|08|32|||||25||Y|||||||J45.909|F41.9||F32.9|||||||99213|||||||64.04|50.00|0.27|N|||AETNA
002026060100000263|1234567|0987654|N|001|AC123456|03|P|N||PPO|01|PKG0042|PPO001|2|F|W000000210|Moore|Matthew|M|19710707|36460|MI|EF|826113698|W000000210|W000000210|Moore|Matthew|M|EE|19710707|202606010000263|ACAS2026060100000263||TCN2026060100000263|SRC2026060100000263|002026060100000263|NY0001|NY0001||2|100000134|DR Garcia MD|2|100000134|PV000134|DR Garcia MD|7562 MEDICAL PLAZA||WA MEDICAL CTR|WA|88763|1|40|P|P|20260421|20260514|20260322|20260322|20260517||||||99203|TC|P|Y|04||B|||22||||1|2|521.46|521.46|223.42|0.00|0.00|PR1|CO45||298.04|298.04||75.00|75.00|30.80|21.96|21.96|170.28|170.28|0.00|0.00|0.00|223.42|0.00|0.00|0.00||N|||W000000210|P|W000000210|0|0|0.00|||2|40||521.46||Y||||||1||40|2000000134|N|0.00|0.00|40|22||||||||||||||I50.9|Z00.00|||||||||99203|||||||21.96|75.00|30.80|N|||AETNA
002026060100000264|1234567|0987654|N|001|AC123456|03|P|N||PPO|01|PKG0042|PPO001|1|F|W000000238|Wilson|William|M|19650522|75338|MA|ES||W000000648|W000000648|Wilson|Sebastian|M|SP|19910123|202606010000264|ACAS2026060100000264||TCN2026060100000264|SRC2026060100000264|002026060100000264|NY0001|NY0001||2|100000247|DR Thompson MD|2|100000247|PV000247|DR Thompson MD|2484 MEDICAL PLAZA||MI MEDICAL CTR|MI|17295|1|07|P|P|20260519|20260528|20260404|20260404|20260530||||||99204|AT|P|Y|05||1|||24||||1|1|193.65|193.65|193.65|0.00|0.00||CO45||0.00|0.00||75.00|75.00|0.00|0.00|0.00|0.00|0.00|0.00|0.00|0.00|0.00|0.00|0.00|0.00||N|||W000000648|D|W000000648|0|0|0.00|||1|07||193.65||Y||||||1||07|2000000247|N|0.00|0.00|07|24||||||||||||||R05|M79.3|I25.10||||||||99204|||||||0.00|75.00|0.00|N|||AETNA
002026060100000265|1234567|0987654|N|001|AC123456|03|P|N||PPO|02|PKG0042|PPO001|3|F|W000000135|Lewis|Sebastian|M|19910320|58649|CO|ES||W000000693|W000000693|Lewis|Ella|F|CH|20011109|202606010000265|ACAS2026060100000265||TCN2026060100000265|SRC2026060100000265|002026060100000265|NY0001|NY0001||2|100000072|DR Davis MD|2|100000072|PV000072|DR Davis MD|8662 MEDICAL PLAZA||FL MEDICAL CTR|FL|33737|1|12|P|P|20260420|20260519|20260523|20260523|20260520||||||82947||P|Y|07||4|||99||||3|3|1292.69|1292.69|543.13|0.00|0.00|PR1|CO45||749.56|749.56||0.00|0.00|88.40|102.65|102.65|558.51|558.51|0.00|0.00|0.00|543.13|0.00|0.00|0.00||N|||W000000693|P|W000000693|0|0|0.00|||3|12||1292.69||||||||1||12|2000000072|N|0.00|0.00|12|99||||||51||||||||E78.5|Z79.899|||||||||82947|||||||102.65|0.00|88.40|N|||AETNA
002026060100000266|1234567|0987654|N|001|AC123456|03|P|N||PPO|03|PKG0042|PPO001|2|F|W000000059|Thomas|Sebastian|M|19820304|58215|CO|ES||W000000407|W000000407|Thomas|William|M|CH|20050624|202606010000266|ACAS2026060100000266||TCN2026060100000266|SRC2026060100000266|002026060100000266|NY0001|NY0001||2|100000012|DR Lopez MD|2|100000012|PV000012|DR Lopez MD|1413 MEDICAL PLAZA||VA MEDICAL CTR|VA|26825|1|12|P|P|20260512|20260527|20260421|20260421|20260531||||||99203|59|P|Y|03||F|||31||||2|1|1009.69|1009.69|313.49|0.00|0.00|PR1|CO45||696.20|696.20||0.00|0.00|45.78|88.93|88.93|561.49|561.49|0.00|0.00|0.00|313.49|0.00|0.00|0.00||N|||W000000407|P|W000000407|0|0|0.00|||2|12||1009.69||Y||||||1||12|2000000012|N|0.00|0.00|12|31|||||26|GT||||||||R51||M79.3||||||||99203|||||||88.93|0.00|45.78|N|||AETNA
002026060100000267|1234567|0987654|N|001|AC123456|01|I|N||PPO|02|PKG0042|PPO001|1|F|W000000313|Taylor|Benjamin|M|19911114|41957|NC|ES|629232175|W000000313|W000000313|Taylor|Benjamin|M|EE|19911114|202606010000267|ACAS2026060100000267||TCN2026060100000267|SRC2026060100000267|002026060100000267|NY0001|NY0001||2|100000017|DR Taylor MD|2|100000017|PV000017|DR Taylor MD|6271 MEDICAL PLAZA||CO MEDICAL CTR|CO|64867|4|02|P|P|20260517|20260525|20260515|20260517|20260526||||03|470|99395|50|I|Y|01||M|||22|02|0450|131|2|3|1984.45|1984.45|1014.92|0.00|0.00|PR1|CO45||969.53|969.53||30.00|30.00|134.96|149.25|149.25|655.32|655.32|0.00|0.00|0.00|1014.92|0.00|0.00|0.00||N|||W000000313|P|W000000313|0|1|0.00|||1|02||1984.45||||Y||||1||02|2000000017|N|0.00|0.00|02|22|1|9|20260515|20260517|GT|26||||||||I25.10|J18.9|J45.909||||||||99395|||||||149.25|30.00|134.96|N|9||AETNA
002026060100000268|1234567|0987654|N|001|AC123456|03|P|N||PPO|02|PKG0042|PPO001|2|F|W000000243|Robinson|Noah|M|19740908|60935|CO|EF|670588798|W000000243|W000000243|Robinson|Noah|M|EE|19740908|202606010000268|ACAS2026060100000268||TCN2026060100000268|SRC2026060100000268|002026060100000268|NY0001|NY0001||2|100000112|DR Thomas MD|2|100000112|PV000112|DR Thomas MD|8780 MEDICAL PLAZA||PA MEDICAL CTR|PA|32582|1|07|P|P|20260516|20260522|20260414|20260414|20260523||||||99204|50|P|Y|03||A|||13||||1|3|556.01|556.01|269.30|0.00|0.00|PR1|CO45||286.71|286.71||40.00|40.00|64.71|18.57|18.57|163.43|163.43|0.00|0.00|0.00|269.30|0.00|0.00|0.00||N|||W000000243|P|W000000243|0|0|0.00|||2|07||556.01||||||||1||07|2000000112|N|0.00|0.00|07|13|||||50|||||||||R51|Z23|||||||||99204|||||||18.57|40.00|64.71|N|||AETNA
002026060100000269|1234567|0987654|N|001|AC123456|03|P|N||PPO|01|PKG0042|PPO001|1|F|W000000246|Gonzalez|Ava|F|19820118|91913|CO|EC||W000000429|W000000429|Gonzalez|Oliver|M|CH|20080708|202606010000269|ACAS2026060100000269||TCN2026060100000269|SRC2026060100000269|002026060100000269|NY0001|NY0001||2|100000286|DR Robinson MD|2|100000286|PV000286|DR Robinson MD|5623 MEDICAL PLAZA||PA MEDICAL CTR|PA|26779|1|01|P|P|20260429|20260525|20260515|20260515|20260529||||||82947||P|Y|06||4|||11||||3|3|589.63|589.63|308.83|0.00|0.00|PR1|CO45||280.80|280.80||75.00|75.00|10.06|33.24|33.24|162.50|162.50|0.00|0.00|0.00|308.83|0.00|0.00|0.00||N|||W000000429|P|W000000429|0|0|0.00|||1|01||589.63||Y|Y|||||1||01|2000000286|N|0.00|0.00|01|11|||||AT|||||||||J18.9|E66.9|||||||||82947|||||||33.24|75.00|10.06|N|||AETNA
002026060100000270|1234567|0987654|N|001|AC123456|03|P|N||PPO|01|PKG0042|PPO001|3|F|W000000091|Johnson|Oliver|M|19660225|19550|AZ|EE||W000000414|W000000414|Johnson|Sofia|F|SP|19770705|202606010000270|ACAS2026060100000270||TCN2026060100000270|SRC2026060100000270|002026060100000270|NY0001|NY0001||2|100000015|DR Anderson MD|2|100000015|PV000015|DR Anderson MD|5887 MEDICAL PLAZA||VA MEDICAL CTR|VA|16376|1|50|P|P|20260508|20260515|20260414|20260414|20260519||||||99395|GT|P|Y|01||M|||13||||3|1|768.58|768.58|548.54|0.00|0.00|PR1|CO45||220.04|220.04||20.00|20.00|45.66|34.98|34.98|119.40|119.40|0.00|0.00|0.00|548.54|0.00|0.00|0.00||N|||W000000414|P|W000000414|0|0|0.00|||3|50||768.58||Y|N|||||1||50|2000000015|N|0.00|0.00|50|13||||||||||||||G47.33|I10|||Z23||||||99395|||||||34.98|20.00|45.66|N|||AETNA
002026060100000271|1234567|0987654|N|001|AC123456|03|P|N||PPO|03|PKG0042|PPO001|2|F|W000000207|Martinez|Evelyn|F|19700223|57535|VA|EE|304395653|W000000207|W000000207|Martinez|Evelyn|F|EE|19700223|202606010000271|ACAS2026060100000271||TCN2026060100000271|SRC2026060100000271|002026060100000271|NY0001|NY0001||2|100000111|DR Anderson MD|2|100000111|PV000111|DR Anderson MD|8891 MEDICAL PLAZA||FL MEDICAL CTR|FL|34848|1|06|P|P|20260428|20260513|20260428|20260428|20260516||||||90834|26|P|Y|01||N|||99||||2|2|1419.58|1419.58|506.03|0.00|0.00|PR1|CO45||913.55|913.55||50.00|50.00|182.90|162.82|162.82|517.83|517.83|0.00|0.00|0.00|506.03|0.00|0.00|0.00||N|||W000000207|P|W000000207|0|0|0.00|||2|06||1419.58|||Y|||||1||06|2000000111|N|0.00|0.00|06|99||||||95||||||||J45.909|E78.5|||||||||90834|||||||162.82|50.00|182.90|N|||AETNA
002026060100000272|1234567|0987654|N|001|AC123456|03|P|N||PPO|03|PKG0042|PPO001|3|F|W000000016|Williams|Jacob|M|19650902|85993|CA|EF|111737894|W000000016|W000000016|Williams|Jacob|M|EE|19650902|202606010000272|ACAS2026060100000272||TCN2026060100000272|SRC2026060100000272|002026060100000272|NY0001|NY0001||2|100000033|DR Smith MD|2|100000033|PV000033|DR Smith MD|3520 MEDICAL PLAZA||VA MEDICAL CTR|VA|77887|1|03|P|P|20260501|20260522|20260526|20260526|20260526||||||99232|TC|P|Y|03||4|||21||||2|1|190.63|190.63|130.92|0.00|0.00|PR1|CO45||59.71|59.71||75.00|75.00|6.64|0.00|0.00|0.00|0.00|0.00|0.00|0.00|130.92|0.00|0.00|0.00||N|||W000000016|P|W000000016|0|0|0.00|||3|03||190.63||N||||||1||03|2000000033|N|0.00|0.00|03|21|||||95||Y|||||||M79.3|Z12.31||E66.9|||||||99232|||||||0.00|75.00|6.64|N|||AETNA
002026060100000273|1234567|0987654|N|001|AC123456|03|P|Y||PPO|03|PKG0042|PPO001|N|F|W000000107|Jones|Sophia|F|19721206|63731|AZ|EE|406692493|W000000107|W000000107|Jones|Sophia|F|EE|19721206|202606010000273|ACAS2026060100000273||TCN2026060100000273|SRC2026060100000273|002026060100000273|NY0001|NY0001||2|100000280|DR White MD|2|100000280|PV000280|DR White MD|3875 MEDICAL PLAZA||CO MEDICAL CTR|CO|59552|1|10|P|N|20260505|20260522|20260517|20260517|20260525||||||99214||P|Y|06||2|||22||||3|1|1243.45|1243.45|687.27|0.00|0.00|PR1|CO45||556.18|556.18||75.00|75.00|161.90|62.70|62.70|256.58|256.58|0.00|0.00|0.00|687.27|0.00|0.00|0.00||N|||W000000107|P|W000000107|0|0|0.00|||N|10||1243.45||||||||1||10|2000000280|N|0.00|0.00|10|22|||||GT|50||||||||M17.11|S93.401|Z23||||||||99214|||||||62.70|75.00|161.90|N|||AETNA
002026060100000274|1234567|0987654|N|001|AC123456|03|P|N||PPO|03|PKG0042|PPO001|3|F|W000000027|Gonzalez|Daniel|M|19771006|71417|GA|EF||W000000671|W000000671|Gonzalez|Benjamin|M|CH|20140910|202606010000274|ACAS2026060100000274||TCN2026060100000274|SRC2026060100000274|002026060100000274|NY0001|NY0001||2|100000203|DR Hernandez MD|2|100000203|PV000203|DR Hernandez MD|3085 MEDICAL PLAZA||IL MEDICAL CTR|IL|43261|1|08|P|P|20260519|20260530|20260415|20260415|20260603||||||99395|50|P|Y|02||A|||23||||1|2|653.65|653.65|363.81|0.00|0.00|PR1|CO45||289.84|289.84||20.00|20.00|77.80|25.74|25.74|166.30|166.30|0.00|0.00|0.00|363.81|0.00|0.00|0.00||N|||W000000671|P|W000000671|0|0|0.00|||3|08||653.65|||N|||||1||08|2000000203|N|0.00|0.00|08|23||||||50||||||||I25.10|Z87.891|||||||||99395|||||||25.74|20.00|77.80|N|||AETNA
002026060100000275|1234567|0987654|N|001|AC123456|01|I|N||PPO|02|PKG0042|PPO001|2|F|W000000293|Gonzalez|Zoey|F|19930111|13885|NJ|EF|741104168|W000000293|W000000293|Gonzalez|Zoey|F|EE|19930111|202606010000275|ACAS2026060100000275||TCN2026060100000275|SRC2026060100000275|002026060100000275|NY0001|NY0001||2|100000229|DR Jones MD|2|100000229|PV000229|DR Jones MD|3967 MEDICAL PLAZA||CA MEDICAL CTR|CA|19162|4|04|P|P|20260520|20260527|20260521|20260521|20260530||||03|470|71046|95|I|Y|04||N|||13|03|0730|211|1|3|270.47|270.47|164.98|0.00|0.00|PR1|CO45||105.49|105.49||20.00|20.00|10.01|13.89|13.89|61.59|61.59|0.00|0.00|0.00|164.98|0.00|0.00|0.00||N|||W000000293|P|W000000293|0|1|0.00|||2|04||270.47||||N||||1||04|2000000229|N|0.00|0.00|04|13|2|9|20260521|20260521||GT||||||||R05||Z12.31||||||||71046|||||||13.89|20.00|10.01|N|9||AETNA
002026060100000276|1234567|0987654|N|001|AC123456|03|P|Y||PPO|02|PKG0042|PPO001|N|F|W000000338|Martinez|Riley|F|19810928|67917|PA|EF|220979979|W000000338|W000000338|Martinez|Riley|F|EE|19810928|202606010000276|ACAS2026060100000276||TCN2026060100000276|SRC2026060100000276|002026060100000276|NY0001|NY0001||2|100000214|DR Perez MD|2|100000214|PV000214|DR Perez MD|6102 MEDICAL PLAZA||FL MEDICAL CTR|FL|56516|1|04|P|N|20260509|20260531|20260316|20260316|20260602||||||90847|TC|P|Y|04||2|||31||||1|2|113.08|113.08|113.08|0.00|0.00||CO45||0.00|0.00||20.00|20.00|0.00|0.00|0.00|0.00|0.00|0.00|0.00|0.00|0.00|0.00|0.00|0.00||N|||W000000338|D|W000000338|0|0|0.00|||N|04||113.08||||||||1||04|2000000214|N|0.00|0.00|04|31|||||GT|GT||||||||S93.401|I10|||||||||90847|||||||0.00|20.00|0.00|N|||AETNA
002026060100000277|1234567|0987654|N|001|AC123456|01|I|N||PPO|02|PKG0042|PPO001|2|F|W000000327|Hernandez|Benjamin|M|19930112|81662|NY|EE|650141813|W000000327|W000000327|Hernandez|Benjamin|M|EE|19930112|202606010000277|ACAS2026060100000277||TCN2026060100000277|SRC2026060100000277|002026060100000277|NY0001|NY0001||2|100000198|DR Garcia MD|2|100000198|PV000198|DR Garcia MD|1545 MEDICAL PLAZA||MI MEDICAL CTR|MI|63637|4|03|P|P|20260428|20260515|20260324|20260324|20260516||||14|470|99204|51|I|Y|03||B|||22|02|0250|132|1|3|592.29|592.29|261.20|0.00|0.00|PR1|CO45||331.09|331.09||50.00|50.00|30.62|46.51|46.51|203.96|203.96|0.00|0.00|0.00|261.20|0.00|0.00|0.00||N|||W000000327|P|W000000327|0|1|0.00|||2|03||592.29||||||||1||03|2000000198|N|0.00|0.00|03|22|5||20260324|20260324|AT|26|Y|||||||E66.9|J18.9||Z00.00|||||||99204|||||||46.51|50.00|30.62|N|||AETNA
002026060100000278|1234567|0987654|N|001|AC123456|01|I|N||PPO|01|PKG0042|PPO001|2|F|W000000256|Perez|Logan|M|19721020|33333|CO|EC||W000000548|W000000548|Perez|Michael|M|CH|20021117|202606010000278|ACAS2026060100000278||TCN2026060100000278|SRC2026060100000278|002026060100000278|NY0001|NY0001||2|100000233|DR Rodriguez MD|2|100000233|PV000233|DR Rodriguez MD|6647 MEDICAL PLAZA||WA MEDICAL CTR|WA|98492|4|08|P|P|20260521|20260527|20260328|20260328|20260530||||05|293|85025||I|Y|08||N|||13|01|0370|121|1|3|2276.87|2276.87|1353.16|0.00|0.00|PR1|CO45||923.71|923.71||50.00|50.00|56.73|102.74|102.74|714.24|714.24|0.00|0.00|0.00|1353.16|0.00|0.00|0.00||N|||W000000548|P|W000000548|0|1|0.00|||2|08||2276.87||N||||||1||08|2000000233|N|0.00|0.00|08|13|5|3|20260328|20260328|TC|26||||||||J45.909||G43.909||||||||85025|||||||102.74|50.00|56.73|N|3||AETNA
002026060100000279|1234567|0987654|N|001|AC123456|03|P|N||PPO|01|PKG0042|PPO001|2|F|W000000046|Jackson|Victoria|F|19780624|45520|GA|ES|561251751|W000000046|W000000046|Jackson|Victoria|F|EE|19780624|202606010000279|ACAS2026060100000279||TCN2026060100000279|SRC2026060100000279|002026060100000279|NY0001|NY0001||2|100000003|DR Williams MD|2|100000003|PV000003|DR Williams MD|9794 MEDICAL PLAZA||PA MEDICAL CTR|PA|72946|1|03|P|P|20260516|20260525|20260513|20260513|20260527||||||99203|AT|P|Y|02||1|||21||||2|3|2761.37|2761.37|1832.84|0.00|0.00|PR1|CO45||928.53|928.53||30.00|30.00|152.44|179.95|179.95|566.14|566.14|0.00|0.00|0.00|1832.84|0.00|0.00|0.00||N|||W000000046|P|W000000046|0|0|0.00|||2|03||2761.37||Y||Y||||1||03|2000000003|N|0.00|0.00|03|21|||||59|||||||||J45.909|E11.65|G43.909||||||||99203|||||||179.95|30.00|152.44|N|||AETNA
002026060100000280|1234567|0987654|N|001|AC123456|03|P|N||PPO|03|PKG0042|PPO001|2|F|W000000058|Lee|Carter|M|19800816|52915|CO|EC|958912941|W000000058|W000000058|Lee|Carter|M|EE|19800816|202606010000280|ACAS2026060100000280||TCN2026060100000280|SRC2026060100000280|002026060100000280|NY0001|NY0001||2|100000260|DR Brown MD|2|100000260|PV000260|DR Brown MD|2994 MEDICAL PLAZA||NC MEDICAL CTR|NC|54323|1|05|P|P|20260426|20260515|20260321|20260321|20260516||||||36415||P|Y|03||1|||12||||2|2|899.71|899.71|283.69|0.00|0.00|PR1|CO45||616.02|616.02||0.00|0.00|169.79|103.99|103.99|342.24|342.24|0.00|0.00|0.00|283.69|0.00|0.00|0.00||N|||W000000058|P|W000000058|0|0|0.00|||2|05||899.71||Y||||||1||05|2000000260|N|0.00|0.00|05|12||||||||||||||J45.909|G47.33|Z12.31||||||||36415|||||||103.99|0.00|169.79|N|||AETNA
002026060100000281|1234567|0987654|N|001|AC123456|03|P|N||PPO|03|PKG0042|PPO001|2|F|W000000194|Williams|Logan|M|19690618|24779|AZ|ES|244889270|W000000194|W000000194|Williams|Logan|M|EE|19690618|202606010000281|ACAS2026060100000281||TCN2026060100000281|SRC2026060100000281|002026060100000281|NY0001|NY0001||2|100000222|DR Robinson MD|2|100000222|PV000222|DR Robinson MD|9800 MEDICAL PLAZA||IL MEDICAL CTR|IL|30186|1|12|P|P|20260509|20260518|20260404|20260404|20260521||||||99213|50|P|Y|07||B|||12||||2|2|3525.24|3525.24|932.72|0.00|0.00|PR1|CO45||2592.52|2592.52||40.00|40.00|676.91|282.35|282.35|1593.26|1593.26|0.00|0.00|0.00|932.72|0.00|0.00|0.00||N|||W000000194|P|W000000194|0|0|0.00|||2|12||3525.24||N||Y||||1||12|2000000222|N|0.00|0.00|12|12|||||GT|51|N|||||||R05|E11.65|J44.1|F32.9|||||||99213|||||||282.35|40.00|676.91|N|||AETNA
002026060100000282|1234567|0987654|N|001|AC123456|03|P|N||PPO|03|PKG0042|PPO001|2|F|W000000341|Young|Abigail|F|19690523|78067|IL|ES|274944642|W000000341|W000000341|Young|Abigail|F|EE|19690523|202606010000282|ACAS2026060100000282||TCN2026060100000282|SRC2026060100000282|002026060100000282|NY0001|NY0001||2|100000222|DR Robinson MD|2|100000222|PV000222|DR Robinson MD|7660 MEDICAL PLAZA||TX MEDICAL CTR|TX|88714|1|12|P|P|20260506|20260520|20260424|20260424|20260522||||||99395|GT|P|Y|05||M|||23||||3|3|641.30|641.30|333.93|0.00|0.00|PR1|CO45||307.37|307.37||50.00|50.00|28.20|49.62|49.62|179.55|179.55|0.00|0.00|0.00|333.93|0.00|0.00|0.00||N|||W000000341|P|W000000341|0|0|0.00|||2|12||641.30||N||||||1||12|2000000222|N|0.00|0.00|12|23||||||50||||||||J06.9|||N39.0|||||||99395|||||||49.62|50.00|28.20|N|||AETNA
002026060100000283|1234567|0987654|N|001|AC123456|03|P|N||PPO|01|PKG0042|PPO001|1|F|W000000205|Taylor|William|M|19660217|98641|MA|EF||W000000470|W000000470|Taylor|Noah|M|CH|20100503|202606010000283|ACAS2026060100000283||TCN2026060100000283|SRC2026060100000283|002026060100000283|NY0001|NY0001||2|100000119|DR Thompson MD|2|100000119|PV000119|DR Thompson MD|413 MEDICAL PLAZA||NC MEDICAL CTR|NC|77830|1|40|P|P|20260523|20260531|20260527|20260527|20260603||||||80061|50|P|Y|04||4|||11||||3|3|1495.64|1495.64|877.18|0.00|0.00|PR1|CO45||618.46|618.46||30.00|30.00|79.52|58.18|58.18|450.76|450.76|0.00|0.00|0.00|877.18|0.00|0.00|0.00||N|||W000000470|P|W000000470|0|0|0.00|||1|40||1495.64||||||||1||40|2000000119|N|0.00|0.00|40|11|||||AT|59||||||||K57.30|||K21.0|||||||80061|||||||58.18|30.00|79.52|N|||AETNA
002026060100000284|1234567|0987654|N|001|AC123456|03|P|Y||PPO|01|PKG0042|PPO001|N|F|W000000344|Williams|Ava|F|19771010|90798|NJ|EF|302272257|W000000344|W000000344|Williams|Ava|F|EE|19771010|202606010000284|ACAS2026060100000284||TCN2026060100000284|SRC2026060100000284|002026060100000284|NY0001|NY0001||2|100000241|DR Taylor MD|2|100000241|PV000241|DR Taylor MD|3358 MEDICAL PLAZA||GA MEDICAL CTR|GA|20667|1|01|P|N|20260427|20260521|20260413|20260413|20260523||||||99214|51|P|Y|03||F|||12||||3|1|453.25|453.25|329.18|0.00|0.00|PR1|CO45||124.07|124.07||20.00|20.00|1.36|21.68|21.68|81.03|81.03|0.00|0.00|0.00|329.18|0.00|0.00|0.00||N|||W000000344|P|W000000344|0|0|0.00|||N|01||453.25||N||||||1||01|2000000241|N|0.00|0.00|01|12||||||||||||||J44.1|Z87.891|G47.33||||||||99214|||||||21.68|20.00|1.36|N|||AETNA
002026060100000285|1234567|0987654|N|001|AC123456|03|P|Y||PPO|01|PKG0042|PPO001|N|F|W000000309|Martinez|Victoria|F|19700604|64268|GA|EC|662755775|W000000309|W000000309|Martinez|Victoria|F|EE|19700604|202606010000285|ACAS2026060100000285||TCN2026060100000285|SRC2026060100000285|002026060100000285|NY0001|NY0001||2|100000115|DR Jackson MD|2|100000115|PV000115|DR Jackson MD|843 MEDICAL PLAZA||GA MEDICAL CTR|GA|34786|1|10|P|N|20260501|20260521|20260321|20260321|20260524||||||36415|59|P|Y|03||4|||13||||2|2|429.49|429.49|314.20|0.00|0.00|PR1|CO45||115.29|115.29||40.00|40.00|18.82|8.04|8.04|48.43|48.43|0.00|0.00|0.00|314.20|0.00|0.00|0.00||N|||W000000309|P|W000000309|0|0|0.00|||N|10||429.49||Y|Y|||||1||10|2000000115|N|0.00|0.00|10|13|||||25|59||||||||I10|Z12.31|I25.10||||||||36415|||||||8.04|40.00|18.82|N|||AETNA
002026060100000286|1234567|0987654|N|001|AC123456|03|P|Y||PPO|02|PKG0042|PPO001|N|F|W000000189|Harris|Zoey|F|19750911|86546|NY|EF||W000000657|W000000657|Harris|Noah|M|CH|20060813|202606010000286|ACAS2026060100000286||TCN2026060100000286|SRC2026060100000286|002026060100000286|NY0001|NY0001||2|100000015|DR Anderson MD|2|100000015|PV000015|DR Anderson MD|2540 MEDICAL PLAZA||FL MEDICAL CTR|FL|86414|1|50|P|N|20260501|20260525|20260525|20260525|20260529||||||71046||P|Y|01||S|||23||||1|2|373.95|373.95|373.95|0.00|0.00||CO45||0.00|0.00||40.00|40.00|0.00|0.00|0.00|0.00|0.00|0.00|0.00|0.00|0.00|0.00|0.00|0.00||N|||W000000657|D|W000000657|0|0|0.00|||N|50||373.95||Y||||||1||50|2000000015|N|0.00|0.00|50|23|||||TC|25||||||||K21.0|F32.9|J45.909||||||||71046|||||||0.00|40.00|0.00|N|||AETNA
002026060100000287|1234567|0987654|N|001|AC123456|03|P|N||PPO|03|PKG0042|PPO001|2|F|W000000113|Rodriguez|Matthew|M|19720710|51288|FL|EE|770568116|W000000113|W000000113|Rodriguez|Matthew|M|EE|19720710|202606010000287|ACAS2026060100000287||TCN2026060100000287|SRC2026060100000287|002026060100000287|NY0001|NY0001||2|100000273|DR Taylor MD|2|100000273|PV000273|DR Taylor MD|4588 MEDICAL PLAZA||PA MEDICAL CTR|PA|76899|1|03|P|P|20260511|20260517|20260523|20260523|20260521||||||82947|51|P|Y|05||4|||21||||1|3|115.42|115.42|32.88|0.00|0.00|PR1|CO45||82.54|82.54||40.00|40.00|23.24|3.89|3.89|15.41|15.41|0.00|0.00|0.00|32.88|0.00|0.00|0.00||N|||W000000113|P|W000000113|0|0|0.00|||2|03||115.42||||||||1||03|2000000273|N|0.00|0.00|03|21||||||59||||||||I25.10||||||||||82947|||||||3.89|40.00|23.24|N|||AETNA
002026060100000288|1234567|0987654|N|001|AC123456|03|P|Y||PPO|03|PKG0042|PPO001|N|F|W000000360|Miller|Evelyn|F|19801028|33497|PA|EF||W000000401|W000000401|Miller|Liam|M|CH|20050404|202606010000288|ACAS2026060100000288||TCN2026060100000288|SRC2026060100000288|002026060100000288|NY0001|NY0001||2|100000071|DR Miller MD|2|100000071|PV000071|DR Miller MD|6188 MEDICAL PLAZA||TX MEDICAL CTR|TX|93243|1|11|P|N|20260430|20260514|20260425|20260425|20260518||||||36415|25|P|Y|03||A|||22||||3|3|1986.30|1986.30|764.02|0.00|0.00|PR1|CO45||1222.28|1222.28||75.00|75.00|317.89|141.39|141.39|688.00|688.00|0.00|0.00|0.00|764.02|0.00|0.00|0.00||N|||W000000401|P|W000000401|0|0|0.00|||N|11||1986.30||N||||||1||11|2000000071|N|0.00|0.00|11|22|||||26|26||||||||I50.9||||||||||36415|||||||141.39|75.00|317.89|N|||AETNA
002026060100000289|1234567|0987654|N|001|AC123456|03|P|Y||PPO|03|PKG0042|PPO001|N|F|W000000380|Martinez|Zoey|F|19750201|65448|WA|EF|506114579|W000000380|W000000380|Martinez|Zoey|F|EE|19750201|202606010000289|ACAS2026060100000289||TCN2026060100000289|SRC2026060100000289|002026060100000289|NY0001|NY0001||2|100000031|DR Walker MD|2|100000031|PV000031|DR Walker MD|528 MEDICAL PLAZA||MI MEDICAL CTR|MI|15358|1|01|P|N|20260516|20260527|20260414|20260414|20260529||||||36415|59|P|Y|07||A|||21||||1|1|385.53|385.53|221.82|0.00|0.00|PR1|CO45||163.71|163.71||20.00|20.00|10.52|23.91|23.91|109.28|109.28|0.00|0.00|0.00|221.82|0.00|0.00|0.00||N|||W000000380|P|W000000380|0|0|0.00|||N|01||385.53||||||||1||01|2000000031|N|0.00|0.00|01|21|||||59|AT|Y|||||||G43.909|E11.65||I10|||||||36415|||||||23.91|20.00|10.52|N|||AETNA
002026060100000290|1234567|0987654|N|001|AC123456|03|P|Y||PPO|03|PKG0042|PPO001|N|F|W000000332|Lewis|Zoey|F|19701122|26691|TX|EF|507348331|W000000332|W000000332|Lewis|Zoey|F|EE|19701122|202606010000290|ACAS2026060100000290||TCN2026060100000290|SRC2026060100000290|002026060100000290|NY0001|NY0001||2|100000187|DR Clark MD|2|100000187|PV000187|DR Clark MD|6880 MEDICAL PLAZA||AZ MEDICAL CTR|AZ|30290|1|07|P|N|20260505|20260525|20260417|20260417|20260528||||||99396|59|P|Y|08||N|||32||||3|1|336.56|336.56|89.52|0.00|0.00|PR1|CO45||247.04|247.04||40.00|40.00|51.83|27.64|27.64|127.57|127.57|0.00|0.00|0.00|89.52|0.00|0.00|0.00||N|||W000000332|P|W000000332|0|0|0.00|||N|07||336.56||N|Y|||||1||07|2000000187|N|0.00|0.00|07|32|||||51|95|Y|||||||E66.9|Z00.00||M17.11|||||||99396|||||||27.64|40.00|51.83|N|||AETNA
002026060100000291|1234567|0987654|N|001|AC123456|03|P|N||PPO|03|PKG0042|PPO001|1|F|W000000310|Jackson|Riley|F|19801022|90089|TX|ES||W000000566|W000000566|Jackson|Liam|M|SP|19830506|202606010000291|ACAS2026060100000291||TCN2026060100000291|SRC2026060100000291|002026060100000291|NY0001|NY0001||2|100000071|DR Miller MD|2|100000071|PV000071|DR Miller MD|9165 MEDICAL PLAZA||IL MEDICAL CTR|IL|59611|1|11|P|P|20260430|20260525|20260421|20260421|20260526||||||80053|AT|P|Y|05||N|||31||||2|1|243.96|243.96|130.67|0.00|0.00|PR1|CO45||113.29|113.29||75.00|75.00|19.31|2.07|2.07|16.91|16.91|0.00|0.00|0.00|130.67|0.00|0.00|0.00||N|||W000000566|P|W000000566|0|0|0.00|||1|11||243.96|||N|||||1||11|2000000071|N|0.00|0.00|11|31|||||AT|51||||||||Z79.899|Z12.31|I25.10||||||||80053|||||||2.07|75.00|19.31|N|||AETNA
002026060100000292|1234567|0987654|N|001|AC123456|03|P|N||PPO|03|PKG0042|PPO001|1|F|W000000187|Robinson|Abigail|F|19880604|64284|AZ|EC|939177758|W000000187|W000000187|Robinson|Abigail|F|EE|19880604|202606010000292|ACAS2026060100000292||TCN2026060100000292|SRC2026060100000292|002026060100000292|NY0001|NY0001||2|100000258|DR Johnson MD|2|100000258|PV000258|DR Johnson MD|7597 MEDICAL PLAZA||NJ MEDICAL CTR|NJ|99795|1|03|P|P|20260506|20260516|20260506|20260506|20260519||||||99396||P|Y|02||F|||23||||3|3|559.08|559.08|341.94|0.00|0.00|PR1|CO45||217.14|217.14||20.00|20.00|52.20|15.61|15.61|129.33|129.33|0.00|0.00|0.00|341.94|0.00|0.00|0.00||N|||W000000187|P|W000000187|0|0|0.00|||1|03||559.08||N||||||1||03|2000000258|N|0.00|0.00|03|23|||||59|50||||||||Z00.00|E11.9|I25.10|Z79.899|||||||99396|||||||15.61|20.00|52.20|N|||AETNA
002026060100000293|1234567|0987654|N|001|AC123456|03|P|Y||PPO|02|PKG0042|PPO001|N|F|W000000234|Ramirez|Jacob|M|19911219|25757|NJ|ES||W000000668|W000000668|Ramirez|Olivia|F|CH|20181003|202606010000293|ACAS2026060100000293||TCN2026060100000293|SRC2026060100000293|002026060100000293|NY0001|NY0001||2|100000134|DR Garcia MD|2|100000134|PV000134|DR Garcia MD|9839 MEDICAL PLAZA||TX MEDICAL CTR|TX|53643|1|40|P|N|20260506|20260530|20260522|20260522|20260603||||||90834|95|P|Y|03||4|||32||||3|2|2977.88|2977.88|1598.60|0.00|0.00|PR1|CO45||1379.28|1379.28||20.00|20.00|196.82|221.07|221.07|941.39|941.39|0.00|0.00|0.00|1598.60|0.00|0.00|0.00||N|||W000000668|P|W000000668|0|0|0.00|||N|40||2977.88||||Y||||1||40|2000000134|N|0.00|0.00|40|32|||||50|26||||||||J45.909||K21.0|R51|||||||90834|||||||221.07|20.00|196.82|N|||AETNA
002026060100000294|1234567|0987654|N|001|AC123456|03|P|Y||PPO|02|PKG0042|PPO001|N|F|W000000233|Sanchez|Zoey|F|19630507|51998|NY|ES|354937610|W000000233|W000000233|Sanchez|Zoey|F|EE|19630507|202606010000294|ACAS2026060100000294||TCN2026060100000294|SRC2026060100000294|002026060100000294|NY0001|NY0001||2|100000002|DR Johnson MD|2|100000002|PV000002|DR Johnson MD|8488 MEDICAL PLAZA||TX MEDICAL CTR|TX|70129|1|02|P|N|20260425|20260514|20260525|20260525|20260518||||||99396|GT|P|Y|08||B|||32||||1|2|3943.06|3943.06|2540.23|0.00|0.00|PR1|CO45||1402.83|1402.83||0.00|0.00|80.71|255.94|255.94|1066.18|1066.18|0.00|0.00|0.00|2540.23|0.00|0.00|0.00||N|||W000000233|P|W000000233|0|0|0.00|||N|02||3943.06||||||||1||02|2000000002|N|0.00|0.00|02|32||||||||||||||F41.9|I50.9|N39.0||||||||99396|||||||255.94|0.00|80.71|N|||AETNA
002026060100000295|1234567|0987654|N|001|AC123456|03|P|N||PPO|02|PKG0042|PPO001|3|F|W000000382|Thomas|Joseph|M|19720327|52997|IL|EC|940579196|W000000382|W000000382|Thomas|Joseph|M|EE|19720327|202606010000295|ACAS2026060100000295||TCN2026060100000295|SRC2026060100000295|002026060100000295|NY0001|NY0001||2|100000286|DR Robinson MD|2|100000286|PV000286|DR Robinson MD|1984 MEDICAL PLAZA||MA MEDICAL CTR|MA|10862|1|01|P|P|20260422|20260517|20260519|20260519|20260521||||||99291|95|P|Y|01||A|||11||||2|3|162.11|162.11|49.80|0.00|0.00|PR1|CO45||112.31|112.31||30.00|30.00|21.56|6.50|6.50|54.25|54.25|0.00|0.00|0.00|49.80|0.00|0.00|0.00||N|||W000000382|P|W000000382|0|0|0.00|||3|01||162.11||||||||1||01|2000000286|N|0.00|0.00|01|11|||||26|AT|Y|||||||Z87.891||E11.65|Z12.31|||||||99291|||||||6.50|30.00|21.56|N|||AETNA
002026060100000296|1234567|0987654|N|001|AC123456|03|P|N||PPO|02|PKG0042|PPO001|1|F|W000000365|Ramirez|Sofia|F|19611020|97936|WA|EF|552773431|W000000365|W000000365|Ramirez|Sofia|F|EE|19611020|202606010000296|ACAS2026060100000296||TCN2026060100000296|SRC2026060100000296|002026060100000296|NY0001|NY0001||2|100000155|DR Clark MD|2|100000155|PV000155|DR Clark MD|2206 MEDICAL PLAZA||FL MEDICAL CTR|FL|60417|1|05|P|P|20260515|20260522|20260330|20260330|20260526||||||82947|TC|P|Y|06||2|||24||||2|1|492.12|492.12|492.12|0.00|0.00||CO45||0.00|0.00||0.00|0.00|0.00|0.00|0.00|0.00|0.00|0.00|0.00|0.00|0.00|0.00|0.00|0.00||N|||W000000365|D|W000000365|0|0|0.00|||1|05||492.12||N||||||1||05|2000000155|N|0.00|0.00|05|24|||||GT|26||||||||M17.11|Z79.899|||I25.10||||||82947|||||||0.00|0.00|0.00|N|||AETNA
002026060100000297|1234567|0987654|N|001|AC123456|01|I|N||PPO|03|PKG0042|PPO001|3|F|W000000336|Young|Scarlett|F|19730316|15878|FL|EE||W000000595|W000000595|Young|Michael|M|CH|20200318|202606010000297|ACAS2026060100000297||TCN2026060100000297|SRC2026060100000297|002026060100000297|NY0001|NY0001||2|100000079|DR Anderson MD|2|100000079|PV000079|DR Anderson MD|7193 MEDICAL PLAZA||IL MEDICAL CTR|IL|91046|4|04|P|P|20260421|20260520|20260322|20260325|20260522||||15|195|85025|TC|I|Y|06||B|||12|03|0250|112|2|3|276.11|276.11|116.25|0.00|0.00|PR1|CO45||159.86|159.86||50.00|50.00|28.04|15.70|15.70|66.12|66.12|0.00|0.00|0.00|116.25|0.00|0.00|0.00||N|||W000000595|P|W000000595|0|1|0.00|||3|04||276.11|||N|||||1||04|2000000079|N|0.00|0.00|04|12|7|1|20260322|20260325|59|25||||||||M79.3|K57.30|||||||||85025|||||||15.70|50.00|28.04|N|1||AETNA
002026060100000298|1234567|0987654|N|001|AC123456|01|I|N||PPO|01|PKG0042|PPO001|3|F|W000000308|Lewis|Logan|M|19630124|41838|AZ|EC|849933194|W000000308|W000000308|Lewis|Logan|M|EE|19630124|202606010000298|ACAS2026060100000298||TCN2026060100000298|SRC2026060100000298|002026060100000298|NY0001|NY0001||2|100000204|DR Lopez MD|2|100000204|PV000204|DR Lopez MD|3096 MEDICAL PLAZA||OH MEDICAL CTR|OH|12975|4|09|P|P|20260430|20260515|20260421|20260422|20260518||||06|379|80053|51|I|Y|02||4|||99|03|0250|131|1|3|1540.85|1540.85|1540.85|0.00|0.00||CO45||0.00|0.00||0.00|0.00|0.00|0.00|0.00|0.00|0.00|0.00|0.00|0.00|0.00|0.00|0.00|0.00||N|||W000000308|D|W000000308|0|1|0.00|||3|09||1540.85||N||||||1||09|2000000204|N|0.00|0.00|09|99|7|4|20260421|20260422||26||||||||J18.9|J44.1|N39.0||||||||80053|||||||0.00|0.00|0.00|N|4||AETNA
002026060100000299|1234567|0987654|N|001|AC123456|03|P|Y||PPO|03|PKG0042|PPO001|N|F|W000000200|Harris|Henry|M|19801206|51588|NY|ES|545881021|W000000200|W000000200|Harris|Henry|M|EE|19801206|202606010000299|ACAS2026060100000299||TCN2026060100000299|SRC2026060100000299|002026060100000299|NY0001|NY0001||2|100000160|DR Young MD|2|100000160|PV000160|DR Young MD|5091 MEDICAL PLAZA||IL MEDICAL CTR|IL|93899|1|10|P|N|20260505|20260517|20260521|20260521|20260521||||||99205|25|P|Y|01||1|||12||||3|2|848.61|848.61|848.61|0.00|0.00||CO45||0.00|0.00||50.00|50.00|0.00|0.00|0.00|0.00|0.00|0.00|0.00|0.00|0.00|0.00|0.00|0.00||N|||W000000200|D|W000000200|0|0|0.00|||N|10||848.61||||||||1||10|2000000160|N|0.00|0.00|10|12|||||26|51|Y|||||||G43.909|||F32.9|||||||99205|||||||0.00|50.00|0.00|N|||AETNA
002026060100000300|1234567|0987654|N|001|AC123456|03|P|N||PPO|01|PKG0042|PPO001|1|F|W000000016|Williams|Jacob|M|19650902|85993|CA|EF|111737894|W000000016|W000000016|Williams|Jacob|M|EE|19650902|202606010000300|ACAS2026060100000300||TCN2026060100000300|SRC2026060100000300|002026060100000300|NY0001|NY0001||2|100000009|DR Rodriguez MD|2|100000009|PV000009|DR Rodriguez MD|4353 MEDICAL PLAZA||NJ MEDICAL CTR|NJ|35325|1|09|P|P|20260517|20260526|20260422|20260422|20260530||||||99396||P|Y|04||A|||13||||2|3|387.19|387.19|166.03|0.00|0.00|PR1|CO45||221.16|221.16||40.00|40.00|54.94|20.59|20.59|105.63|105.63|0.00|0.00|0.00|166.03|0.00|0.00|0.00||N|||W000000016|P|W000000016|1|0|0.00|||1|09||387.19||||||||1||09|2000000009|N|0.00|0.00|09|13|||||GT|26||||||||K57.30|Z87.891|||||||||99396|||||||20.59|40.00|54.94|N|||AETNA
002026060100000301|1234567|0987654|N|001|AC123456|01|I|N||PPO|02|PKG0042|PPO001|3|F|W000000255|Brown|Nora|F|19911203|33597|OH|EC|632615074|W000000255|W000000255|Brown|Nora|F|EE|19911203|202606010000301|ACAS2026060100000301||TCN2026060100000301|SRC2026060100000301|002026060100000301|NY0001|NY0001||2|100000228|DR Brown MD|2|100000228|PV000228|DR Brown MD|2232 MEDICAL PLAZA||CO MEDICAL CTR|CO|90000|4|03|P|P|20260502|20260531|20260305|20260306|20260601||||08|195|82947|26|I|Y|04||A|||11|20|0250|132|1|1|707.46|707.46|357.89|0.00|0.00|PR1|CO45||349.57|349.57||75.00|75.00|11.49|47.94|47.94|215.14|215.14|0.00|0.00|0.00|357.89|0.00|0.00|0.00||N|||W000000255|P|W000000255|0|1|0.00|||3|03||707.46||N|Y|||||1||03|2000000228|N|0.00|0.00|03|11|4|4|20260305|20260306|51|GT||N||||||Z00.00|K57.30|||E66.9||||||82947|||||||47.94|75.00|11.49|N|4||AETNA
002026060100000302|1234567|0987654|N|001|AC123456|03|P|N||PPO|02|PKG0042|PPO001|3|F|W000000381|Harris|Oliver|M|19851001|73289|NJ|EE||W000000579|W000000579|Harris|Harper|F|SP|19910908|202606010000302|ACAS2026060100000302||TCN2026060100000302|SRC2026060100000302|002026060100000302|NY0001|NY0001||2|100000121|DR Harris MD|2|100000121|PV000121|DR Harris MD|9190 MEDICAL PLAZA||TX MEDICAL CTR|TX|68945|1|01|P|P|20260422|20260519|20260506|20260506|20260523||||||90834|GT|P|Y|07||2|||22||||3|1|443.28|443.28|303.17|0.00|0.00|PR1|CO45||140.11|140.11||30.00|30.00|16.82|17.43|17.43|75.86|75.86|0.00|0.00|0.00|303.17|0.00|0.00|0.00||N|||W000000579|P|W000000579|0|0|0.00|||3|01||443.28||||Y||||1||01|2000000121|N|0.00|0.00|01|22|||||TC|||||||||K57.30|S93.401|F41.9||||||||90834|||||||17.43|30.00|16.82|N|||AETNA
002026060100000303|1234567|0987654|N|001|AC123456|03|P|N||PPO|02|PKG0042|PPO001|1|F|W000000007|Davis|James|M|19610916|98986|MI|EE|480984575|W000000007|W000000007|Davis|James|M|EE|19610916|202606010000303|ACAS2026060100000303||TCN2026060100000303|SRC2026060100000303|002026060100000303|NY0001|NY0001||2|100000210|DR Moore MD|2|100000210|PV000210|DR Moore MD|1662 MEDICAL PLAZA||IL MEDICAL CTR|IL|38769|1|50|P|P|20260521|20260529|20260416|20260416|20260530||||||97110|GT|P|Y|08||2|||24||||3|1|2623.09|2623.09|784.41|0.00|0.00|PR1|CO45||1838.68|1838.68||30.00|30.00|404.61|206.13|206.13|1197.94|1197.94|0.00|0.00|0.00|784.41|0.00|0.00|0.00||N|||W000000007|P|W000000007|0|0|0.00|||1|50||2623.09||Y||Y||||1||50|2000000210|N|0.00|0.00|50|24|||||||N|||||||Z23||J44.1|Z00.00|||||||97110|||||||206.13|30.00|404.61|N|||AETNA
002026060100000304|1234567|0987654|N|001|AC123456|01|I|N||PPO|02|PKG0042|PPO001|2|F|W000000047|Jones|Henry|M|19821225|89758|PA|EF||W000000628|W000000628|Jones|Elijah|M|CH|20120619|202606010000304|ACAS2026060100000304||TCN2026060100000304|SRC2026060100000304|002026060100000304|NY0001|NY0001||2|100000269|DR Gonzalez MD|2|100000269|PV000269|DR Gonzalez MD|7399 MEDICAL PLAZA||CO MEDICAL CTR|CO|16292|4|40|P|P|20260514|20260530|20260412|20260416|20260602||||03|871|36415|25|I|Y|04||B|||31|03|0200|111|3|2|1058.83|1058.83|504.63|0.00|0.00|PR1|CO45||554.20|554.20||20.00|20.00|27.22|54.79|54.79|452.19|452.19|0.00|0.00|0.00|504.63|0.00|0.00|0.00||N|||W000000628|P|W000000628|0|1|0.00|||2|40||1058.83||||||||1||40|2000000269|N|0.00|0.00|40|31|7||20260412|20260416|TC|||||||||M54.5||||||||||36415|||||||54.79|20.00|27.22|N|||AETNA
002026060100000305|1234567|0987654|N|001|AC123456|03|P|N||PPO|01|PKG0042|PPO001|3|F|W000000380|Martinez|Zoey|F|19750201|65448|WA|EF|506114579|W000000380|W000000380|Martinez|Zoey|F|EE|19750201|202606010000305|ACAS2026060100000305||TCN2026060100000305|SRC2026060100000305|002026060100000305|NY0001|NY0001||2|100000184|DR White MD|2|100000184|PV000184|DR White MD|5338 MEDICAL PLAZA||WA MEDICAL CTR|WA|22123|1|04|P|P|20260420|20260513|20260429|20260429|20260515||||||99232||P|Y|04||F|||99||||3|2|1175.38|1175.38|714.01|0.00|0.00|PR1|CO45||461.37|461.37||40.00|40.00|78.41|34.51|34.51|308.45|308.45|0.00|0.00|0.00|714.01|0.00|0.00|0.00||N|||W000000380|P|W000000380|0|0|0.00|||3|04||1175.38||Y||||||1||04|2000000184|N|0.00|0.00|04|99|||||95|59|N|||||||Z23|||I25.10|||||||99232|||||||34.51|40.00|78.41|N|||AETNA
002026060100000306|1234567|0987654|N|001|AC123456|03|P|N||PPO|01|PKG0042|PPO001|2|F|W000000099|Moore|Jacob|M|19900228|58815|CO|EC|474199938|W000000099|W000000099|Moore|Jacob|M|EE|19900228|202606010000306|ACAS2026060100000306||TCN2026060100000306|SRC2026060100000306|002026060100000306|NY0001|NY0001||2|100000202|DR Martinez MD|2|100000202|PV000202|DR Martinez MD|5770 MEDICAL PLAZA||TX MEDICAL CTR|TX|17794|1|07|P|P|20260503|20260522|20260420|20260420|20260525||||||99291|TC|P|Y|08||A|||99||||3|3|68.93|68.93|21.44|0.00|0.00|PR1|CO45||47.49|47.49||20.00|20.00|9.57|4.04|4.04|13.88|13.88|0.00|0.00|0.00|21.44|0.00|0.00|0.00||N|||W000000099|P|W000000099|0|0|0.00|||2|07||68.93||Y|N|||||1||07|2000000202|N|0.00|0.00|07|99||||||AT||||||||Z87.891|M79.3||E78.5|||||||99291|||||||4.04|20.00|9.57|N|||AETNA
002026060100000307|1234567|0987654|N|001|AC123456|03|P|Y||PPO|03|PKG0042|PPO001|N|F|W000000212|Gonzalez|Noah|M|19851012|80831|VA|EF|839934634|W000000212|W000000212|Gonzalez|Noah|M|EE|19851012|202606010000307|ACAS2026060100000307||TCN2026060100000307|SRC2026060100000307|002026060100000307|NY0001|NY0001||2|100000077|DR Gonzalez MD|2|100000077|PV000077|DR Gonzalez MD|6648 MEDICAL PLAZA||TX MEDICAL CTR|TX|47040|1|02|P|N|20260510|20260519|20260417|20260417|20260523||||||97110|25|P|Y|04||1|||99||||2|1|628.43|628.43|454.22|0.00|0.00|PR1|CO45||174.21|174.21||0.00|0.00|18.54|20.24|20.24|135.43|135.43|0.00|0.00|0.00|454.22|0.00|0.00|0.00||N|||W000000212|P|W000000212|0|0|0.00|||N|02||628.43||||||||1||02|2000000077|N|0.00|0.00|02|99||||||26||||||||E66.9||E11.9||||||||97110|||||||20.24|0.00|18.54|N|||AETNA
002026060100000308|1234567|0987654|N|001|AC123456|03|P|N||PPO|01|PKG0042|PPO001|2|F|W000000388|Lopez|Henry|M|19761211|32831|NJ|EE|640423471|W000000388|W000000388|Lopez|Henry|M|EE|19761211|202606010000308|ACAS2026060100000308||TCN2026060100000308|SRC2026060100000308|002026060100000308|NY0001|NY0001||2|100000072|DR Davis MD|2|100000072|PV000072|DR Davis MD|8286 MEDICAL PLAZA||NC MEDICAL CTR|NC|50708|1|12|P|P|20260513|20260527|20260417|20260417|20260528||||||90834|TC|P|Y|03||A|||21||||1|2|3907.80|3907.80|2317.18|0.00|0.00|PR1|CO45||1590.62|1590.62||75.00|75.00|397.01|217.61|217.61|901.00|901.00|0.00|0.00|0.00|2317.18|0.00|0.00|0.00||N|||W000000388|P|W000000388|1|0|0.00|||2|12||3907.80||Y||||||1||12|2000000072|N|0.00|0.00|12|21|||||50|GT||||||||M17.11|Z87.891|||||||||90834|||||||217.61|75.00|397.01|N|||AETNA
002026060100000309|1234567|0987654|N|001|AC123456|01|I|N||PPO|03|PKG0042|PPO001|3|F|W000000221|Thompson|Aria|F|19920301|37999|CA|EE|677706068|W000000221|W000000221|Thompson|Aria|F|EE|19920301|202606010000309|ACAS2026060100000309||TCN2026060100000309|SRC2026060100000309|002026060100000309|NY0001|NY0001||2|100000125|DR Lewis MD|2|100000125|PV000125|DR Lewis MD|784 MEDICAL PLAZA||GA MEDICAL CTR|GA|37288|4|05|P|P|20260516|20260530|20260327|20260330|20260602||||05|291|85025||I|Y|02||4|||32|05|0370|112|2|3|2053.31|2053.31|988.84|0.00|0.00|PR1|CO45||1064.47|1064.47||50.00|50.00|163.07|158.83|158.83|692.57|692.57|0.00|0.00|0.00|988.84|0.00|0.00|0.00||N|||W000000221|P|W000000221|0|1|0.00|||3|05||2053.31||N||||||1||05|2000000125|N|0.00|0.00|05|32|1|2|20260327|20260330|59|||||||||E66.9||||||||||85025|||||||158.83|50.00|163.07|N|2||AETNA
002026060100000310|1234567|0987654|N|001|AC123456|03|P|N||PPO|01|PKG0042|PPO001|3|F|W000000077|Lopez|Lucas|M|19640319|25802|MI|ES|146191373|W000000077|W000000077|Lopez|Lucas|M|EE|19640319|202606010000310|ACAS2026060100000310||TCN2026060100000310|SRC2026060100000310|002026060100000310|NY0001|NY0001||2|100000256|DR Young MD|2|100000256|PV000256|DR Young MD|7553 MEDICAL PLAZA||WA MEDICAL CTR|WA|68949|1|01|P|P|20260518|20260530|20260408|20260408|20260603||||||80053|51|P|Y|01||A|||99||||1|2|138.38|138.38|80.27|0.00|0.00|PR1|CO45||58.11|58.11||0.00|0.00|10.93|7.55|7.55|39.63|39.63|0.00|0.00|0.00|80.27|0.00|0.00|0.00||N|||W000000077|P|W000000077|0|0|0.00|||3|01||138.38||Y||N||||1||01|2000000256|N|0.00|0.00|01|99|||||TC|||||||||N39.0||S93.401||||||||80053|||||||7.55|0.00|10.93|N|||AETNA
002026060100000311|1234567|0987654|N|001|AC123456|03|P|N||PPO|03|PKG0042|PPO001|2|F|W000000318|Davis|Elizabeth|F|19900221|65669|FL|EC||W000000467|W000000467|Davis|Sofia|F|CH|20020810|202606010000311|ACAS2026060100000311||TCN2026060100000311|SRC2026060100000311|002026060100000311|NY0001|NY0001||2|100000158|DR Robinson MD|2|100000158|PV000158|DR Robinson MD|2332 MEDICAL PLAZA||AZ MEDICAL CTR|AZ|28366|1|08|P|P|20260426|20260525|20260523|20260523|20260527||||||99213|50|P|Y|04||1|||99||||1|1|509.58|509.58|260.72|0.00|0.00|PR1|CO45||248.86|248.86||40.00|40.00|10.52|44.63|44.63|153.71|153.71|0.00|0.00|0.00|260.72|0.00|0.00|0.00||N|||W000000467|P|W000000467|0|0|0.00|||2|08||509.58||N||N||||1||08|2000000158|N|0.00|0.00|08|99|||||95|25|N|||||||E78.5||S93.401|F41.9|||||||99213|||||||44.63|40.00|10.52|N|||AETNA
002026060100000312|1234567|0987654|N|001|AC123456|03|P|N||PPO|01|PKG0042|PPO001|2|F|W000000256|Perez|Logan|M|19721020|33333|CO|EC||W000000471|W000000471|Perez|Emily|F|CH|20081112|202606010000312|ACAS2026060100000312||TCN2026060100000312|SRC2026060100000312|002026060100000312|NY0001|NY0001||2|100000105|DR Rodriguez MD|2|100000105|PV000105|DR Rodriguez MD|9175 MEDICAL PLAZA||PA MEDICAL CTR|PA|34602|1|50|P|P|20260521|20260531|20260527|20260527|20260604||||||99214||P|Y|08||N|||31||||2|1|239.54|239.54|239.54|0.00|0.00||CO45||0.00|0.00||20.00|20.00|0.00|0.00|0.00|0.00|0.00|0.00|0.00|0.00|0.00|0.00|0.00|0.00||N|||W000000471|D|W000000471|0|0|0.00|||2|50||239.54||||||||1||50|2000000105|N|0.00|0.00|50|31||||||59||||||||Z00.00||||||||||99214|||||||0.00|20.00|0.00|N|||AETNA
002026060100000313|1234567|0987654|N|001|AC123456|03|P|N||PPO|03|PKG0042|PPO001|3|F|W000000084|Ramirez|Nora|F|19621218|54421|PA|EE|696147728|W000000084|W000000084|Ramirez|Nora|F|EE|19621218|202606010000313|ACAS2026060100000313||TCN2026060100000313|SRC2026060100000313|002026060100000313|NY0001|NY0001||2|100000234|DR Martinez MD|2|100000234|PV000234|DR Martinez MD|4078 MEDICAL PLAZA||MA MEDICAL CTR|MA|92858|1|09|P|P|20260502|20260524|20260423|20260423|20260528||||||97110||P|Y|08||1|||11||||2|2|2848.18|2848.18|1950.88|0.00|0.00|PR1|CO45||897.30|897.30||20.00|20.00|13.66|89.31|89.31|774.33|774.33|0.00|0.00|0.00|1950.88|0.00|0.00|0.00||N|||W000000084|P|W000000084|0|0|0.00|||3|09||2848.18||Y|N|||||1||09|2000000234|N|0.00|0.00|09|11||||||95||||||||J30.9|N39.0|R51||||||||97110|||||||89.31|20.00|13.66|N|||AETNA
002026060100000314|1234567|0987654|N|001|AC123456|01|I|N||PPO|01|PKG0042|PPO001|2|F|W000000197|Rodriguez|Sebastian|M|19830822|17567|OH|EC|338414928|W000000197|W000000197|Rodriguez|Sebastian|M|EE|19830822|202606010000314|ACAS2026060100000314||TCN2026060100000314|SRC2026060100000314|002026060100000314|NY0001|NY0001||2|100000257|DR Smith MD|2|100000257|PV000257|DR Smith MD|226 MEDICAL PLAZA||OH MEDICAL CTR|OH|17236|4|02|P|P|20260428|20260525|20260311|20260315|20260529||||06|194|99205||I|Y|01||M|||21|03|0370|121|1|1|818.63|818.63|598.89|0.00|0.00|PR1|CO45||219.74|219.74||30.00|30.00|59.59|28.18|28.18|101.97|101.97|0.00|0.00|0.00|598.89|0.00|0.00|0.00||N|||W000000197|P|W000000197|0|1|0.00|||2|02||818.63||N||||||1||02|2000000257|N|0.00|0.00|02|21||9|20260311|20260315|51|AT||||||||I10|E11.9||E66.9|||||||99205|||||||28.18|30.00|59.59|N|9||AETNA
002026060100000315|1234567|0987654|N|001|AC123456|01|I|N||PPO|03|PKG0042|PPO001|2|F|W000000171|Wilson|Ella|F|19621027|93331|VA|EF|592612223|W000000171|W000000171|Wilson|Ella|F|EE|19621027|202606010000315|ACAS2026060100000315||TCN2026060100000315|SRC2026060100000315|002026060100000315|NY0001|NY0001||2|100000271|DR Anderson MD|2|100000271|PV000271|DR Anderson MD|7916 MEDICAL PLAZA||NC MEDICAL CTR|NC|27286|4|01|P|P|20260427|20260521|20260524|20260524|20260524||||07|293|99214|59|I|Y|08||F|||99|02|0250|131|1|2|346.32|346.32|232.44|0.00|0.00|PR1|CO45||113.88|113.88||50.00|50.00|30.15|5.94|5.94|27.79|27.79|0.00|0.00|0.00|232.44|0.00|0.00|0.00||N|||W000000171|P|W000000171|0|1|0.00|||2|01||346.32||||N||||1||01|2000000271|N|0.00|0.00|01|99|2|4|20260524|20260524|26|50||||||||E11.9||M17.11||||||||99214|||||||5.94|50.00|30.15|N|4||AETNA
002026060100000316|1234567|0987654|N|001|AC123456|03|P|Y||PPO|03|PKG0042|PPO001|N|F|W000000065|Martin|Ella|F|19941022|34993|PA|ES||W000000462|W000000462|Martin|Elizabeth|F|CH|20200726|202606010000316|ACAS2026060100000316||TCN2026060100000316|SRC2026060100000316|002026060100000316|NY0001|NY0001||2|100000090|DR Sanchez MD|2|100000090|PV000090|DR Sanchez MD|6502 MEDICAL PLAZA||WA MEDICAL CTR|WA|70360|1|50|P|N|20260426|20260520|20260521|20260521|20260523||||||99395|GT|P|Y|06||S|||12||||2|2|684.74|684.74|187.29|0.00|0.00|PR1|CO45||497.45|497.45||0.00|0.00|120.52|57.31|57.31|319.62|319.62|0.00|0.00|0.00|187.29|0.00|0.00|0.00||N|||W000000462|P|W000000462|0|0|0.00|||N|50||684.74||Y||||||1||50|2000000090|N|0.00|0.00|50|12||||||26|N|||||||Z87.891||S93.401|J06.9|||||||99395|||||||57.31|0.00|120.52|N|||AETNA
002026060100000317|1234567|0987654|N|001|AC123456|03|P|N||PPO|01|PKG0042|PPO001|1|F|W000000209|Jackson|Joseph|M|19691124|20944|OH|EC||W000000512|W000000512|Jackson|Avery|F|SP|19770422|202606010000317|ACAS2026060100000317||TCN2026060100000317|SRC2026060100000317|002026060100000317|NY0001|NY0001||2|100000213|DR Lee MD|2|100000213|PV000213|DR Lee MD|9905 MEDICAL PLAZA||GA MEDICAL CTR|GA|50080|1|03|P|P|20260518|20260526|20260331|20260331|20260528||||||80061||P|Y|01||B|||12||||2|1|72.51|72.51|33.52|0.00|0.00|PR1|CO45||38.99|38.99||30.00|30.00|2.33|1.39|1.39|5.27|5.27|0.00|0.00|0.00|33.52|0.00|0.00|0.00||N|||W000000512|P|W000000512|0|0|0.00|||1|03||72.51|||N|||||1||03|2000000213|N|0.00|0.00|03|12|||||51|||||||||R51|F32.9|||||||||80061|||||||1.39|30.00|2.33|N|||AETNA
002026060100000318|1234567|0987654|N|001|AC123456|01|I|N||PPO|03|PKG0042|PPO001|3|F|W000000323|Brown|Michael|M|19610106|22714|PA|EC||W000000509|W000000509|Brown|William|M|CH|20190214|202606010000318|ACAS2026060100000318||TCN2026060100000318|SRC2026060100000318|002026060100000318|NY0001|NY0001||2|100000178|DR Moore MD|2|100000178|PV000178|DR Moore MD|3798 MEDICAL PLAZA||FL MEDICAL CTR|FL|95874|4|38|P|P|20260515|20260523|20260419|20260421|20260526||||03|379|99203||I|Y|02||1|||24|02|0450|211|3|1|264.48|264.48|133.70|0.00|0.00|PR1|CO45||130.78|130.78||75.00|75.00|20.62|7.13|7.13|28.03|28.03|0.00|0.00|0.00|133.70|0.00|0.00|0.00||N|||W000000509|P|W000000509|0|1|0.00|||3|38||264.48||N||||||1||38|2000000178|N|0.00|0.00|38|24|4|1|20260419|20260421||GT||||||||I25.10|E11.65|||||||||99203|||||||7.13|75.00|20.62|N|1||AETNA
002026060100000319|1234567|0987654|N|001|AC123456|03|P|N||PPO|03|PKG0042|PPO001|2|F|W000000044|Young|Sofia|F|19621207|29022|PA|EE||W000000658|W000000658|Young|Sofia|F|SP|19780427|202606010000319|ACAS2026060100000319||TCN2026060100000319|SRC2026060100000319|002026060100000319|NY0001|NY0001||2|100000135|DR Miller MD|2|100000135|PV000135|DR Miller MD|9258 MEDICAL PLAZA||VA MEDICAL CTR|VA|39943|1|50|P|P|20260506|20260530|20260508|20260508|20260603||||||36415||P|Y|07||B|||31||||2|2|686.07|686.07|382.72|0.00|0.00|PR1|CO45||303.35|303.35||30.00|30.00|72.45|29.45|29.45|171.45|171.45|0.00|0.00|0.00|382.72|0.00|0.00|0.00||N|||W000000658|P|W000000658|0|0|0.00|||2|50||686.07|||N|||||1||50|2000000135|N|0.00|0.00|50|31|||||59|50||||||||R51|G43.909|||||||||36415|||||||29.45|30.00|72.45|N|||AETNA
002026060100000320|1234567|0987654|N|001|AC123456|03|P|N||PPO|01|PKG0042|PPO001|1|F|W000000361|Moore|Alexander|M|19881102|89418|NY|EC||W000000539|W000000539|Moore|Ethan|M|CH|20150411|202606010000320|ACAS2026060100000320||TCN2026060100000320|SRC2026060100000320|002026060100000320|NY0001|NY0001||2|100000120|DR White MD|2|100000120|PV000120|DR White MD|7378 MEDICAL PLAZA||AZ MEDICAL CTR|AZ|82722|1|50|P|P|20260503|20260526|20260510|20260510|20260529||||||36415|TC|P|Y|03||1|||21||||2|2|1364.88|1364.88|540.21|0.00|0.00|PR1|CO45||824.67|824.67||0.00|0.00|166.91|162.77|162.77|494.99|494.99|0.00|0.00|0.00|540.21|0.00|0.00|0.00||N|||W000000539|P|W000000539|0|0|0.00|||1|50||1364.88||||||||1||50|2000000120|N|0.00|0.00|50|21|||||TC|51||||||||E78.5|E78.5|||||||||36415|||||||162.77|0.00|166.91|N|||AETNA
002026060100000321|1234567|0987654|N|001|AC123456|03|P|N||PPO|03|PKG0042|PPO001|1|F|W000000225|Ramirez|Aiden|M|19720528|34909|FL|EF|520768375|W000000225|W000000225|Ramirez|Aiden|M|EE|19720528|202606010000321|ACAS2026060100000321||TCN2026060100000321|SRC2026060100000321|002026060100000321|NY0001|NY0001||2|100000035|DR Williams MD|2|100000035|PV000035|DR Williams MD|3667 MEDICAL PLAZA||GA MEDICAL CTR|GA|79501|1|05|P|P|20260420|20260513|20260401|20260401|20260515||||||99213|26|P|Y|04||B|||31||||3|2|127.73|127.73|127.73|0.00|0.00||CO45||0.00|0.00||30.00|30.00|0.00|0.00|0.00|0.00|0.00|0.00|0.00|0.00|0.00|0.00|0.00|0.00||N|||W000000225|D|W000000225|1|0|0.00|||1|05||127.73||N||||||1||05|2000000035|N|0.00|0.00|05|31|||||51|95||||||||G47.33||M54.5||||||||99213|||||||0.00|30.00|0.00|N|||AETNA
002026060100000322|1234567|0987654|N|001|AC123456|03|P|N||PPO|01|PKG0042|PPO001|2|F|W000000076|Anderson|Noah|M|19711120|84677|NY|EF|994902802|W000000076|W000000076|Anderson|Noah|M|EE|19711120|202606010000322|ACAS2026060100000322||TCN2026060100000322|SRC2026060100000322|002026060100000322|NY0001|NY0001||2|100000083|DR Jackson MD|2|100000083|PV000083|DR Jackson MD|8626 MEDICAL PLAZA||NY MEDICAL CTR|NY|27604|1|08|P|P|20260428|20260513|20260413|20260413|20260515||||||80061|59|P|Y|05||F|||21||||2|1|481.07|481.07|481.07|0.00|0.00||CO45||0.00|0.00||50.00|50.00|0.00|0.00|0.00|0.00|0.00|0.00|0.00|0.00|0.00|0.00|0.00|0.00||N|||W000000076|D|W000000076|0|0|0.00|||2|08||481.07||N||Y||||1||08|2000000083|N|0.00|0.00|08|21|||||51|||||||||I10||J06.9||||||||80061|||||||0.00|50.00|0.00|N|||AETNA
002026060100000323|1234567|0987654|N|001|AC123456|01|I|N||PPO|01|PKG0042|PPO001|3|F|W000000063|Taylor|Matthew|M|19670226|60346|IL|EC||W000000431|W000000431|Taylor|Mason|M|CH|20070325|202606010000323|ACAS2026060100000323||TCN2026060100000323|SRC2026060100000323|002026060100000323|NY0001|NY0001||2|100000165|DR Jones MD|2|100000165|PV000165|DR Jones MD|734 MEDICAL PLAZA||FL MEDICAL CTR|FL|84982|4|50|P|P|20260504|20260522|20260403|20260407|20260526||||09|196|93000|51|I|Y|06||2|||99|03|0300|212|2|3|1569.06|1569.06|662.22|0.00|0.00|PR1|CO45||906.84|906.84||75.00|75.00|43.71|87.07|87.07|701.06|701.06|0.00|0.00|0.00|662.22|0.00|0.00|0.00||N|||W000000431|P|W000000431|0|1|0.00|||3|50||1569.06||||||||1||50|2000000165|N|0.00|0.00|50|99|4|4|20260403|20260407|26|51||||||||K21.0||||||||||93000|||||||87.07|75.00|43.71|N|4||AETNA
002026060100000324|1234567|0987654|N|001|AC123456|03|P|N||PPO|01|PKG0042|PPO001|1|F|W000000145|Wilson|Nora|F|19800909|62572|NC|EF||W000000642|W000000642|Wilson|Jacob|M|CH|20090525|202606010000324|ACAS2026060100000324||TCN2026060100000324|SRC2026060100000324|002026060100000324|NY0001|NY0001||2|100000266|DR Martinez MD|2|100000266|PV000266|DR Martinez MD|4977 MEDICAL PLAZA||MA MEDICAL CTR|MA|42166|1|11|P|P|20260509|20260514|20260504|20260504|20260515||||||90834|AT|P|Y|01||4|||99||||3|2|193.69|193.69|193.69|0.00|0.00||CO45||0.00|0.00||40.00|40.00|0.00|0.00|0.00|0.00|0.00|0.00|0.00|0.00|0.00|0.00|0.00|0.00||N|||W000000642|D|W000000642|0|0|0.00|||1|11||193.69||||||||1||11|2000000266|N|0.00|0.00|11|99|||||AT|95||||||||K21.0||||||||||90834|||||||0.00|40.00|0.00|N|||AETNA
002026060100000325|1234567|0987654|N|001|AC123456|03|P|N||PPO|03|PKG0042|PPO001|3|F|W000000117|Davis|Grace|F|19920528|62080|CO|EF||W000000683|W000000683|Davis|Ava|F|CH|20000414|202606010000325|ACAS2026060100000325||TCN2026060100000325|SRC2026060100000325|002026060100000325|NY0001|NY0001||2|100000260|DR Brown MD|2|100000260|PV000260|DR Brown MD|7251 MEDICAL PLAZA||IL MEDICAL CTR|IL|41085|1|05|P|P|20260510|20260522|20260413|20260413|20260526||||||99203|26|P|Y|01||B|||11||||1|3|808.20|808.20|294.96|0.00|0.00|PR1|CO45||513.24|513.24||0.00|0.00|138.73|62.56|62.56|311.95|311.95|0.00|0.00|0.00|294.96|0.00|0.00|0.00||N|||W000000683|P|W000000683|0|0|0.00|||3|05||808.20||||||||1||05|2000000260|N|0.00|0.00|05|11|||||26|GT||||||||J44.1|F41.9|Z12.31||||||||99203|||||||62.56|0.00|138.73|N|||AETNA
002026060100000326|1234567|0987654|N|001|AC123456|03|P|N||PPO|02|PKG0042|PPO001|3|F|W000000162|Perez|Scarlett|F|19670909|21535|VA|EC|754335886|W000000162|W000000162|Perez|Scarlett|F|EE|19670909|202606010000326|ACAS2026060100000326||TCN2026060100000326|SRC2026060100000326|002026060100000326|NY0001|NY0001||2|100000057|DR Harris MD|2|100000057|PV000057|DR Harris MD|4031 MEDICAL PLAZA||PA MEDICAL CTR|PA|77172|1|12|P|P|20260511|20260529|20260315|20260315|20260602||||||99396|AT|P|Y|05||1|||13||||1|3|703.51|703.51|212.07|0.00|0.00|PR1|CO45||491.44|491.44||50.00|50.00|71.45|72.00|72.00|297.99|297.99|0.00|0.00|0.00|212.07|0.00|0.00|0.00||N|||W000000162|P|W000000162|0|0|0.00|||3|12||703.51||||||||1||12|2000000057|N|0.00|0.00|12|13||||||AT||||||||I50.9||J45.909||||||||99396|||||||72.00|50.00|71.45|N|||AETNA
002026060100000327|1234567|0987654|N|001|AC123456|03|P|N||PPO|03|PKG0042|PPO001|2|F|W000000166|Brown|Amelia|F|19671218|50451|FL|EF|811163850|W000000166|W000000166|Brown|Amelia|F|EE|19671218|202606010000327|ACAS2026060100000327||TCN2026060100000327|SRC2026060100000327|002026060100000327|NY0001|NY0001||2|100000204|DR Lopez MD|2|100000204|PV000204|DR Lopez MD|5287 MEDICAL PLAZA||NJ MEDICAL CTR|NJ|77176|1|09|P|P|20260507|20260515|20260501|20260501|20260517||||||99213|GT|P|Y|03||4|||99||||3|1|2856.13|2856.13|966.27|0.00|0.00|PR1|CO45||1889.86|1889.86||50.00|50.00|211.41|288.10|288.10|1340.35|1340.35|0.00|0.00|0.00|966.27|0.00|0.00|0.00||N|||W000000166|P|W000000166|0|0|0.00|||2|09||2856.13||Y|N|||||1||09|2000000204|N|0.00|0.00|09|99|||||95|25||||||||J45.909|I50.9|||||||||99213|||||||288.10|50.00|211.41|N|||AETNA
002026060100000328|1234567|0987654|N|001|AC123456|03|P|N||PPO|02|PKG0042|PPO001|3|F|W000000027|Gonzalez|Daniel|M|19771006|71417|GA|EF|383278103|W000000027|W000000027|Gonzalez|Daniel|M|EE|19771006|202606010000328|ACAS2026060100000328||TCN2026060100000328|SRC2026060100000328|002026060100000328|NY0001|NY0001||2|100000026|DR Sanchez MD|2|100000026|PV000026|DR Sanchez MD|908 MEDICAL PLAZA||MA MEDICAL CTR|MA|84344|1|11|P|P|20260516|20260524|20260424|20260424|20260526||||||99395||P|Y|05||2|||23||||1|3|546.96|546.96|359.84|0.00|0.00|PR1|CO45||187.12|187.12||40.00|40.00|31.08|24.89|24.89|91.15|91.15|0.00|0.00|0.00|359.84|0.00|0.00|0.00||N|||W000000027|P|W000000027|0|0|0.00|||3|11||546.96|||N|||||1||11|2000000026|N|0.00|0.00|11|23|||||GT|50||||||||M79.3|Z00.00|||||||||99395|||||||24.89|40.00|31.08|N|||AETNA
002026060100000329|1234567|0987654|N|001|AC123456|01|I|Y||PPO|01|PKG0042|PPO001|N|F|W000000099|Moore|Jacob|M|19900228|58815|CO|EC|474199938|W000000099|W000000099|Moore|Jacob|M|EE|19900228|202606010000329|ACAS2026060100000329||TCN2026060100000329|SRC2026060100000329|002026060100000329|NY0001|NY0001||2|100000203|DR Hernandez MD|2|100000203|PV000203|DR Hernandez MD|3310 MEDICAL PLAZA||OH MEDICAL CTR|OH|88314|4|08|P|N|20260514|20260520|20260514|20260516|20260521||||04|872|99395|95|I|Y|06||2|||24|02|0200|121|2|2|574.87|574.87|404.86|0.00|0.00|PR1|CO45||170.01|170.01||75.00|75.00|50.05|6.27|6.27|38.69|38.69|0.00|0.00|0.00|404.86|0.00|0.00|0.00||N|||W000000099|P|W000000099|0|1|0.00|||N|08||574.87|||Y|||||1||08|2000000203|N|0.00|0.00|08|24|4||20260514|20260516|TC|59||||||||J44.1|E11.9|G43.909||||||||99395|||||||6.27|75.00|50.05|N|||AETNA
002026060100000330|1234567|0987654|N|001|AC123456|01|I|Y||PPO|01|PKG0042|PPO001|N|F|W000000389|Wilson|Jacob|M|19670418|27706|NJ|EC|196396750|W000000389|W000000389|Wilson|Jacob|M|EE|19670418|202606010000330|ACAS2026060100000330||TCN2026060100000330|SRC2026060100000330|002026060100000330|NY0001|NY0001||2|100000103|DR Miller MD|2|100000103|PV000103|DR Miller MD|7614 MEDICAL PLAZA||WA MEDICAL CTR|WA|26866|4|38|P|N|20260509|20260519|20260403|20260405|20260520||||12|379|71046||I|Y|01||2|||11|01|0110|111|3|2|1375.70|1375.70|915.23|0.00|0.00|PR1|CO45||460.47|460.47||50.00|50.00|16.53|80.89|80.89|313.05|313.05|0.00|0.00|0.00|915.23|0.00|0.00|0.00||N|||W000000389|P|W000000389|0|1|0.00|||N|38||1375.70||Y|Y|||||1||38|2000000103|N|0.00|0.00|38|11|1|2|20260403|20260405|26|||||||||E11.9|M17.11|||||||||71046|||||||80.89|50.00|16.53|N|2||AETNA
002026060100000331|1234567|0987654|N|001|AC123456|03|P|N||PPO|01|PKG0042|PPO001|1|F|W000000383|Jones|Benjamin|M|19830303|87743|OH|EE|559463786|W000000383|W000000383|Jones|Benjamin|M|EE|19830303|202606010000331|ACAS2026060100000331||TCN2026060100000331|SRC2026060100000331|002026060100000331|NY0001|NY0001||2|100000135|DR Miller MD|2|100000135|PV000135|DR Miller MD|766 MEDICAL PLAZA||NY MEDICAL CTR|NY|69544|1|50|P|P|20260427|20260526|20260525|20260525|20260530||||||99232|26|P|Y|05||4|||13||||3|1|215.42|215.42|77.17|0.00|0.00|PR1|CO45||138.25|138.25||20.00|20.00|31.39|19.33|19.33|67.53|67.53|0.00|0.00|0.00|77.17|0.00|0.00|0.00||N|||W000000383|P|W000000383|0|0|0.00|||1|50||215.42||||||||1||50|2000000135|N|0.00|0.00|50|13|||||26|||||||||I10||R51||||||||99232|||||||19.33|20.00|31.39|N|||AETNA
002026060100000332|1234567|0987654|N|001|AC123456|03|P|Y||PPO|02|PKG0042|PPO001|N|F|W000000260|Thompson|Elijah|M|19910519|14415|MI|EF|471506173|W000000260|W000000260|Thompson|Elijah|M|EE|19910519|202606010000332|ACAS2026060100000332||TCN2026060100000332|SRC2026060100000332|002026060100000332|NY0001|NY0001||2|100000216|DR White MD|2|100000216|PV000216|DR White MD|9210 MEDICAL PLAZA||FL MEDICAL CTR|FL|56574|1|06|P|N|20260426|20260518|20260506|20260506|20260519||||||99203||P|Y|08||F|||21||||3|3|551.28|551.28|161.57|0.00|0.00|PR1|CO45||389.71|389.71||30.00|30.00|39.09|68.86|68.86|251.76|251.76|0.00|0.00|0.00|161.57|0.00|0.00|0.00||N|||W000000260|P|W000000260|0|0|0.00|||N|06||551.28|||N|||||1||06|2000000216|N|0.00|0.00|06|21||||||||||||||R05|Z79.899||E66.9|||||||99203|||||||68.86|30.00|39.09|N|||AETNA
002026060100000333|1234567|0987654|N|001|AC123456|03|P|N||PPO|03|PKG0042|PPO001|1|F|W000000217|Martinez|Aria|F|19930909|38892|FL|EF|663349949|W000000217|W000000217|Martinez|Aria|F|EE|19930909|202606010000333|ACAS2026060100000333||TCN2026060100000333|SRC2026060100000333|002026060100000333|NY0001|NY0001||2|100000128|DR Young MD|2|100000128|PV000128|DR Young MD|493 MEDICAL PLAZA||AZ MEDICAL CTR|AZ|35794|1|08|P|P|20260424|20260522|20260328|20260328|20260525||||||99283|50|P|Y|06||2|||13||||1|1|451.53|451.53|129.71|0.00|0.00|PR1|CO45||321.82|321.82||40.00|40.00|11.30|58.33|58.33|212.19|212.19|0.00|0.00|0.00|129.71|0.00|0.00|0.00||N|||W000000217|P|W000000217|1|0|0.00|||1|08||451.53||||Y||||1||08|2000000128|N|0.00|0.00|08|13|||||26|51||||||||N39.0|N39.0|M54.5|E11.65|||||||99283|||||||58.33|40.00|11.30|N|||AETNA
002026060100000334|1234567|0987654|N|001|AC123456|03|P|N||PPO|02|PKG0042|PPO001|2|F|W000000321|Young|Ethan|M|19771201|73723|FL|EF||W000000581|W000000581|Young|Nora|F|SP|19790125|202606010000334|ACAS2026060100000334||TCN2026060100000334|SRC2026060100000334|002026060100000334|NY0001|NY0001||2|100000243|DR Jackson MD|2|100000243|PV000243|DR Jackson MD|8766 MEDICAL PLAZA||OH MEDICAL CTR|OH|42522|1|03|P|P|20260514|20260525|20260526|20260526|20260529||||||82947|50|P|Y|02||S|||32||||1|1|591.06|591.06|355.16|0.00|0.00|PR1|CO45||235.90|235.90||30.00|30.00|29.86|41.07|41.07|134.97|134.97|0.00|0.00|0.00|355.16|0.00|0.00|0.00||N|||W000000581|P|W000000581|0|0|0.00|||2|03||591.06|||N|||||1||03|2000000243|N|0.00|0.00|03|32||||||25||||||||Z87.891|Z87.891|||||||||82947|||||||41.07|30.00|29.86|N|||AETNA
002026060100000335|1234567|0987654|N|001|AC123456|03|P|N||PPO|01|PKG0042|PPO001|1|F|W000000323|Brown|Michael|M|19610106|22714|PA|EC|634257442|W000000323|W000000323|Brown|Michael|M|EE|19610106|202606010000335|ACAS2026060100000335||TCN2026060100000335|SRC2026060100000335|002026060100000335|NY0001|NY0001||2|100000161|DR Smith MD|2|100000161|PV000161|DR Smith MD|7407 MEDICAL PLAZA||MI MEDICAL CTR|MI|46671|1|11|P|P|20260507|20260526|20260304|20260304|20260527||||||97110|26|P|Y|04||4|||13||||1|1|1368.06|1368.06|451.23|0.00|0.00|PR1|CO45||916.83|916.83||40.00|40.00|150.93|81.76|81.76|644.14|644.14|0.00|0.00|0.00|451.23|0.00|0.00|0.00||N|||W000000323|P|W000000323|0|0|0.00|||1|11||1368.06||N||||||1||11|2000000161|N|0.00|0.00|11|13|||||51|||||||||E11.65||J45.909||R05||||||97110|||||||81.76|40.00|150.93|N|||AETNA
002026060100000336|1234567|0987654|N|001|AC123456|03|P|N||PPO|03|PKG0042|PPO001|3|F|W000000310|Jackson|Riley|F|19801022|90089|TX|ES||W000000566|W000000566|Jackson|Liam|M|SP|19830506|202606010000336|ACAS2026060100000336||TCN2026060100000336|SRC2026060100000336|002026060100000336|NY0001|NY0001||2|100000300|DR Lopez MD|2|100000300|PV000300|DR Lopez MD|4165 MEDICAL PLAZA||IL MEDICAL CTR|IL|94484|1|50|P|P|20260420|20260517|20260423|20260423|20260521||||||99204||P|Y|02||B|||23||||2|3|1065.33|1065.33|513.36|0.00|0.00|PR1|CO45||551.97|551.97||50.00|50.00|34.11|95.71|95.71|372.15|372.15|0.00|0.00|0.00|513.36|0.00|0.00|0.00||N|||W000000566|P|W000000566|0|0|0.00|||3|50||1065.33||Y||N||||1||50|2000000300|N|0.00|0.00|50|23|||||51|GT||||||||J30.9||G47.33||||||||99204|||||||95.71|50.00|34.11|N|||AETNA
002026060100000337|1234567|0987654|N|001|AC123456|01|I|Y||PPO|01|PKG0042|PPO001|N|F|W000000368|Lee|Mia|F|19670107|62901|MI|EF||W000000675|W000000675|Lee|Noah|M|CH|20131204|202606010000337|ACAS2026060100000337||TCN2026060100000337|SRC2026060100000337|002026060100000337|NY0001|NY0001||2|100000192|DR Young MD|2|100000192|PV000192|DR Young MD|1390 MEDICAL PLAZA||WA MEDICAL CTR|WA|73941|4|12|P|N|20260514|20260527|20260424|20260425|20260528||||03|378|99213|50|I|Y|08||M|||12|02|0300|132|3|2|352.00|352.00|119.19|0.00|0.00|PR1|CO45||232.81|232.81||0.00|0.00|28.31|50.16|50.16|154.34|154.34|0.00|0.00|0.00|119.19|0.00|0.00|0.00||N|||W000000675|P|W000000675|0|1|0.00|||N|12||352.00||||||||1||12|2000000192|N|0.00|0.00|12|12|2|3|20260424|20260425|50|AT||||||||K57.30|J45.909||F41.9|||||||99213|||||||50.16|0.00|28.31|N|3||AETNA
002026060100000338|1234567|0987654|N|001|AC123456|03|P|N||PPO|02|PKG0042|PPO001|3|F|W000000222|Williams|Ava|F|19710715|77617|MA|EE|333968608|W000000222|W000000222|Williams|Ava|F|EE|19710715|202606010000338|ACAS2026060100000338||TCN2026060100000338|SRC2026060100000338|002026060100000338|NY0001|NY0001||2|100000089|DR Harris MD|2|100000089|PV000089|DR Harris MD|7030 MEDICAL PLAZA||NJ MEDICAL CTR|NJ|29491|1|40|P|P|20260508|20260529|20260412|20260412|20260530||||||85025|59|P|Y|03||1|||24||||1|2|747.10|747.10|355.48|0.00|0.00|PR1|CO45||391.62|391.62||40.00|40.00|74.68|51.52|51.52|225.42|225.42|0.00|0.00|0.00|355.48|0.00|0.00|0.00||N|||W000000222|P|W000000222|0|0|0.00|||3|40||747.10|||N|Y||||1||40|2000000089|N|0.00|0.00|40|24|||||95|51||N||||||Z79.899|Z00.00|F32.9|Z23|G43.909||||||85025|||||||51.52|40.00|74.68|N|||AETNA
002026060100000339|1234567|0987654|N|001|AC123456|03|P|N||PPO|01|PKG0042|PPO001|1|F|W000000142|Jones|Daniel|M|19600420|47183|FL|EF|837984015|W000000142|W000000142|Jones|Daniel|M|EE|19600420|202606010000339|ACAS2026060100000339||TCN2026060100000339|SRC2026060100000339|002026060100000339|NY0001|NY0001||2|100000233|DR Rodriguez MD|2|100000233|PV000233|DR Rodriguez MD|8450 MEDICAL PLAZA||CA MEDICAL CTR|CA|72784|1|08|P|P|20260423|20260515|20260403|20260403|20260517||||||85025||P|Y|08||2|||23||||2|1|2361.08|2361.08|1598.58|0.00|0.00|PR1|CO45||762.50|762.50||0.00|0.00|131.86|83.62|83.62|547.02|547.02|0.00|0.00|0.00|1598.58|0.00|0.00|0.00||N|||W000000142|P|W000000142|0|0|0.00|||1|08||2361.08||N||||||1||08|2000000233|N|0.00|0.00|08|23||||||||||||||M17.11||I50.9||||||||85025|||||||83.62|0.00|131.86|N|||AETNA
002026060100000340|1234567|0987654|N|001|AC123456|03|P|N||PPO|01|PKG0042|PPO001|3|F|W000000234|Ramirez|Jacob|M|19911219|25757|NJ|ES||W000000668|W000000668|Ramirez|Olivia|F|CH|20181003|202606010000340|ACAS2026060100000340||TCN2026060100000340|SRC2026060100000340|002026060100000340|NY0001|NY0001||2|100000123|DR Clark MD|2|100000123|PV000123|DR Clark MD|3295 MEDICAL PLAZA||PA MEDICAL CTR|PA|97230|1|03|P|P|20260430|20260525|20260418|20260418|20260529||||||99291|59|P|Y|03||F|||23||||2|2|328.11|328.11|328.11|0.00|0.00||CO45||0.00|0.00||40.00|40.00|0.00|0.00|0.00|0.00|0.00|0.00|0.00|0.00|0.00|0.00|0.00|0.00||N|||W000000668|D|W000000668|0|0|0.00|||3|03||328.11||||||||1||03|2000000123|N|0.00|0.00|03|23|||||95|51||||||||Z87.891||||||||||99291|||||||0.00|40.00|0.00|N|||AETNA
002026060100000341|1234567|0987654|N|001|AC123456|01|I|Y||PPO|02|PKG0042|PPO001|N|F|W000000320|Brown|Sebastian|M|19610625|93316|VA|EF||W000000445|W000000445|Brown|Sofia|F|CH|20101222|202606010000341|ACAS2026060100000341||TCN2026060100000341|SRC2026060100000341|002026060100000341|NY0001|NY0001||2|100000161|DR Smith MD|2|100000161|PV000161|DR Smith MD|9453 MEDICAL PLAZA||VA MEDICAL CTR|VA|70300|4|11|P|N|20260420|20260519|20260313|20260316|20260520||||01|871|99395||I|Y|02||B|||13|02|0900|122|2|3|752.49|752.49|204.22|0.00|0.00|PR1|CO45||548.27|548.27||30.00|30.00|137.57|48.04|48.04|332.66|332.66|0.00|0.00|0.00|204.22|0.00|0.00|0.00||N|||W000000445|P|W000000445|0|1|0.00|||N|11||752.49||||||||1||11|2000000161|N|0.00|0.00|11|13|7|2|20260313|20260316|GT|||||||||J30.9||||||||||99395|||||||48.04|30.00|137.57|N|2||AETNA
002026060100000342|1234567|0987654|N|001|AC123456|03|P|N||PPO|02|PKG0042|PPO001|2|F|W000000204|Harris|Jackson|M|19790215|61256|NY|EF|243781229|W000000204|W000000204|Harris|Jackson|M|EE|19790215|202606010000342|ACAS2026060100000342||TCN2026060100000342|SRC2026060100000342|002026060100000342|NY0001|NY0001||2|100000042|DR Martinez MD|2|100000042|PV000042|DR Martinez MD|8990 MEDICAL PLAZA||NY MEDICAL CTR|NY|92866|1|12|P|P|20260428|20260518|20260307|20260307|20260519||||||85025||P|Y|08||4|||24||||2|2|564.43|564.43|564.43|0.00|0.00||CO45||0.00|0.00||20.00|20.00|0.00|0.00|0.00|0.00|0.00|0.00|0.00|0.00|0.00|0.00|0.00|0.00||N|||W000000204|D|W000000204|0|0|0.00|||2|12||564.43||Y||||||1||12|2000000042|N|0.00|0.00|12|24|||||AT|||||||||K57.30|I50.9||Z00.00|||||||85025|||||||0.00|20.00|0.00|N|||AETNA
002026060100000343|1234567|0987654|N|001|AC123456|03|P|N||PPO|02|PKG0042|PPO001|3|F|W000000182|Williams|Sebastian|M|19750911|78402|PA|EC||W000000436|W000000436|Williams|James|M|CH|20140713|202606010000343|ACAS2026060100000343||TCN2026060100000343|SRC2026060100000343|002026060100000343|NY0001|NY0001||2|100000036|DR Brown MD|2|100000036|PV000036|DR Brown MD|7851 MEDICAL PLAZA||NJ MEDICAL CTR|NJ|52721|1|06|P|P|20260427|20260516|20260510|20260510|20260518||||||85025||P|Y|05||M|||24||||3|1|630.46|630.46|362.35|0.00|0.00|PR1|CO45||268.11|268.11||75.00|75.00|34.02|20.02|20.02|139.07|139.07|0.00|0.00|0.00|362.35|0.00|0.00|0.00||N|||W000000436|P|W000000436|0|0|0.00|||3|06||630.46||Y||||||1||06|2000000036|N|0.00|0.00|06|24||||||AT||||||||I25.10|F41.9||J06.9|||||||85025|||||||20.02|75.00|34.02|N|||AETNA
002026060100000344|1234567|0987654|N|001|AC123456|03|P|N||PPO|02|PKG0042|PPO001|2|F|W000000361|Moore|Alexander|M|19881102|89418|NY|EC|462459708|W000000361|W000000361|Moore|Alexander|M|EE|19881102|202606010000344|ACAS2026060100000344||TCN2026060100000344|SRC2026060100000344|002026060100000344|NY0001|NY0001||2|100000173|DR Gonzalez MD|2|100000173|PV000173|DR Gonzalez MD|3299 MEDICAL PLAZA||NC MEDICAL CTR|NC|80757|1|08|P|P|20260424|20260520|20260328|20260328|20260521||||||80061|GT|P|Y|06||M|||32||||2|2|166.32|166.32|95.11|0.00|0.00|PR1|CO45||71.21|71.21||20.00|20.00|10.61|6.89|6.89|33.71|33.71|0.00|0.00|0.00|95.11|0.00|0.00|0.00||N|||W000000361|P|W000000361|0|0|0.00|||2|08||166.32||Y||||||1||08|2000000173|N|0.00|0.00|08|32|||||95|51|N|||||||I10||G47.33|M54.5|K21.0||||||80061|||||||6.89|20.00|10.61|N|||AETNA
002026060100000345|1234567|0987654|N|001|AC123456|03|P|Y||PPO|03|PKG0042|PPO001|N|F|W000000160|Thomas|Amelia|F|19640507|12331|MI|EC||W000000634|W000000634|Thomas|Sofia|F|SP|19710601|202606010000345|ACAS2026060100000345||TCN2026060100000345|SRC2026060100000345|002026060100000345|NY0001|NY0001||2|100000057|DR Harris MD|2|100000057|PV000057|DR Harris MD|4605 MEDICAL PLAZA||TX MEDICAL CTR|TX|54590|1|12|P|N|20260426|20260518|20260502|20260502|20260522||||||36415||P|Y|02||N|||31||||2|3|2206.47|2206.47|1236.80|0.00|0.00|PR1|CO45||969.67|969.67||0.00|0.00|164.75|131.07|131.07|673.85|673.85|0.00|0.00|0.00|1236.80|0.00|0.00|0.00||N|||W000000634|P|W000000634|0|0|0.00|||N|12||2206.47||N||||||1||12|2000000057|N|0.00|0.00|12|31|||||AT|||||||||E78.5||J06.9||||||||36415|||||||131.07|0.00|164.75|N|||AETNA
002026060100000346|1234567|0987654|N|001|AC123456|03|P|N||PPO|01|PKG0042|PPO001|1|F|W000000180|Jones|Victoria|F|19711224|62163|NJ|EC|621787524|W000000180|W000000180|Jones|Victoria|F|EE|19711224|202606010000346|ACAS2026060100000346||TCN2026060100000346|SRC2026060100000346|002026060100000346|NY0001|NY0001||2|100000300|DR Lopez MD|2|100000300|PV000300|DR Lopez MD|7355 MEDICAL PLAZA||AZ MEDICAL CTR|AZ|65187|1|50|P|P|20260502|20260516|20260304|20260304|20260518||||||82947|AT|P|Y|07||N|||31||||3|1|344.40|344.40|344.40|0.00|0.00||CO45||0.00|0.00||30.00|30.00|0.00|0.00|0.00|0.00|0.00|0.00|0.00|0.00|0.00|0.00|0.00|0.00||N|||W000000180|D|W000000180|0|0|0.00|||1|50||344.40||||||||1||50|2000000300|N|0.00|0.00|50|31|||||95|51||||||||Z12.31|M54.5|||||||||82947|||||||0.00|30.00|0.00|N|||AETNA
002026060100000347|1234567|0987654|N|001|AC123456|03|P|N||PPO|01|PKG0042|PPO001|1|F|W000000053|Miller|Oliver|M|19750725|11222|OH|EF||W000000694|W000000694|Miller|Riley|F|SP|19660410|202606010000347|ACAS2026060100000347||TCN2026060100000347|SRC2026060100000347|002026060100000347|NY0001|NY0001||2|100000257|DR Smith MD|2|100000257|PV000257|DR Smith MD|2327 MEDICAL PLAZA||OH MEDICAL CTR|OH|84500|1|02|P|P|20260424|20260514|20260506|20260506|20260518||||||99204|AT|P|Y|05||1|||23||||1|2|1591.07|1591.07|1143.42|0.00|0.00|PR1|CO45||447.65|447.65||50.00|50.00|41.99|85.07|85.07|270.59|270.59|0.00|0.00|0.00|1143.42|0.00|0.00|0.00||N|||W000000694|P|W000000694|0|0|0.00|||1|02||1591.07||||||||1||02|2000000257|N|0.00|0.00|02|23||||||TC||||||||J06.9||||||||||99204|||||||85.07|50.00|41.99|N|||AETNA
002026060100000348|1234567|0987654|N|001|AC123456|03|P|Y||PPO|03|PKG0042|PPO001|N|F|W000000262|Anderson|Riley|F|19721127|80789|NJ|EF||W000000656|W000000656|Anderson|Jackson|M|CH|20160713|202606010000348|ACAS2026060100000348||TCN2026060100000348|SRC2026060100000348|002026060100000348|NY0001|NY0001||2|100000211|DR Jackson MD|2|100000211|PV000211|DR Jackson MD|6016 MEDICAL PLAZA||MI MEDICAL CTR|MI|93328|1|01|P|N|20260513|20260531|20260502|20260502|20260603||||||99396|TC|P|Y|03||1|||21||||1|2|392.22|392.22|270.82|0.00|0.00|PR1|CO45||121.40|121.40||0.00|0.00|6.26|19.78|19.78|95.36|95.36|0.00|0.00|0.00|270.82|0.00|0.00|0.00||N|||W000000656|P|W000000656|0|0|0.00|||N|01||392.22||N||||||1||01|2000000211|N|0.00|0.00|01|21|||||59|25||||||||E11.9|I10|E78.5||||||||99396|||||||19.78|0.00|6.26|N|||AETNA
002026060100000349|1234567|0987654|N|001|AC123456|03|P|N||PPO|03|PKG0042|PPO001|2|F|W000000127|Jones|Oliver|M|19751006|25643|NC|EF|347526160|W000000127|W000000127|Jones|Oliver|M|EE|19751006|202606010000349|ACAS2026060100000349||TCN2026060100000349|SRC2026060100000349|002026060100000349|NY0001|NY0001||2|100000221|DR Lewis MD|2|100000221|PV000221|DR Lewis MD|5420 MEDICAL PLAZA||VA MEDICAL CTR|VA|57524|1|11|P|P|20260507|20260517|20260328|20260328|20260519||||||90834|AT|P|Y|03||A|||13||||2|2|390.85|390.85|390.85|0.00|0.00||CO45||0.00|0.00||30.00|30.00|0.00|0.00|0.00|0.00|0.00|0.00|0.00|0.00|0.00|0.00|0.00|0.00||N|||W000000127|D|W000000127|0|0|0.00|||2|11||390.85||||||||1||11|2000000221|N|0.00|0.00|11|13||||||51||Y||||||N39.0||||R05||||||90834|||||||0.00|30.00|0.00|N|||AETNA
002026060100000350|1234567|0987654|N|001|AC123456|01|I|N||PPO|01|PKG0042|PPO001|1|F|W000000116|Williams|Evelyn|F|19660412|69479|WA|EF|521125899|W000000116|W000000116|Williams|Evelyn|F|EE|19660412|202606010000350|ACAS2026060100000350||TCN2026060100000350|SRC2026060100000350|002026060100000350|NY0001|NY0001||2|100000179|DR Jackson MD|2|100000179|PV000179|DR Jackson MD|8728 MEDICAL PLAZA||WA MEDICAL CTR|WA|14743|4|40|P|P|20260511|20260528|20260321|20260324|20260529||||01|291|71046|25|I|Y|04||B|||24|04|0636|211|3|3|1865.26|1865.26|1865.26|0.00|0.00||CO45||0.00|0.00||30.00|30.00|0.00|0.00|0.00|0.00|0.00|0.00|0.00|0.00|0.00|0.00|0.00|0.00||N|||W000000116|D|W000000116|0|1|0.00|||1|40||1865.26||||Y||||1||40|2000000179|N|0.00|0.00|40|24||1|20260321|20260324|GT|||Y||||||Z00.00|G47.33|M79.3||F32.9||||||71046|||||||0.00|30.00|0.00|N|1||AETNA
002026060100000351|1234567|0987654|N|001|AC123456|03|P|Y||PPO|02|PKG0042|PPO001|N|F|W000000374|Lewis|Henry|M|19770205|47833|WA|EF|981912449|W000000374|W000000374|Lewis|Henry|M|EE|19770205|202606010000351|ACAS2026060100000351||TCN2026060100000351|SRC2026060100000351|002026060100000351|NY0001|NY0001||2|100000019|DR Jackson MD|2|100000019|PV000019|DR Jackson MD|8055 MEDICAL PLAZA||NJ MEDICAL CTR|NJ|43143|1|04|P|N|20260425|20260515|20260517|20260517|20260516||||||36415|25|P|Y|07||S|||13||||1|1|1548.13|1548.13|1548.13|0.00|0.00||CO45||0.00|0.00||75.00|75.00|0.00|0.00|0.00|0.00|0.00|0.00|0.00|0.00|0.00|0.00|0.00|0.00||N|||W000000374|D|W000000374|0|0|0.00|||N|04||1548.13||N|N|||||1||04|2000000019|N|0.00|0.00|04|13|||||51|95||||||||K21.0|J45.909|||||||||36415|||||||0.00|75.00|0.00|N|||AETNA
002026060100000352|1234567|0987654|N|001|AC123456|03|P|N||PPO|01|PKG0042|PPO001|3|F|W000000032|Harris|Sebastian|M|19880405|23508|MI|EE|680732359|W000000032|W000000032|Harris|Sebastian|M|EE|19880405|202606010000352|ACAS2026060100000352||TCN2026060100000352|SRC2026060100000352|002026060100000352|NY0001|NY0001||2|100000118|DR Perez MD|2|100000118|PV000118|DR Perez MD|607 MEDICAL PLAZA||OH MEDICAL CTR|OH|66556|1|38|P|P|20260504|20260531|20260410|20260410|20260604||||||36415||P|Y|01||1|||24||||1|1|794.22|794.22|581.98|0.00|0.00|PR1|CO45||212.24|212.24||0.00|0.00|27.34|25.14|25.14|159.76|159.76|0.00|0.00|0.00|581.98|0.00|0.00|0.00||N|||W000000032|P|W000000032|0|0|0.00|||3|38||794.22||N||||||1||38|2000000118|N|0.00|0.00|38|24|||||50|51||||||||F32.9|G47.33|||||||||36415|||||||25.14|0.00|27.34|N|||AETNA
002026060100000353|1234567|0987654|N|001|AC123456|01|I|N||PPO|02|PKG0042|PPO001|1|F|W000000210|Moore|Matthew|M|19710707|36460|MI|EF|826113698|W000000210|W000000210|Moore|Matthew|M|EE|19710707|202606010000353|ACAS2026060100000353||TCN2026060100000353|SRC2026060100000353|002026060100000353|NY0001|NY0001||2|100000149|DR Lee MD|2|100000149|PV000149|DR Lee MD|8037 MEDICAL PLAZA||NJ MEDICAL CTR|NJ|88397|4|40|P|P|20260508|20260527|20260428|20260428|20260531||||14|872|99396||I|Y|03||B|||31|07|0250|212|2|3|1270.26|1270.26|810.28|0.00|0.00|PR1|CO45||459.98|459.98||0.00|0.00|78.10|38.93|38.93|342.95|342.95|0.00|0.00|0.00|810.28|0.00|0.00|0.00||N|||W000000210|P|W000000210|0|1|0.00|||1|40||1270.26||Y||||||1||40|2000000149|N|0.00|0.00|40|31|4|1|20260428|20260428||50||||||||J30.9|R05|||||||||99396|||||||38.93|0.00|78.10|N|1||AETNA
002026060100000354|1234567|0987654|N|001|AC123456|03|P|N||PPO|02|PKG0042|PPO001|2|F|W000000305|Smith|Sofia|F|19640405|99392|IL|ES|818314747|W000000305|W000000305|Smith|Sofia|F|EE|19640405|202606010000354|ACAS2026060100000354||TCN2026060100000354|SRC2026060100000354|002026060100000354|NY0001|NY0001||2|100000275|DR Jackson MD|2|100000275|PV000275|DR Jackson MD|4845 MEDICAL PLAZA||OH MEDICAL CTR|OH|29425|1|05|P|P|20260519|20260528|20260406|20260406|20260530||||||99204||P|Y|02||N|||31||||2|1|520.47|520.47|322.48|0.00|0.00|PR1|CO45||197.99|197.99||40.00|40.00|39.74|22.99|22.99|95.26|95.26|0.00|0.00|0.00|322.48|0.00|0.00|0.00||N|||W000000305|P|W000000305|0|0|0.00|||2|05||520.47||N||||||1||05|2000000275|N|0.00|0.00|05|31||||||50||||||||J18.9||||||||||99204|||||||22.99|40.00|39.74|N|||AETNA
002026060100000355|1234567|0987654|N|001|AC123456|03|P|N||PPO|03|PKG0042|PPO001|3|F|W000000103|Miller|Aria|F|19670608|12427|WA|EF||W000000679|W000000679|Miller|Mia|F|SP|19671019|202606010000355|ACAS2026060100000355||TCN2026060100000355|SRC2026060100000355|002026060100000355|NY0001|NY0001||2|100000066|DR Johnson MD|2|100000066|PV000066|DR Johnson MD|4146 MEDICAL PLAZA||VA MEDICAL CTR|VA|48167|1|06|P|P|20260421|20260520|20260410|20260410|20260521||||||99283||P|Y|06||B|||13||||3|1|660.43|660.43|490.63|0.00|0.00|PR1|CO45||169.80|169.80||20.00|20.00|22.16|28.94|28.94|98.70|98.70|0.00|0.00|0.00|490.63|0.00|0.00|0.00||N|||W000000679|P|W000000679|0|0|0.00|||3|06||660.43|||Y|||||1||06|2000000066|N|0.00|0.00|06|13|||||GT|GT||||||||J06.9|K57.30|||||||||99283|||||||28.94|20.00|22.16|N|||AETNA
002026060100000356|1234567|0987654|N|001|AC123456|01|I|N||PPO|01|PKG0042|PPO001|3|F|W000000319|Robinson|Grace|F|19910704|14301|FL|EE||W000000695|W000000695|Robinson|Jackson|M|CH|20150304|202606010000356|ACAS2026060100000356||TCN2026060100000356|SRC2026060100000356|002026060100000356|NY0001|NY0001||2|100000150|DR Perez MD|2|100000150|PV000150|DR Perez MD|5061 MEDICAL PLAZA||NY MEDICAL CTR|NY|70512|4|50|P|P|20260512|20260531|20260305|20260305|20260602||||08|379|80061|25|I|Y|03||S|||21|03|0110|112|3|3|379.03|379.03|243.32|0.00|0.00|PR1|CO45||135.71|135.71||50.00|50.00|18.23|12.34|12.34|55.14|55.14|0.00|0.00|0.00|243.32|0.00|0.00|0.00||N|||W000000695|P|W000000695|0|1|0.00|||3|50||379.03||Y||||||1||50|2000000150|N|0.00|0.00|50|21|7||20260305|20260305|AT|TC||Y||||||G43.909|J06.9|Z23||K57.30||||||80061|||||||12.34|50.00|18.23|N|||AETNA
002026060100000357|1234567|0987654|N|001|AC123456|03|P|Y||PPO|01|PKG0042|PPO001|N|F|W000000107|Jones|Sophia|F|19721206|63731|AZ|EE|406692493|W000000107|W000000107|Jones|Sophia|F|EE|19721206|202606010000357|ACAS2026060100000357||TCN2026060100000357|SRC2026060100000357|002026060100000357|NY0001|NY0001||2|100000104|DR Davis MD|2|100000104|PV000104|DR Davis MD|7660 MEDICAL PLAZA||TX MEDICAL CTR|TX|94517|1|40|P|N|20260519|20260531|20260309|20260309|20260602||||||82947||P|Y|05||M|||31||||3|2|1434.33|1434.33|546.25|0.00|0.00|PR1|CO45||888.08|888.08||20.00|20.00|186.87|89.70|89.70|591.51|591.51|0.00|0.00|0.00|546.25|0.00|0.00|0.00||N|||W000000107|P|W000000107|0|0|0.00|||N|40||1434.33|||Y|||||1||40|2000000104|N|0.00|0.00|40|31||||||||||||||K21.0|E78.5|Z12.31||||||||82947|||||||89.70|20.00|186.87|N|||AETNA
002026060100000358|1234567|0987654|N|001|AC123456|03|P|Y||PPO|03|PKG0042|PPO001|N|F|W000000017|Thomas|Riley|F|19820727|48736|PA|ES||W000000625|W000000625|Thomas|Zoey|F|CH|20030517|202606010000358|ACAS2026060100000358||TCN2026060100000358|SRC2026060100000358|002026060100000358|NY0001|NY0001||2|100000041|DR Rodriguez MD|2|100000041|PV000041|DR Rodriguez MD|4748 MEDICAL PLAZA||WA MEDICAL CTR|WA|88883|1|11|P|N|20260429|20260522|20260402|20260402|20260524||||||99232|TC|P|Y|06||F|||21||||3|3|368.93|368.93|118.90|0.00|0.00|PR1|CO45||250.03|250.03||40.00|40.00|4.57|43.39|43.39|162.07|162.07|0.00|0.00|0.00|118.90|0.00|0.00|0.00||N|||W000000625|P|W000000625|0|0|0.00|||N|11||368.93||N||||||1||11|2000000041|N|0.00|0.00|11|21|||||AT||N|||||||K57.30|E78.5||M79.3|||||||99232|||||||43.39|40.00|4.57|N|||AETNA
002026060100000359|1234567|0987654|N|001|AC123456|03|P|N||PPO|03|PKG0042|PPO001|3|F|W000000064|Thomas|Henry|M|19771122|40929|IL|EE|304836232|W000000064|W000000064|Thomas|Henry|M|EE|19771122|202606010000359|ACAS2026060100000359||TCN2026060100000359|SRC2026060100000359|002026060100000359|NY0001|NY0001||2|100000031|DR Walker MD|2|100000031|PV000031|DR Walker MD|9141 MEDICAL PLAZA||MA MEDICAL CTR|MA|37993|1|01|P|P|20260429|20260513|20260331|20260331|20260515||||||99203|50|P|Y|07||B|||12||||1|1|2350.50|2350.50|707.22|0.00|0.00|PR1|CO45||1643.28|1643.28||0.00|0.00|266.25|276.00|276.00|1101.03|1101.03|0.00|0.00|0.00|707.22|0.00|0.00|0.00||N|||W000000064|P|W000000064|0|0|0.00|||3|01||2350.50||Y||Y||||1||01|2000000031|N|0.00|0.00|01|12|||||50|95|Y|||||||G47.33||I25.10|E11.65|||||||99203|||||||276.00|0.00|266.25|N|||AETNA
002026060100000360|1234567|0987654|N|001|AC123456|01|I|N||PPO|03|PKG0042|PPO001|3|F|W000000016|Williams|Jacob|M|19650902|85993|CA|EF||W000000525|W000000525|Williams|Abigail|F|SP|19660903|202606010000360|ACAS2026060100000360||TCN2026060100000360|SRC2026060100000360|002026060100000360|NY0001|NY0001||2|100000110|DR Wilson MD|2|100000110|PV000110|DR Wilson MD|4481 MEDICAL PLAZA||VA MEDICAL CTR|VA|14129|4|05|P|P|20260507|20260521|20260312|20260316|20260525||||07|195|80053|GT|I|Y|06||1|||31|20|0730|121|2|3|508.54|508.54|282.26|0.00|0.00|PR1|CO45||226.28|226.28||50.00|50.00|37.15|25.70|25.70|113.43|113.43|0.00|0.00|0.00|282.26|0.00|0.00|0.00||N|||W000000525|P|W000000525|0|1|0.00|||3|05||508.54||Y||||||1||05|2000000110|N|0.00|0.00|05|31|1|4|20260312|20260316|51|||||||||M79.3|K21.0|||||||||80053|||||||25.70|50.00|37.15|N|4||AETNA
002026060100000361|1234567|0987654|N|001|AC123456|03|P|Y||PPO|02|PKG0042|PPO001|N|F|W000000253|Robinson|Elijah|M|19650419|21540|FL|ES||W000000592|W000000592|Robinson|Grace|F|CH|20151221|202606010000361|ACAS2026060100000361||TCN2026060100000361|SRC2026060100000361|002026060100000361|NY0001|NY0001||2|100000025|DR Harris MD|2|100000025|PV000025|DR Harris MD|4362 MEDICAL PLAZA||NC MEDICAL CTR|NC|94049|1|10|P|N|20260428|20260523|20260512|20260512|20260525||||||80061|59|P|Y|03||2|||13||||1|2|676.84|676.84|399.53|0.00|0.00|PR1|CO45||277.31|277.31||40.00|40.00|62.96|40.01|40.01|134.34|134.34|0.00|0.00|0.00|399.53|0.00|0.00|0.00||N|||W000000592|P|W000000592|0|0|0.00|||N|10||676.84||||||||1||10|2000000025|N|0.00|0.00|10|13|||||25|25||||||||E66.9|N39.0||N39.0|E11.65||||||80061|||||||40.01|40.00|62.96|N|||AETNA
002026060100000362|1234567|0987654|N|001|AC123456|03|P|N||PPO|01|PKG0042|PPO001|1|F|W000000070|Gonzalez|Jackson|M|19940417|59717|AZ|EC||W000000624|W000000624|Gonzalez|Elizabeth|F|SP|19860815|202606010000362|ACAS2026060100000362||TCN2026060100000362|SRC2026060100000362|002026060100000362|NY0001|NY0001||2|100000021|DR Lee MD|2|100000021|PV000021|DR Lee MD|3712 MEDICAL PLAZA||MA MEDICAL CTR|MA|58949|1|06|P|P|20260423|20260519|20260327|20260327|20260522||||||99395|51|P|Y|03||A|||22||||1|1|1267.65|1267.65|1267.65|0.00|0.00||CO45||0.00|0.00||0.00|0.00|0.00|0.00|0.00|0.00|0.00|0.00|0.00|0.00|0.00|0.00|0.00|0.00||N|||W000000624|D|W000000624|0|0|0.00|||1|06||1267.65||Y||N||||1||06|2000000021|N|0.00|0.00|06|22|||||TC|95||||||||J06.9||F41.9|Z12.31|||||||99395|||||||0.00|0.00|0.00|N|||AETNA
002026060100000363|1234567|0987654|N|001|AC123456|03|P|Y||PPO|02|PKG0042|PPO001|N|F|W000000157|Harris|Logan|M|19910419|49046|MI|ES|978472771|W000000157|W000000157|Harris|Logan|M|EE|19910419|202606010000363|ACAS2026060100000363||TCN2026060100000363|SRC2026060100000363|002026060100000363|NY0001|NY0001||2|100000106|DR Martinez MD|2|100000106|PV000106|DR Martinez MD|2122 MEDICAL PLAZA||NJ MEDICAL CTR|NJ|59946|1|01|P|N|20260503|20260521|20260323|20260323|20260525||||||99213||P|Y|01||M|||21||||2|1|678.77|678.77|247.97|0.00|0.00|PR1|CO45||430.80|430.80||20.00|20.00|102.84|61.65|61.65|246.31|246.31|0.00|0.00|0.00|247.97|0.00|0.00|0.00||N|||W000000157|P|W000000157|0|0|0.00|||N|01||678.77||Y|Y|||||1||01|2000000106|N|0.00|0.00|01|21|||||25|59||||||||F32.9|R05||Z79.899|||||||99213|||||||61.65|20.00|102.84|N|||AETNA
002026060100000364|1234567|0987654|N|001|AC123456|01|I|N||PPO|03|PKG0042|PPO001|3|F|W000000077|Lopez|Lucas|M|19640319|25802|MI|ES||W000000626|W000000626|Lopez|Ella|F|SP|19950508|202606010000364|ACAS2026060100000364||TCN2026060100000364|SRC2026060100000364|002026060100000364|NY0001|NY0001||2|100000061|DR Lewis MD|2|100000061|PV000061|DR Lewis MD|9951 MEDICAL PLAZA||AZ MEDICAL CTR|AZ|69662|4|01|P|P|20260510|20260524|20260517|20260517|20260525||||15|871|99213|59|I|Y|07||F|||32|04|0370|111|2|3|516.35|516.35|248.53|0.00|0.00|PR1|CO45||267.82|267.82||0.00|0.00|40.48|45.40|45.40|181.94|181.94|0.00|0.00|0.00|248.53|0.00|0.00|0.00||N|||W000000626|P|W000000626|0|1|0.00|||3|01||516.35||||||||1||01|2000000061|N|0.00|0.00|01|32|2|2|20260517|20260517|95|||||||||R51|Z12.31|||||||||99213|||||||45.40|0.00|40.48|N|2||AETNA
002026060100000365|1234567|0987654|N|001|AC123456|03|P|Y||PPO|03|PKG0042|PPO001|N|F|W000000082|Smith|Zoey|F|19880721|44046|GA|EF|281661546|W000000082|W000000082|Smith|Zoey|F|EE|19880721|202606010000365|ACAS2026060100000365||TCN2026060100000365|SRC2026060100000365|002026060100000365|NY0001|NY0001||2|100000167|DR Miller MD|2|100000167|PV000167|DR Miller MD|2567 MEDICAL PLAZA||OH MEDICAL CTR|OH|55263|1|02|P|N|20260424|20260520|20260314|20260314|20260521||||||93000|59|P|Y|02||A|||21||||1|2|648.38|648.38|403.69|0.00|0.00|PR1|CO45||244.69|244.69||0.00|0.00|12.44|46.29|46.29|185.96|185.96|0.00|0.00|0.00|403.69|0.00|0.00|0.00||N|||W000000082|P|W000000082|0|0|0.00|||N|02||648.38||||||||1||02|2000000167|N|0.00|0.00|02|21|||||26|26||Y||||||J30.9||Z00.00||R51||||||93000|||||||46.29|0.00|12.44|N|||AETNA
002026060100000366|1234567|0987654|N|001|AC123456|03|P|N||PPO|02|PKG0042|PPO001|3|F|W000000364|Thompson|Michael|M|19601119|45856|AZ|EE|464696158|W000000364|W000000364|Thompson|Michael|M|EE|19601119|202606010000366|ACAS2026060100000366||TCN2026060100000366|SRC2026060100000366|002026060100000366|NY0001|NY0001||2|100000006|DR Garcia MD|2|100000006|PV000006|DR Garcia MD|5387 MEDICAL PLAZA||CO MEDICAL CTR|CO|68962|1|06|P|P|20260522|20260531|20260329|20260329|20260602||||||85025||P|Y|08||N|||23||||2|1|1421.89|1421.89|837.99|0.00|0.00|PR1|CO45||583.90|583.90||50.00|50.00|103.05|77.03|77.03|353.82|353.82|0.00|0.00|0.00|837.99|0.00|0.00|0.00||N|||W000000364|P|W000000364|0|0|0.00|||3|06||1421.89||Y||||||1||06|2000000006|N|0.00|0.00|06|23|||||25|AT|Y|||||||I10|K21.0|R51|J18.9|||||||85025|||||||77.03|50.00|103.05|N|||AETNA
002026060100000367|1234567|0987654|N|001|AC123456|01|I|N||PPO|03|PKG0042|PPO001|1|F|W000000329|Robinson|Scarlett|F|19841010|77912|AZ|EF|353939366|W000000329|W000000329|Robinson|Scarlett|F|EE|19841010|202606010000367|ACAS2026060100000367||TCN2026060100000367|SRC2026060100000367|002026060100000367|NY0001|NY0001||2|100000091|DR Clark MD|2|100000091|PV000091|DR Clark MD|5813 MEDICAL PLAZA||FL MEDICAL CTR|FL|10821|4|01|P|P|20260504|20260527|20260428|20260429|20260529||||06|291|99213|51|I|Y|02||B|||23|07|0370|211|3|2|378.64|378.64|186.41|0.00|0.00|PR1|CO45||192.23|192.23||30.00|30.00|48.11|19.35|19.35|94.77|94.77|0.00|0.00|0.00|186.41|0.00|0.00|0.00||N|||W000000329|P|W000000329|0|1|0.00|||1|01||378.64||N||||||1||01|2000000091|N|0.00|0.00|01|23|7|2|20260428|20260429|26|51||||||||K21.0||||||||||99213|||||||19.35|30.00|48.11|N|2||AETNA
002026060100000368|1234567|0987654|N|001|AC123456|01|I|N||PPO|01|PKG0042|PPO001|2|F|W000000222|Williams|Ava|F|19710715|77617|MA|EE|333968608|W000000222|W000000222|Williams|Ava|F|EE|19710715|202606010000368|ACAS2026060100000368||TCN2026060100000368|SRC2026060100000368|002026060100000368|NY0001|NY0001||2|100000136|DR Davis MD|2|100000136|PV000136|DR Davis MD|4381 MEDICAL PLAZA||WA MEDICAL CTR|WA|20273|4|01|P|P|20260430|20260519|20260416|20260419|20260523||||11|292|99204|TC|I|Y|04||1|||22|07|0250|211|3|2|597.47|597.47|286.16|0.00|0.00|PR1|CO45||311.31|311.31||50.00|50.00|87.08|35.97|35.97|138.26|138.26|0.00|0.00|0.00|286.16|0.00|0.00|0.00||N|||W000000222|P|W000000222|0|1|0.00|||2|01||597.47||N||Y||||1||01|2000000136|N|0.00|0.00|01|22|4||20260416|20260419|50|26||||||||Z12.31|M79.3|S93.401|E78.5|||||||99204|||||||35.97|50.00|87.08|N|||AETNA
002026060100000369|1234567|0987654|N|001|AC123456|01|I|Y||PPO|02|PKG0042|PPO001|N|F|W000000016|Williams|Jacob|M|19650902|85993|CA|EF|111737894|W000000016|W000000016|Williams|Jacob|M|EE|19650902|202606010000369|ACAS2026060100000369||TCN2026060100000369|SRC2026060100000369|002026060100000369|NY0001|NY0001||2|100000289|DR Smith MD|2|100000289|PV000289|DR Smith MD|8573 MEDICAL PLAZA||VA MEDICAL CTR|VA|72382|4|04|P|N|20260429|20260525|20260416|20260419|20260526||||06|291|71046|AT|I|Y|04||N|||21|20|0250|121|3|2|670.98|670.98|498.65|0.00|0.00|PR1|CO45||172.33|172.33||20.00|20.00|42.67|21.01|21.01|88.65|88.65|0.00|0.00|0.00|498.65|0.00|0.00|0.00||N|||W000000016|P|W000000016|0|1|0.00|||N|04||670.98||||||||1||04|2000000289|N|0.00|0.00|04|21|4|3|20260416|20260419||25||||||||E11.9|F41.9|K57.30||||||||71046|||||||21.01|20.00|42.67|N|3||AETNA
002026060100000370|1234567|0987654|N|001|AC123456|03|P|N||PPO|01|PKG0042|PPO001|3|F|W000000239|Smith|William|M|19661117|71345|OH|EF||W000000541|W000000541|Smith|Samuel|M|SP|19790115|202606010000370|ACAS2026060100000370||TCN2026060100000370|SRC2026060100000370|002026060100000370|NY0001|NY0001||2|100000191|DR Walker MD|2|100000191|PV000191|DR Walker MD|9865 MEDICAL PLAZA||AZ MEDICAL CTR|AZ|46547|1|11|P|P|20260515|20260530|20260310|20260310|20260531||||||99232|50|P|Y|07||S|||32||||3|3|1387.00|1387.00|374.91|0.00|0.00|PR1|CO45||1012.09|1012.09||50.00|50.00|57.38|156.96|156.96|747.75|747.75|0.00|0.00|0.00|374.91|0.00|0.00|0.00||N|||W000000541|P|W000000541|0|0|0.00|||3|11||1387.00||Y|N|||||1||11|2000000191|N|0.00|0.00|11|32|||||AT|25||||||||E78.5|J44.1|||||||||99232|||||||156.96|50.00|57.38|N|||AETNA
002026060100000371|1234567|0987654|N|001|AC123456|01|I|N||PPO|02|PKG0042|PPO001|2|F|W000000235|Garcia|Liam|M|19600707|66963|AZ|EF|279915502|W000000235|W000000235|Garcia|Liam|M|EE|19600707|202606010000371|ACAS2026060100000371||TCN2026060100000371|SRC2026060100000371|002026060100000371|NY0001|NY0001||2|100000265|DR Rodriguez MD|2|100000265|PV000265|DR Rodriguez MD|3494 MEDICAL PLAZA||PA MEDICAL CTR|PA|87687|4|10|P|P|20260504|20260529|20260306|20260307|20260530||||03|871|97110||I|Y|05||A|||99|02|0730|122|2|3|611.02|611.02|282.41|0.00|0.00|PR1|CO45||328.61|328.61||40.00|40.00|70.25|25.98|25.98|192.38|192.38|0.00|0.00|0.00|282.41|0.00|0.00|0.00||N|||W000000235|P|W000000235|0|1|0.00|||2|10||611.02|||N|||||1||10|2000000265|N|0.00|0.00|10|99||9|20260306|20260307|51|TC|N|||||||R51|J18.9||F32.9|||||||97110|||||||25.98|40.00|70.25|N|9||AETNA
002026060100000372|1234567|0987654|N|001|AC123456|03|P|N||PPO|03|PKG0042|PPO001|1|F|W000000039|Harris|Daniel|M|19820619|75988|CA|EC||W000000464|W000000464|Harris|Sofia|F|SP|19900310|202606010000372|ACAS2026060100000372||TCN2026060100000372|SRC2026060100000372|002026060100000372|NY0001|NY0001||2|100000103|DR Miller MD|2|100000103|PV000103|DR Miller MD|8739 MEDICAL PLAZA||TX MEDICAL CTR|TX|91580|1|38|P|P|20260510|20260515|20260320|20260320|20260517||||||99213|50|P|Y|02||B|||23||||2|1|3093.49|3093.49|1408.84|0.00|0.00|PR1|CO45||1684.65|1684.65||40.00|40.00|444.83|246.31|246.31|953.51|953.51|0.00|0.00|0.00|1408.84|0.00|0.00|0.00||N|||W000000464|P|W000000464|0|0|0.00|||1|38||3093.49||N|N|Y||||1||38|2000000103|N|0.00|0.00|38|23|||||AT|AT||||||||E11.65|Z00.00|E11.9||||||||99213|||||||246.31|40.00|444.83|N|||AETNA
002026060100000373|1234567|0987654|N|001|AC123456|03|P|N||PPO|03|PKG0042|PPO001|2|F|W000000288|Davis|Noah|M|19930801|39577|NC|EC|561154393|W000000288|W000000288|Davis|Noah|M|EE|19930801|202606010000373|ACAS2026060100000373||TCN2026060100000373|SRC2026060100000373|002026060100000373|NY0001|NY0001||2|100000135|DR Miller MD|2|100000135|PV000135|DR Miller MD|4690 MEDICAL PLAZA||TX MEDICAL CTR|TX|47462|1|50|P|P|20260502|20260525|20260402|20260402|20260527||||||90834||P|Y|08||F|||22||||3|3|582.27|582.27|375.14|0.00|0.00|PR1|CO45||207.13|207.13||50.00|50.00|42.32|22.61|22.61|92.20|92.20|0.00|0.00|0.00|375.14|0.00|0.00|0.00||N|||W000000288|P|W000000288|0|0|0.00|||2|50||582.27||Y||Y||||1||50|2000000135|N|0.00|0.00|50|22|||||25|||||||||J06.9||I25.10||||||||90834|||||||22.61|50.00|42.32|N|||AETNA
002026060100000374|1234567|0987654|N|001|AC123456|03|P|N||PPO|01|PKG0042|PPO001|2|F|W000000262|Anderson|Riley|F|19721127|80789|NJ|EF|864453828|W000000262|W000000262|Anderson|Riley|F|EE|19721127|202606010000374|ACAS2026060100000374||TCN2026060100000374|SRC2026060100000374|002026060100000374|NY0001|NY0001||2|100000127|DR Walker MD|2|100000127|PV000127|DR Walker MD|7154 MEDICAL PLAZA||VA MEDICAL CTR|VA|25330|1|07|P|P|20260525|20260531|20260519|20260519|20260603||||||99204|25|P|Y|03||S|||21||||1|1|543.47|543.47|199.73|0.00|0.00|PR1|CO45||343.74|343.74||50.00|50.00|70.72|33.75|33.75|189.27|189.27|0.00|0.00|0.00|199.73|0.00|0.00|0.00||N|||W000000262|P|W000000262|0|0|0.00|||2|07||543.47||N||||||1||07|2000000127|N|0.00|0.00|07|21|||||AT|GT||||||||F32.9|E11.65||M79.3|||||||99204|||||||33.75|50.00|70.72|N|||AETNA
002026060100000375|1234567|0987654|N|001|AC123456|03|P|N||PPO|01|PKG0042|PPO001|1|F|W000000126|Thomas|Aria|F|19640507|11709|MI|EF||W000000621|W000000621|Thomas|Isabella|F|CH|20041109|202606010000375|ACAS2026060100000375||TCN2026060100000375|SRC2026060100000375|002026060100000375|NY0001|NY0001||2|100000267|DR Hernandez MD|2|100000267|PV000267|DR Hernandez MD|3214 MEDICAL PLAZA||MI MEDICAL CTR|MI|36215|1|12|P|P|20260427|20260518|20260311|20260311|20260522||||||71046|25|P|Y|01||4|||32||||1|2|575.15|575.15|219.34|0.00|0.00|PR1|CO45||355.81|355.81||50.00|50.00|53.39|38.73|38.73|213.69|213.69|0.00|0.00|0.00|219.34|0.00|0.00|0.00||N|||W000000621|P|W000000621|0|0|0.00|||1|12||575.15|||Y|||||1||12|2000000267|N|0.00|0.00|12|32|||||AT|51||||||||I50.9|I10|||F32.9||||||71046|||||||38.73|50.00|53.39|N|||AETNA
002026060100000376|1234567|0987654|N|001|AC123456|01|I|N||PPO|02|PKG0042|PPO001|1|F|W000000067|Harris|Sebastian|M|19731011|48205|WA|EC|677404226|W000000067|W000000067|Harris|Sebastian|M|EE|19731011|202606010000376|ACAS2026060100000376||TCN2026060100000376|SRC2026060100000376|002026060100000376|NY0001|NY0001||2|100000288|DR Young MD|2|100000288|PV000288|DR Young MD|7978 MEDICAL PLAZA||VA MEDICAL CTR|VA|13219|4|03|P|P|20260512|20260521|20260516|20260518|20260523||||01|291|99291|AT|I|Y|07||F|||12|04|0100|132|3|1|217.21|217.21|152.57|0.00|0.00|PR1|CO45||64.64|64.64||50.00|50.00|12.35|0.31|0.31|1.98|1.98|0.00|0.00|0.00|152.57|0.00|0.00|0.00||N|||W000000067|P|W000000067|0|1|0.00|||1|03||217.21||Y|N|||||1||03|2000000288|N|0.00|0.00|03|12|2|4|20260516|20260518|GT|TC||||||||G43.909|J44.1|||||||||99291|||||||0.31|50.00|12.35|N|4||AETNA
002026060100000377|1234567|0987654|N|001|AC123456|03|P|Y||PPO|01|PKG0042|PPO001|N|F|W000000024|Jackson|Sebastian|M|19901220|62551|NY|EE||W000000516|W000000516|Jackson|William|M|CH|20011115|202606010000377|ACAS2026060100000377||TCN2026060100000377|SRC2026060100000377|002026060100000377|NY0001|NY0001||2|100000289|DR Smith MD|2|100000289|PV000289|DR Smith MD|2440 MEDICAL PLAZA||TX MEDICAL CTR|TX|83636|1|04|P|N|20260424|20260523|20260513|20260513|20260525||||||82947|AT|P|Y|02||M|||31||||3|3|275.55|275.55|124.69|0.00|0.00|PR1|CO45||150.86|150.86||30.00|30.00|13.32|26.27|26.27|81.27|81.27|0.00|0.00|0.00|124.69|0.00|0.00|0.00||N|||W000000516|P|W000000516|1|0|0.00|||N|04||275.55||||||||1||04|2000000289|N|0.00|0.00|04|31|||||59|||||||||Z23||I25.10||||||||82947|||||||26.27|30.00|13.32|N|||AETNA
002026060100000378|1234567|0987654|N|001|AC123456|03|P|N||PPO|03|PKG0042|PPO001|1|F|W000000195|Davis|Zoey|F|19701128|43724|FL|EC||W000000523|W000000523|Davis|Avery|F|CH|20170617|202606010000378|ACAS2026060100000378||TCN2026060100000378|SRC2026060100000378|002026060100000378|NY0001|NY0001||2|100000226|DR Johnson MD|2|100000226|PV000226|DR Johnson MD|3361 MEDICAL PLAZA||FL MEDICAL CTR|FL|66368|1|01|P|P|20260420|20260514|20260522|20260522|20260517||||||99291|AT|P|Y|03||1|||24||||3|2|423.66|423.66|178.32|0.00|0.00|PR1|CO45||245.34|245.34||50.00|50.00|6.54|43.24|43.24|145.56|145.56|0.00|0.00|0.00|178.32|0.00|0.00|0.00||N|||W000000523|P|W000000523|0|0|0.00|||1|01||423.66||||||||1||01|2000000226|N|0.00|0.00|01|24||||||25||||||||J30.9|R05|||||||||99291|||||||43.24|50.00|6.54|N|||AETNA
002026060100000379|1234567|0987654|N|001|AC123456|03|P|N||PPO|03|PKG0042|PPO001|3|F|W000000266|Gonzalez|Victoria|F|19740612|65215|TX|ES|623466248|W000000266|W000000266|Gonzalez|Victoria|F|EE|19740612|202606010000379|ACAS2026060100000379||TCN2026060100000379|SRC2026060100000379|002026060100000379|NY0001|NY0001||2|100000151|DR Thompson MD|2|100000151|PV000151|DR Thompson MD|3767 MEDICAL PLAZA||NJ MEDICAL CTR|NJ|52112|1|01|P|P|20260519|20260526|20260308|20260308|20260530||||||99213|51|P|Y|02||4|||32||||3|2|1746.65|1746.65|580.26|0.00|0.00|PR1|CO45||1166.39|1166.39||75.00|75.00|289.63|147.65|147.65|654.11|654.11|0.00|0.00|0.00|580.26|0.00|0.00|0.00||N|||W000000266|P|W000000266|0|0|0.00|||3|01||1746.65||||||||1||01|2000000151|N|0.00|0.00|01|32|||||51|||||||||M79.3|F32.9|||||||||99213|||||||147.65|75.00|289.63|N|||AETNA
002026060100000380|1234567|0987654|N|001|AC123456|03|P|N||PPO|01|PKG0042|PPO001|3|F|W000000184|Harris|Isabella|F|19910707|94825|OH|EE|584394080|W000000184|W000000184|Harris|Isabella|F|EE|19910707|202606010000380|ACAS2026060100000380||TCN2026060100000380|SRC2026060100000380|002026060100000380|NY0001|NY0001||2|100000163|DR Williams MD|2|100000163|PV000163|DR Williams MD|8383 MEDICAL PLAZA||IL MEDICAL CTR|IL|94155|1|38|P|P|20260424|20260521|20260416|20260416|20260524||||||97110|95|P|Y|01||1|||13||||2|3|646.67|646.67|418.37|0.00|0.00|PR1|CO45||228.30|228.30||50.00|50.00|64.60|18.22|18.22|95.48|95.48|0.00|0.00|0.00|418.37|0.00|0.00|0.00||N|||W000000184|P|W000000184|0|0|0.00|||3|38||646.67||||||||1||38|2000000163|N|0.00|0.00|38|13||||||TC||||||||R05|M17.11|||||||||97110|||||||18.22|50.00|64.60|N|||AETNA
002026060100000381|1234567|0987654|N|001|AC123456|03|P|Y||PPO|02|PKG0042|PPO001|N|F|W000000004|Lee|Zoey|F|19730727|23341|PA|EE|427284552|W000000004|W000000004|Lee|Zoey|F|EE|19730727|202606010000381|ACAS2026060100000381||TCN2026060100000381|SRC2026060100000381|002026060100000381|NY0001|NY0001||2|100000295|DR Miller MD|2|100000295|PV000295|DR Miller MD|805 MEDICAL PLAZA||VA MEDICAL CTR|VA|15216|1|10|P|N|20260506|20260517|20260507|20260507|20260521||||||99214||P|Y|02||F|||13||||1|3|440.56|440.56|137.09|0.00|0.00|PR1|CO45||303.47|303.47||40.00|40.00|78.01|39.04|39.04|146.42|146.42|0.00|0.00|0.00|137.09|0.00|0.00|0.00||N|||W000000004|P|W000000004|0|0|0.00|||N|10||440.56||Y||Y||||1||10|2000000295|N|0.00|0.00|10|13|||||50||Y|||||||J30.9|K21.0|J06.9|I25.10|||||||99214|||||||39.04|40.00|78.01|N|||AETNA
002026060100000382|1234567|0987654|N|001|AC123456|01|I|N||PPO|03|PKG0042|PPO001|2|F|W000000262|Anderson|Riley|F|19721127|80789|NJ|EF||W000000656|W000000656|Anderson|Jackson|M|CH|20160713|202606010000382|ACAS2026060100000382||TCN2026060100000382|SRC2026060100000382|002026060100000382|NY0001|NY0001||2|100000086|DR Perez MD|2|100000086|PV000086|DR Perez MD|2295 MEDICAL PLAZA||PA MEDICAL CTR|PA|58709|4|11|P|P|20260502|20260520|20260521|20260523|20260521||||08|378|80061|59|I|Y|04||4|||21|01|0636|131|1|3|1886.64|1886.64|979.66|0.00|0.00|PR1|CO45||906.98|906.98||0.00|0.00|90.86|146.22|146.22|669.90|669.90|0.00|0.00|0.00|979.66|0.00|0.00|0.00||N|||W000000656|P|W000000656|0|1|0.00|||2|11||1886.64||||||||1||11|2000000086|N|0.00|0.00|11|21|7||20260521|20260523|TC|51||N||||||K57.30|||Z00.00|F41.9||||||80061|||||||146.22|0.00|90.86|N|||AETNA
002026060100000383|1234567|0987654|N|001|AC123456|03|P|Y||PPO|03|PKG0042|PPO001|N|F|W000000028|Brown|Oliver|M|19870116|41574|GA|EC||W000000664|W000000664|Brown|Daniel|M|CH|20120818|202606010000383|ACAS2026060100000383||TCN2026060100000383|SRC2026060100000383|002026060100000383|NY0001|NY0001||2|100000105|DR Rodriguez MD|2|100000105|PV000105|DR Rodriguez MD|4409 MEDICAL PLAZA||AZ MEDICAL CTR|AZ|68470|1|50|P|N|20260521|20260528|20260422|20260422|20260531||||||99283|51|P|Y|07||N|||24||||1|3|2486.17|2486.17|1744.64|0.00|0.00|PR1|CO45||741.53|741.53||30.00|30.00|20.81|170.18|170.18|520.54|520.54|0.00|0.00|0.00|1744.64|0.00|0.00|0.00||N|||W000000664|P|W000000664|0|0|0.00|||N|50||2486.17||Y|N|Y||||1||50|2000000105|N|0.00|0.00|50|24|||||26|AT||||||||I25.10|M79.3|K57.30|R51|||||||99283|||||||170.18|30.00|20.81|N|||AETNA
002026060100000384|1234567|0987654|N|001|AC123456|03|P|N||PPO|02|PKG0042|PPO001|1|F|W000000169|Moore|Abigail|F|19760326|61368|CO|EF|435355907|W000000169|W000000169|Moore|Abigail|F|EE|19760326|202606010000384|ACAS2026060100000384||TCN2026060100000384|SRC2026060100000384|002026060100000384|NY0001|NY0001||2|100000270|DR Wilson MD|2|100000270|PV000270|DR Wilson MD|9932 MEDICAL PLAZA||NY MEDICAL CTR|NY|77968|1|50|P|P|20260512|20260519|20260327|20260327|20260520||||||99395|95|P|Y|04||2|||12||||2|3|1933.48|1933.48|1933.48|0.00|0.00||CO45||0.00|0.00||0.00|0.00|0.00|0.00|0.00|0.00|0.00|0.00|0.00|0.00|0.00|0.00|0.00|0.00||N|||W000000169|D|W000000169|0|0|0.00|||1|50||1933.48||||||||1||50|2000000270|N|0.00|0.00|50|12|||||26|50||||||||M17.11|Z87.891|||||||||99395|||||||0.00|0.00|0.00|N|||AETNA
002026060100000385|1234567|0987654|N|001|AC123456|03|P|N||PPO|03|PKG0042|PPO001|3|F|W000000023|Garcia|Benjamin|M|19690918|99439|GA|EC|817871947|W000000023|W000000023|Garcia|Benjamin|M|EE|19690918|202606010000385|ACAS2026060100000385||TCN2026060100000385|SRC2026060100000385|002026060100000385|NY0001|NY0001||2|100000116|DR Martin MD|2|100000116|PV000116|DR Martin MD|2785 MEDICAL PLAZA||NJ MEDICAL CTR|NJ|89246|1|11|P|P|20260506|20260517|20260304|20260304|20260520||||||99203||P|Y|07||4|||32||||2|2|322.10|322.10|322.10|0.00|0.00||CO45||0.00|0.00||0.00|0.00|0.00|0.00|0.00|0.00|0.00|0.00|0.00|0.00|0.00|0.00|0.00|0.00||N|||W000000023|D|W000000023|0|0|0.00|||3|11||322.10||||||||1||11|2000000116|N|0.00|0.00|11|32|||||25|||||||||I25.10|R51|G43.909|E11.9|||||||99203|||||||0.00|0.00|0.00|N|||AETNA
002026060100000386|1234567|0987654|N|001|AC123456|01|I|N||PPO|03|PKG0042|PPO001|2|F|W000000086|Wilson|Harper|F|19601102|17226|WA|EE|358595649|W000000086|W000000086|Wilson|Harper|F|EE|19601102|202606010000386|ACAS2026060100000386||TCN2026060100000386|SRC2026060100000386|002026060100000386|NY0001|NY0001||2|100000071|DR Miller MD|2|100000071|PV000071|DR Miller MD|6683 MEDICAL PLAZA||WA MEDICAL CTR|WA|49139|4|11|P|P|20260511|20260529|20260411|20260414|20260602||||10|293|90834|51|I|Y|08||S|||12|03|0636|211|2|1|436.61|436.61|265.73|0.00|0.00|PR1|CO45||170.88|170.88||30.00|30.00|33.62|19.87|19.87|87.39|87.39|0.00|0.00|0.00|265.73|0.00|0.00|0.00||N|||W000000086|P|W000000086|0|1|0.00|||2|11||436.61||Y||||||1||11|2000000071|N|0.00|0.00|11|12|1|1|20260411|20260414|TC|||||||||I50.9||||||||||90834|||||||19.87|30.00|33.62|N|1||AETNA
002026060100000387|1234567|0987654|N|001|AC123456|03|P|Y||PPO|01|PKG0042|PPO001|N|F|W000000048|Williams|Aria|F|19741205|23447|GA|EC|589646414|W000000048|W000000048|Williams|Aria|F|EE|19741205|202606010000387|ACAS2026060100000387||TCN2026060100000387|SRC2026060100000387|002026060100000387|NY0001|NY0001||2|100000169|DR Rodriguez MD|2|100000169|PV000169|DR Rodriguez MD|280 MEDICAL PLAZA||PA MEDICAL CTR|PA|24605|1|04|P|N|20260510|20260528|20260406|20260406|20260601||||||36415||P|Y|03||1|||13||||3|2|3107.82|3107.82|1559.50|0.00|0.00|PR1|CO45||1548.32|1548.32||30.00|30.00|449.03|139.53|139.53|929.76|929.76|0.00|0.00|0.00|1559.50|0.00|0.00|0.00||N|||W000000048|P|W000000048|0|0|0.00|||N|04||3107.82||N||||||1||04|2000000169|N|0.00|0.00|04|13||||||||Y||||||Z87.891|J18.9||Z12.31|M54.5||||||36415|||||||139.53|30.00|449.03|N|||AETNA
002026060100000388|1234567|0987654|N|001|AC123456|03|P|N||PPO|02|PKG0042|PPO001|3|F|W000000086|Wilson|Harper|F|19601102|17226|WA|EE||W000000582|W000000582|Wilson|Elijah|M|CH|20010921|202606010000388|ACAS2026060100000388||TCN2026060100000388|SRC2026060100000388|002026060100000388|NY0001|NY0001||2|100000098|DR Johnson MD|2|100000098|PV000098|DR Johnson MD|4885 MEDICAL PLAZA||PA MEDICAL CTR|PA|78131|1|08|P|P|20260423|20260519|20260317|20260317|20260521||||||80053|59|P|Y|03||S|||21||||1|1|816.45|816.45|816.45|0.00|0.00||CO45||0.00|0.00||40.00|40.00|0.00|0.00|0.00|0.00|0.00|0.00|0.00|0.00|0.00|0.00|0.00|0.00||N|||W000000582|D|W000000582|0|0|0.00|||3|08||816.45|||N|N||||1||08|2000000098|N|0.00|0.00|08|21|||||59|59||||||||J06.9|Z00.00|Z87.891||||||||80053|||||||0.00|40.00|0.00|N|||AETNA
002026060100000389|1234567|0987654|N|001|AC123456|03|P|N||PPO|03|PKG0042|PPO001|1|F|W000000017|Thomas|Riley|F|19820727|48736|PA|ES||W000000625|W000000625|Thomas|Zoey|F|CH|20030517|202606010000389|ACAS2026060100000389||TCN2026060100000389|SRC2026060100000389|002026060100000389|NY0001|NY0001||2|100000268|DR Lopez MD|2|100000268|PV000268|DR Lopez MD|9162 MEDICAL PLAZA||WA MEDICAL CTR|WA|85796|1|38|P|P|20260520|20260529|20260312|20260312|20260601||||||85025||P|Y|07||4|||32||||1|3|529.81|529.81|347.89|0.00|0.00|PR1|CO45||181.92|181.92||75.00|75.00|30.10|16.69|16.69|60.13|60.13|0.00|0.00|0.00|347.89|0.00|0.00|0.00||N|||W000000625|P|W000000625|0|0|0.00|||1|38||529.81||N||||||1||38|2000000268|N|0.00|0.00|38|32|||||TC|GT||||||||R05|F41.9|||||||||85025|||||||16.69|75.00|30.10|N|||AETNA
002026060100000390|1234567|0987654|N|001|AC123456|01|I|N||PPO|02|PKG0042|PPO001|2|F|W000000108|Perez|Scarlett|F|19620926|81815|NY|EF|888176578|W000000108|W000000108|Perez|Scarlett|F|EE|19620926|202606010000390|ACAS2026060100000390||TCN2026060100000390|SRC2026060100000390|002026060100000390|NY0001|NY0001||2|100000273|DR Taylor MD|2|100000273|PV000273|DR Taylor MD|7488 MEDICAL PLAZA||WA MEDICAL CTR|WA|27021|4|03|P|P|20260422|20260515|20260504|20260505|20260516||||14|195|99213||I|Y|04||2|||31|03|0900|212|1|3|1224.88|1224.88|1224.88|0.00|0.00||CO45||0.00|0.00||50.00|50.00|0.00|0.00|0.00|0.00|0.00|0.00|0.00|0.00|0.00|0.00|0.00|0.00||N|||W000000108|D|W000000108|0|1|0.00|||2|03||1224.88||||||||1||03|2000000273|N|0.00|0.00|03|31||9|20260504|20260505|59|95||||||||M79.3|R51|||R05||||||99213|||||||0.00|50.00|0.00|N|9||AETNA
002026060100000391|1234567|0987654|N|001|AC123456|03|P|N||PPO|01|PKG0042|PPO001|3|F|W000000195|Davis|Zoey|F|19701128|43724|FL|EC||W000000523|W000000523|Davis|Avery|F|CH|20170617|202606010000391|ACAS2026060100000391||TCN2026060100000391|SRC2026060100000391|002026060100000391|NY0001|NY0001||2|100000092|DR Ramirez MD|2|100000092|PV000092|DR Ramirez MD|8890 MEDICAL PLAZA||TX MEDICAL CTR|TX|80862|1|02|P|P|20260524|20260529|20260304|20260304|20260601||||||99283|TC|P|Y|06||N|||22||||1|3|1565.88|1565.88|1047.95|0.00|0.00|PR1|CO45||517.93|517.93||30.00|30.00|36.36|75.00|75.00|376.57|376.57|0.00|0.00|0.00|1047.95|0.00|0.00|0.00||N|||W000000523|P|W000000523|0|0|0.00|||3|02||1565.88||||||||1||02|2000000092|N|0.00|0.00|02|22|||||TC|51|Y|||||||Z23|J45.909||I25.10|||||||99283|||||||75.00|30.00|36.36|N|||AETNA
002026060100000392|1234567|0987654|N|001|AC123456|03|P|N||PPO|02|PKG0042|PPO001|1|F|W000000126|Thomas|Aria|F|19640507|11709|MI|EF|910469907|W000000126|W000000126|Thomas|Aria|F|EE|19640507|202606010000392|ACAS2026060100000392||TCN2026060100000392|SRC2026060100000392|002026060100000392|NY0001|NY0001||2|100000159|DR Walker MD|2|100000159|PV000159|DR Walker MD|4430 MEDICAL PLAZA||GA MEDICAL CTR|GA|49386|1|09|P|P|20260501|20260513|20260413|20260413|20260514||||||97110||P|Y|01||S|||32||||2|1|409.23|409.23|184.28|0.00|0.00|PR1|CO45||224.95|224.95||30.00|30.00|65.06|26.41|26.41|103.48|103.48|0.00|0.00|0.00|184.28|0.00|0.00|0.00||N|||W000000126|P|W000000126|0|0|0.00|||1|09||409.23||||||||1||09|2000000159|N|0.00|0.00|09|32|||||TC|25||||||||Z12.31||||||||||97110|||||||26.41|30.00|65.06|N|||AETNA
002026060100000393|1234567|0987654|N|001|AC123456|01|I|N||PPO|03|PKG0042|PPO001|2|F|W000000258|Martinez|Sebastian|M|19740402|98983|CO|EC|945378374|W000000258|W000000258|Martinez|Sebastian|M|EE|19740402|202606010000393|ACAS2026060100000393||TCN2026060100000393|SRC2026060100000393|002026060100000393|NY0001|NY0001||2|100000296|DR Davis MD|2|100000296|PV000296|DR Davis MD|5724 MEDICAL PLAZA||FL MEDICAL CTR|FL|73058|4|11|P|P|20260510|20260519|20260309|20260311|20260522||||11|871|99291|AT|I|Y|08||F|||21|01|0900|132|1|1|801.53|801.53|228.86|0.00|0.00|PR1|CO45||572.67|572.67||50.00|50.00|101.77|94.74|94.74|326.16|326.16|0.00|0.00|0.00|228.86|0.00|0.00|0.00||N|||W000000258|P|W000000258|0|1|0.00|||2|11||801.53||Y||||||1||11|2000000296|N|0.00|0.00|11|21|2|4|20260309|20260311|51|AT||||||||S93.401|J06.9|I10||||||||99291|||||||94.74|50.00|101.77|N|4||AETNA
002026060100000394|1234567|0987654|N|001|AC123456|01|I|N||PPO|01|PKG0042|PPO001|2|F|W000000034|Anderson|Aria|F|19690901|73098|TX|EF||W000000420|W000000420|Anderson|Avery|F|SP|19810412|202606010000394|ACAS2026060100000394||TCN2026060100000394|SRC2026060100000394|002026060100000394|NY0001|NY0001||2|100000223|DR Walker MD|2|100000223|PV000223|DR Walker MD|760 MEDICAL PLAZA||AZ MEDICAL CTR|AZ|70529|4|38|P|P|20260515|20260523|20260518|20260520|20260525||||02|292|99291|95|I|Y|02||2|||24|01|0730|132|2|3|1462.02|1462.02|1462.02|0.00|0.00||CO45||0.00|0.00||20.00|20.00|0.00|0.00|0.00|0.00|0.00|0.00|0.00|0.00|0.00|0.00|0.00|0.00||N|||W000000420|D|W000000420|1|1|0.00|||2|38||1462.02||||||||1||38|2000000223|N|0.00|0.00|38|24|4|4|20260518|20260520||AT||||||||S93.401|S93.401|||||||||99291|||||||0.00|20.00|0.00|N|4||AETNA
002026060100000395|1234567|0987654|N|001|AC123456|03|P|Y||PPO|01|PKG0042|PPO001|N|F|W000000172|Gonzalez|Jacob|M|19750518|23996|OH|EE||W000000504|W000000504|Gonzalez|Evelyn|F|SP|19761128|202606010000395|ACAS2026060100000395||TCN2026060100000395|SRC2026060100000395|002026060100000395|NY0001|NY0001||2|100000065|DR Smith MD|2|100000065|PV000065|DR Smith MD|9139 MEDICAL PLAZA||NJ MEDICAL CTR|NJ|63135|1|05|P|N|20260507|20260526|20260519|20260519|20260530||||||80053||P|Y|04||M|||24||||2|1|248.08|248.08|105.70|0.00|0.00|PR1|CO45||142.38|142.38||75.00|75.00|1.07|8.68|8.68|57.63|57.63|0.00|0.00|0.00|105.70|0.00|0.00|0.00||N|||W000000504|P|W000000504|0|0|0.00|||N|05||248.08||Y||||||1||05|2000000065|N|0.00|0.00|05|24||||||50|Y|||||||M54.5|J18.9||Z12.31|||||||80053|||||||8.68|75.00|1.07|N|||AETNA
002026060100000396|1234567|0987654|N|001|AC123456|01|I|N||PPO|02|PKG0042|PPO001|3|F|W000000247|Harris|Ethan|M|19850615|98493|FL|EE||W000000613|W000000613|Harris|Avery|F|CH|20060701|202606010000396|ACAS2026060100000396||TCN2026060100000396|SRC2026060100000396|002026060100000396|NY0001|NY0001||2|100000178|DR Moore MD|2|100000178|PV000178|DR Moore MD|4041 MEDICAL PLAZA||AZ MEDICAL CTR|AZ|92855|4|38|P|P|20260428|20260525|20260313|20260315|20260528||||14|379|99232|GT|I|Y|03||F|||23|05|0636|131|3|2|672.16|672.16|263.66|0.00|0.00|PR1|CO45||408.50|408.50||50.00|50.00|108.12|47.04|47.04|203.34|203.34|0.00|0.00|0.00|263.66|0.00|0.00|0.00||N|||W000000613|P|W000000613|0|1|0.00|||3|38||672.16||||N||||1||38|2000000178|N|0.00|0.00|38|23||1|20260313|20260315|51|AT||||||||F32.9||J06.9||||||||99232|||||||47.04|50.00|108.12|N|1||AETNA
002026060100000397|1234567|0987654|N|001|AC123456|03|P|Y||PPO|01|PKG0042|PPO001|N|F|W000000032|Harris|Sebastian|M|19880405|23508|MI|EE|680732359|W000000032|W000000032|Harris|Sebastian|M|EE|19880405|202606010000397|ACAS2026060100000397||TCN2026060100000397|SRC2026060100000397|002026060100000397|NY0001|NY0001||2|100000186|DR Sanchez MD|2|100000186|PV000186|DR Sanchez MD|2038 MEDICAL PLAZA||PA MEDICAL CTR|PA|82683|1|06|P|N|20260426|20260517|20260331|20260331|20260520||||||36415|51|P|Y|02||N|||32||||1|2|257.95|257.95|176.15|0.00|0.00|PR1|CO45||81.80|81.80||50.00|50.00|15.84|2.68|2.68|13.28|13.28|0.00|0.00|0.00|176.15|0.00|0.00|0.00||N|||W000000032|P|W000000032|0|0|0.00|||N|06||257.95||||||||1||06|2000000186|N|0.00|0.00|06|32|||||50|GT||||||||I25.10||||||||||36415|||||||2.68|50.00|15.84|N|||AETNA
002026060100000398|1234567|0987654|N|001|AC123456|03|P|Y||PPO|02|PKG0042|PPO001|N|F|W000000138|Thompson|Lucas|M|19860210|21496|GA|EF|789268436|W000000138|W000000138|Thompson|Lucas|M|EE|19860210|202606010000398|ACAS2026060100000398||TCN2026060100000398|SRC2026060100000398|002026060100000398|NY0001|NY0001||2|100000197|DR Jones MD|2|100000197|PV000197|DR Jones MD|7094 MEDICAL PLAZA||IL MEDICAL CTR|IL|73439|1|02|P|N|20260421|20260517|20260513|20260513|20260518||||||36415|26|P|Y|01||4|||13||||2|2|288.29|288.29|214.82|0.00|0.00|PR1|CO45||73.47|73.47||20.00|20.00|16.82|7.91|7.91|28.74|28.74|0.00|0.00|0.00|214.82|0.00|0.00|0.00||N|||W000000138|P|W000000138|0|0|0.00|||N|02||288.29||N|Y|N||||1||02|2000000197|N|0.00|0.00|02|13|||||95|||||||||S93.401|J06.9|F41.9||||||||36415|||||||7.91|20.00|16.82|N|||AETNA
002026060100000399|1234567|0987654|N|001|AC123456|03|P|N||PPO|02|PKG0042|PPO001|1|F|W000000197|Rodriguez|Sebastian|M|19830822|17567|OH|EC|338414928|W000000197|W000000197|Rodriguez|Sebastian|M|EE|19830822|202606010000399|ACAS2026060100000399||TCN2026060100000399|SRC2026060100000399|002026060100000399|NY0001|NY0001||2|100000008|DR Davis MD|2|100000008|PV000008|DR Davis MD|6558 MEDICAL PLAZA||GA MEDICAL CTR|GA|50232|1|08|P|P|20260509|20260528|20260312|20260312|20260529||||||93000||P|Y|08||F|||13||||1|3|412.14|412.14|219.64|0.00|0.00|PR1|CO45||192.50|192.50||40.00|40.00|45.28|19.66|19.66|87.56|87.56|0.00|0.00|0.00|219.64|0.00|0.00|0.00||N|||W000000197|P|W000000197|0|0|0.00|||1|08||412.14||||||||1||08|2000000008|N|0.00|0.00|08|13||||||||||||||R05|Z12.31|K57.30||||||||93000|||||||19.66|40.00|45.28|N|||AETNA
002026060100000400|1234567|0987654|N|001|AC123456|03|P|N||PPO|03|PKG0042|PPO001|2|F|W000000218|Lopez|Charlotte|F|19840610|97904|VA|ES|192403324|W000000218|W000000218|Lopez|Charlotte|F|EE|19840610|202606010000400|ACAS2026060100000400||TCN2026060100000400|SRC2026060100000400|002026060100000400|NY0001|NY0001||2|100000090|DR Sanchez MD|2|100000090|PV000090|DR Sanchez MD|3702 MEDICAL PLAZA||FL MEDICAL CTR|FL|12989|1|50|P|P|20260515|20260521|20260519|20260519|20260522||||||93000||P|Y|03||1|||99||||1|1|997.80|997.80|703.69|0.00|0.00|PR1|CO45||294.11|294.11||50.00|50.00|37.10|29.38|29.38|177.63|177.63|0.00|0.00|0.00|703.69|0.00|0.00|0.00||N|||W000000218|P|W000000218|0|0|0.00|||2|50||997.80||Y||||||1||50|2000000090|N|0.00|0.00|50|99|||||59|||||||||S93.401|M54.5|||||||||93000|||||||29.38|50.00|37.10|N|||AETNA
002026060100000401|1234567|0987654|N|001|AC123456|03|P|N||PPO|02|PKG0042|PPO001|3|F|W000000399|Rodriguez|James|M|19711107|76415|GA|EE||W000000699|W000000699|Rodriguez|Oliver|M|CH|20091013|202606010000401|ACAS2026060100000401||TCN2026060100000401|SRC2026060100000401|002026060100000401|NY0001|NY0001||2|100000257|DR Smith MD|2|100000257|PV000257|DR Smith MD|535 MEDICAL PLAZA||OH MEDICAL CTR|OH|73225|1|02|P|P|20260430|20260513|20260331|20260331|20260515||||||90834|25|P|Y|01||2|||23||||3|1|505.87|505.87|288.91|0.00|0.00|PR1|CO45||216.96|216.96||0.00|0.00|51.98|35.17|35.17|129.81|129.81|0.00|0.00|0.00|288.91|0.00|0.00|0.00||N|||W000000699|P|W000000699|0|0|0.00|||3|02||505.87||Y|N|Y||||1||02|2000000257|N|0.00|0.00|02|23|||||TC|25||||||||E11.9|G47.33|Z12.31||||||||90834|||||||35.17|0.00|51.98|N|||AETNA
002026060100000402|1234567|0987654|N|001|AC123456|01|I|N||PPO|01|PKG0042|PPO001|2|F|W000000375|Jackson|Amelia|F|19730909|82430|NY|EE||W000000545|W000000545|Jackson|Jackson|M|CH|20211209|202606010000402|ACAS2026060100000402||TCN2026060100000402|SRC2026060100000402|002026060100000402|NY0001|NY0001||2|100000073|DR Rodriguez MD|2|100000073|PV000073|DR Rodriguez MD|7905 MEDICAL PLAZA||OH MEDICAL CTR|OH|99399|4|38|P|P|20260502|20260527|20260510|20260514|20260528||||04|379|93000|95|I|Y|08||F|||13|01|0636|131|3|1|383.31|383.31|244.60|0.00|0.00|PR1|CO45||138.71|138.71||20.00|20.00|39.01|14.16|14.16|65.54|65.54|0.00|0.00|0.00|244.60|0.00|0.00|0.00||N|||W000000545|P|W000000545|0|1|0.00|||2|38||383.31||Y||||||1||38|2000000073|N|0.00|0.00|38|13||2|20260510|20260514|26|95||||||||G47.33|E11.9|||||||||93000|||||||14.16|20.00|39.01|N|2||AETNA
002026060100000403|1234567|0987654|N|001|AC123456|03|P|Y||PPO|02|PKG0042|PPO001|N|F|W000000225|Ramirez|Aiden|M|19720528|34909|FL|EF|520768375|W000000225|W000000225|Ramirez|Aiden|M|EE|19720528|202606010000403|ACAS2026060100000403||TCN2026060100000403|SRC2026060100000403|002026060100000403|NY0001|NY0001||2|100000090|DR Sanchez MD|2|100000090|PV000090|DR Sanchez MD|408 MEDICAL PLAZA||MA MEDICAL CTR|MA|93886|1|50|P|N|20260512|20260518|20260521|20260521|20260522||||||99213|26|P|Y|07||1|||13||||1|1|694.94|694.94|202.80|0.00|0.00|PR1|CO45||492.14|492.14||40.00|40.00|25.42|54.04|54.04|372.68|372.68|0.00|0.00|0.00|202.80|0.00|0.00|0.00||N|||W000000225|P|W000000225|0|0|0.00|||N|50||694.94||||||||1||50|2000000090|N|0.00|0.00|50|13|||||25|50||||||||E78.5||K21.0||||||||99213|||||||54.04|40.00|25.42|N|||AETNA
002026060100000404|1234567|0987654|N|001|AC123456|03|P|N||PPO|01|PKG0042|PPO001|1|F|W000000352|Williams|Harper|F|19710926|36114|CA|EE||W000000681|W000000681|Williams|Elizabeth|F|SP|19811119|202606010000404|ACAS2026060100000404||TCN2026060100000404|SRC2026060100000404|002026060100000404|NY0001|NY0001||2|100000097|DR Smith MD|2|100000097|PV000097|DR Smith MD|4273 MEDICAL PLAZA||OH MEDICAL CTR|OH|42946|1|07|P|P|20260521|20260528|20260320|20260320|20260601||||||97110|95|P|Y|01||N|||12||||3|3|250.91|250.91|77.78|0.00|0.00|PR1|CO45||173.13|173.13||30.00|30.00|39.69|19.08|19.08|84.36|84.36|0.00|0.00|0.00|77.78|0.00|0.00|0.00||N|||W000000681|P|W000000681|0|0|0.00|||1|07||250.91||Y||||||1||07|2000000097|N|0.00|0.00|07|12|||||95|GT||||||||E11.9|Z87.891|||||||||97110|||||||19.08|30.00|39.69|N|||AETNA
002026060100000405|1234567|0987654|N|001|AC123456|01|I|N||PPO|03|PKG0042|PPO001|2|F|W000000350|Young|Jackson|M|19940409|90775|IL|EE|838764796|W000000350|W000000350|Young|Jackson|M|EE|19940409|202606010000405|ACAS2026060100000405||TCN2026060100000405|SRC2026060100000405|002026060100000405|NY0001|NY0001||2|100000054|DR Perez MD|2|100000054|PV000054|DR Perez MD|7302 MEDICAL PLAZA||VA MEDICAL CTR|VA|45717|4|09|P|P|20260421|20260516|20260316|20260319|20260520||||02|293|82947|95|I|Y|03||A|||12|07|0450|111|3|2|957.65|957.65|326.11|0.00|0.00|PR1|CO45||631.54|631.54||50.00|50.00|58.31|126.75|126.75|396.48|396.48|0.00|0.00|0.00|326.11|0.00|0.00|0.00||N|||W000000350|P|W000000350|0|1|0.00|||2|09||957.65||||||||1||09|2000000054|N|0.00|0.00|09|12|2|1|20260316|20260319|25|50||||||||K57.30||||||||||82947|||||||126.75|50.00|58.31|N|1||AETNA
002026060100000406|1234567|0987654|N|001|AC123456|01|I|N||PPO|02|PKG0042|PPO001|2|F|W000000351|Jones|Sofia|F|19680308|52206|NC|EE|534814198|W000000351|W000000351|Jones|Sofia|F|EE|19680308|202606010000406|ACAS2026060100000406||TCN2026060100000406|SRC2026060100000406|002026060100000406|NY0001|NY0001||2|100000047|DR Anderson MD|2|100000047|PV000047|DR Anderson MD|6284 MEDICAL PLAZA||NY MEDICAL CTR|NY|52726|4|02|P|P|20260522|20260528|20260519|20260520|20260529||||12|378|93000||I|Y|07||F|||12|02|0110|111|1|2|1740.07|1740.07|683.90|0.00|0.00|PR1|CO45||1056.17|1056.17||30.00|30.00|101.87|190.25|190.25|734.05|734.05|0.00|0.00|0.00|683.90|0.00|0.00|0.00||N|||W000000351|P|W000000351|0|1|0.00|||2|02||1740.07|||Y|Y||||1||02|2000000047|N|0.00|0.00|02|12|5|2|20260519|20260520|26|26|N|||||||J44.1|G47.33|K21.0|N39.0|||||||93000|||||||190.25|30.00|101.87|N|2||AETNA
002026060100000407|1234567|0987654|N|001|AC123456|03|P|N||PPO|03|PKG0042|PPO001|3|F|W000000304|Walker|Logan|M|19931112|85991|MI|EF|724856655|W000000304|W000000304|Walker|Logan|M|EE|19931112|202606010000407|ACAS2026060100000407||TCN2026060100000407|SRC2026060100000407|002026060100000407|NY0001|NY0001||2|100000105|DR Rodriguez MD|2|100000105|PV000105|DR Rodriguez MD|5559 MEDICAL PLAZA||AZ MEDICAL CTR|AZ|73163|1|50|P|P|20260428|20260526|20260520|20260520|20260527||||||80061||P|Y|05||B|||99||||1|2|621.84|621.84|418.48|0.00|0.00|PR1|CO45||203.36|203.36||75.00|75.00|25.18|14.94|14.94|88.24|88.24|0.00|0.00|0.00|418.48|0.00|0.00|0.00||N|||W000000304|P|W000000304|0|0|0.00|||3|50||621.84||N|Y|||||1||50|2000000105|N|0.00|0.00|50|99|||||50|TC||||||||I10|I10|||||||||80061|||||||14.94|75.00|25.18|N|||AETNA
002026060100000408|1234567|0987654|N|001|AC123456|01|I|N||PPO|01|PKG0042|PPO001|3|F|W000000101|Thompson|Sofia|F|19690716|17417|FL|EC|390402493|W000000101|W000000101|Thompson|Sofia|F|EE|19690716|202606010000408|ACAS2026060100000408||TCN2026060100000408|SRC2026060100000408|002026060100000408|NY0001|NY0001||2|100000263|DR Miller MD|2|100000263|PV000263|DR Miller MD|3390 MEDICAL PLAZA||CA MEDICAL CTR|CA|77522|4|08|P|P|20260430|20260523|20260405|20260406|20260526||||11|871|90847||I|Y|07||M|||99|05|0636|112|3|3|559.89|559.89|406.38|0.00|0.00|PR1|CO45||153.51|153.51||20.00|20.00|39.78|19.37|19.37|74.36|74.36|0.00|0.00|0.00|406.38|0.00|0.00|0.00||N|||W000000101|P|W000000101|0|1|0.00|||3|08||559.89||||||||1||08|2000000263|N|0.00|0.00|08|99|7|4|20260405|20260406|GT|51||||||||G47.33|Z79.899|||||||||90847|||||||19.37|20.00|39.78|N|4||AETNA
002026060100000409|1234567|0987654|N|001|AC123456|03|P|N||PPO|02|PKG0042|PPO001|3|F|W000000132|Hernandez|Charlotte|F|19900808|37879|CA|ES||W000000655|W000000655|Hernandez|Mason|M|CH|20040913|202606010000409|ACAS2026060100000409||TCN2026060100000409|SRC2026060100000409|002026060100000409|NY0001|NY0001||2|100000001|DR Smith MD|2|100000001|PV000001|DR Smith MD|3528 MEDICAL PLAZA||AZ MEDICAL CTR|AZ|37429|1|01|P|P|20260503|20260524|20260525|20260525|20260525||||||90847|51|P|Y|01||M|||32||||1|2|913.63|913.63|386.52|0.00|0.00|PR1|CO45||527.11|527.11||30.00|30.00|3.49|70.29|70.29|423.33|423.33|0.00|0.00|0.00|386.52|0.00|0.00|0.00||N|||W000000655|P|W000000655|0|0|0.00|||3|01||913.63||N||||||1||01|2000000001|N|0.00|0.00|01|32|||||59|||||||||K21.0|K57.30|||||||||90847|||||||70.29|30.00|3.49|N|||AETNA
002026060100000410|1234567|0987654|N|001|AC123456|03|P|Y||PPO|02|PKG0042|PPO001|N|F|W000000010|Clark|Elizabeth|F|19861125|41872|CA|EC|526116411|W000000010|W000000010|Clark|Elizabeth|F|EE|19861125|202606010000410|ACAS2026060100000410||TCN2026060100000410|SRC2026060100000410|002026060100000410|NY0001|NY0001||2|100000085|DR Lee MD|2|100000085|PV000085|DR Lee MD|4162 MEDICAL PLAZA||MA MEDICAL CTR|MA|21348|1|10|P|N|20260510|20260528|20260325|20260325|20260531||||||99395|AT|P|Y|04||4|||32||||2|3|118.61|118.61|50.87|0.00|0.00|PR1|CO45||67.74|67.74||0.00|0.00|8.82|10.69|10.69|48.23|48.23|0.00|0.00|0.00|50.87|0.00|0.00|0.00||N|||W000000010|P|W000000010|0|0|0.00|||N|10||118.61|||Y|||||1||10|2000000085|N|0.00|0.00|10|32|||||59||N|||||||I50.9|J06.9||Z87.891|||||||99395|||||||10.69|0.00|8.82|N|||AETNA
002026060100000411|1234567|0987654|N|001|AC123456|03|P|N||PPO|01|PKG0042|PPO001|3|F|W000000122|Martin|Amelia|F|19920427|52407|OH|EE|855198852|W000000122|W000000122|Martin|Amelia|F|EE|19920427|202606010000411|ACAS2026060100000411||TCN2026060100000411|SRC2026060100000411|002026060100000411|NY0001|NY0001||2|100000019|DR Jackson MD|2|100000019|PV000019|DR Jackson MD|7029 MEDICAL PLAZA||FL MEDICAL CTR|FL|21143|1|04|P|P|20260512|20260519|20260311|20260311|20260520||||||85025|AT|P|Y|07||N|||23||||2|2|1049.74|1049.74|593.41|0.00|0.00|PR1|CO45||456.33|456.33||20.00|20.00|93.10|61.43|61.43|281.80|281.80|0.00|0.00|0.00|593.41|0.00|0.00|0.00||N|||W000000122|P|W000000122|0|0|0.00|||3|04||1049.74||Y|Y|||||1||04|2000000019|N|0.00|0.00|04|23||||||||||||||J44.1|F41.9|E78.5||J44.1||||||85025|||||||61.43|20.00|93.10|N|||AETNA
002026060100000412|1234567|0987654|N|001|AC123456|03|P|N||PPO|01|PKG0042|PPO001|3|F|W000000161|Robinson|David|M|19711227|71143|VA|EF|875553833|W000000161|W000000161|Robinson|David|M|EE|19711227|202606010000412|ACAS2026060100000412||TCN2026060100000412|SRC2026060100000412|002026060100000412|NY0001|NY0001||2|100000169|DR Rodriguez MD|2|100000169|PV000169|DR Rodriguez MD|7052 MEDICAL PLAZA||MA MEDICAL CTR|MA|28643|1|04|P|P|20260516|20260531|20260325|20260325|20260604||||||99213|GT|P|Y|06||A|||12||||3|2|9289.16|9289.16|4771.44|0.00|0.00|PR1|CO45||4517.72|4517.72||20.00|20.00|149.65|596.16|596.16|3751.91|3751.91|0.00|0.00|0.00|4771.44|0.00|0.00|0.00||N|||W000000161|P|W000000161|0|0|0.00|||3|04||9289.16|||N|||||1||04|2000000169|N|0.00|0.00|04|12||||||25||||||||E11.65|J30.9|||||||||99213|||||||596.16|20.00|149.65|N|||AETNA
002026060100000413|1234567|0987654|N|001|AC123456|03|P|N||PPO|01|PKG0042|PPO001|3|F|W000000196|Moore|Aria|F|19821002|12198|MA|EF|637373722|W000000196|W000000196|Moore|Aria|F|EE|19821002|202606010000413|ACAS2026060100000413||TCN2026060100000413|SRC2026060100000413|002026060100000413|NY0001|NY0001||2|100000076|DR Lopez MD|2|100000076|PV000076|DR Lopez MD|8245 MEDICAL PLAZA||MI MEDICAL CTR|MI|27202|1|01|P|P|20260418|20260513|20260508|20260508|20260515||||||80053|GT|P|Y|01||A|||32||||3|1|599.28|599.28|302.89|0.00|0.00|PR1|CO45||296.39|296.39||50.00|50.00|70.44|26.78|26.78|149.17|149.17|0.00|0.00|0.00|302.89|0.00|0.00|0.00||N|||W000000196|P|W000000196|0|0|0.00|||3|01||599.28|||Y|||||1||01|2000000076|N|0.00|0.00|01|32|||||51|50||||||||J06.9|K21.0|||||||||80053|||||||26.78|50.00|70.44|N|||AETNA
002026060100000414|1234567|0987654|N|001|AC123456|03|P|N||PPO|03|PKG0042|PPO001|2|F|W000000093|Gonzalez|Oliver|M|19690607|34871|MI|EC|513185973|W000000093|W000000093|Gonzalez|Oliver|M|EE|19690607|202606010000414|ACAS2026060100000414||TCN2026060100000414|SRC2026060100000414|002026060100000414|NY0001|NY0001||2|100000238|DR Wilson MD|2|100000238|PV000238|DR Wilson MD|5096 MEDICAL PLAZA||GA MEDICAL CTR|GA|16297|1|38|P|P|20260504|20260531|20260511|20260511|20260604||||||99396|59|P|Y|05||1|||32||||3|1|601.09|601.09|378.71|0.00|0.00|PR1|CO45||222.38|222.38||30.00|30.00|62.84|31.26|31.26|98.28|98.28|0.00|0.00|0.00|378.71|0.00|0.00|0.00||N|||W000000093|P|W000000093|0|0|0.00|||2|38||601.09||N||||||1||38|2000000238|N|0.00|0.00|38|32|||||59|||||||||E66.9|J06.9|||||||||99396|||||||31.26|30.00|62.84|N|||AETNA
002026060100000415|1234567|0987654|N|001|AC123456|01|I|Y||PPO|03|PKG0042|PPO001|N|F|W000000013|Lopez|Isabella|F|19690106|99591|IL|EC|990326186|W000000013|W000000013|Lopez|Isabella|F|EE|19690106|202606010000415|ACAS2026060100000415||TCN2026060100000415|SRC2026060100000415|002026060100000415|NY0001|NY0001||2|100000176|DR Thomas MD|2|100000176|PV000176|DR Thomas MD|4072 MEDICAL PLAZA||VA MEDICAL CTR|VA|41760|4|11|P|N|20260509|20260525|20260331|20260402|20260528||||05|379|99396||I|Y|03||F|||99|02|0900|212|2|1|1251.46|1251.46|742.01|0.00|0.00|PR1|CO45||509.45|509.45||20.00|20.00|13.90|65.43|65.43|410.12|410.12|0.00|0.00|0.00|742.01|0.00|0.00|0.00||N|||W000000013|P|W000000013|0|1|0.00|||N|11||1251.46||N||||||1||11|2000000176|N|0.00|0.00|11|99|7|2|20260331|20260402|AT|50|Y|||||||R05|||E11.65|||||||99396|||||||65.43|20.00|13.90|N|2||AETNA
002026060100000416|1234567|0987654|N|001|AC123456|03|P|N||PPO|01|PKG0042|PPO001|2|F|W000000377|Miller|Chloe|F|19620322|30596|MI|EC||W000000475|W000000475|Miller|Ava|F|SP|19850619|202606010000416|ACAS2026060100000416||TCN2026060100000416|SRC2026060100000416|002026060100000416|NY0001|NY0001||2|100000236|DR Lopez MD|2|100000236|PV000236|DR Lopez MD|6621 MEDICAL PLAZA||GA MEDICAL CTR|GA|94681|1|11|P|P|20260419|20260514|20260522|20260522|20260515||||||99395||P|Y|07||M|||11||||1|2|2693.33|2693.33|1456.57|0.00|0.00|PR1|CO45||1236.76|1236.76||20.00|20.00|56.75|255.38|255.38|904.63|904.63|0.00|0.00|0.00|1456.57|0.00|0.00|0.00||N|||W000000475|P|W000000475|0|0|0.00|||2|11||2693.33||Y||||||1||11|2000000236|N|0.00|0.00|11|11|||||TC|||||||||J18.9||M79.3||||||||99395|||||||255.38|20.00|56.75|N|||AETNA
002026060100000417|1234567|0987654|N|001|AC123456|03|P|Y||PPO|02|PKG0042|PPO001|N|F|W000000103|Miller|Aria|F|19670608|12427|WA|EF||W000000679|W000000679|Miller|Mia|F|SP|19671019|202606010000417|ACAS2026060100000417||TCN2026060100000417|SRC2026060100000417|002026060100000417|NY0001|NY0001||2|100000191|DR Walker MD|2|100000191|PV000191|DR Walker MD|6599 MEDICAL PLAZA||NY MEDICAL CTR|NY|83869|1|11|P|N|20260505|20260529|20260412|20260412|20260531||||||99291|26|P|Y|01||A|||13||||1|2|1523.43|1523.43|683.12|0.00|0.00|PR1|CO45||840.31|840.31||40.00|40.00|245.56|111.01|111.01|443.74|443.74|0.00|0.00|0.00|683.12|0.00|0.00|0.00||N|||W000000679|P|W000000679|0|0|0.00|||N|11||1523.43||Y|N|||||1||11|2000000191|N|0.00|0.00|11|13|||||51|GT||||||||I10|K57.30|||||||||99291|||||||111.01|40.00|245.56|N|||AETNA
002026060100000418|1234567|0987654|N|001|AC123456|03|P|N||PPO|01|PKG0042|PPO001|1|F|W000000086|Wilson|Harper|F|19601102|17226|WA|EE|358595649|W000000086|W000000086|Wilson|Harper|F|EE|19601102|202606010000418|ACAS2026060100000418||TCN2026060100000418|SRC2026060100000418|002026060100000418|NY0001|NY0001||2|100000132|DR Brown MD|2|100000132|PV000132|DR Brown MD|6726 MEDICAL PLAZA||CO MEDICAL CTR|CO|10025|1|12|P|P|20260524|20260530|20260419|20260419|20260601||||||80053||P|Y|02||4|||31||||3|3|106.46|106.46|28.97|0.00|0.00|PR1|CO45||77.49|77.49||50.00|50.00|4.60|4.12|4.12|18.77|18.77|0.00|0.00|0.00|28.97|0.00|0.00|0.00||N|||W000000086|P|W000000086|0|0|0.00|||1|12||106.46||||N||||1||12|2000000132|N|0.00|0.00|12|31|||||TC|AT|Y|N||||||J44.1|Z00.00|R05|Z23|J44.1||||||80053|||||||4.12|50.00|4.60|N|||AETNA
002026060100000419|1234567|0987654|N|001|AC123456|03|P|Y||PPO|02|PKG0042|PPO001|N|F|W000000208|Walker|Samuel|M|19770515|99952|IL|EF|223742015|W000000208|W000000208|Walker|Samuel|M|EE|19770515|202606010000419|ACAS2026060100000419||TCN2026060100000419|SRC2026060100000419|002026060100000419|NY0001|NY0001||2|100000259|DR Williams MD|2|100000259|PV000259|DR Williams MD|1661 MEDICAL PLAZA||PA MEDICAL CTR|PA|67689|1|04|P|N|20260427|20260517|20260325|20260325|20260520||||||99203|59|P|Y|08||A|||13||||1|3|1073.72|1073.72|1073.72|0.00|0.00||CO45||0.00|0.00||75.00|75.00|0.00|0.00|0.00|0.00|0.00|0.00|0.00|0.00|0.00|0.00|0.00|0.00||N|||W000000208|D|W000000208|0|0|0.00|||N|04||1073.72||||N||||1||04|2000000259|N|0.00|0.00|04|13|||||59|95||||||||J30.9|Z87.891|Z12.31||||||||99203|||||||0.00|75.00|0.00|N|||AETNA
002026060100000420|1234567|0987654|N|001|AC123456|03|P|N||PPO|03|PKG0042|PPO001|1|F|W000000355|Smith|Mason|M|19770928|70328|FL|ES|871756488|W000000355|W000000355|Smith|Mason|M|EE|19770928|202606010000420|ACAS2026060100000420||TCN2026060100000420|SRC2026060100000420|002026060100000420|NY0001|NY0001||2|100000143|DR Anderson MD|2|100000143|PV000143|DR Anderson MD|4361 MEDICAL PLAZA||OH MEDICAL CTR|OH|16388|1|08|P|P|20260510|20260530|20260510|20260510|20260531||||||36415||P|Y|08||F|||21||||1|3|5920.29|5920.29|2275.87|0.00|0.00|PR1|CO45||3644.42|3644.42||0.00|0.00|1041.06|340.22|340.22|2263.14|2263.14|0.00|0.00|0.00|2275.87|0.00|0.00|0.00||N|||W000000355|P|W000000355|0|0|0.00|||1|08||5920.29||Y|N|Y||||1||08|2000000143|N|0.00|0.00|08|21|||||TC|||||||||I25.10|J30.9|J30.9||||||||36415|||||||340.22|0.00|1041.06|N|||AETNA
002026060100000421|1234567|0987654|N|001|AC123456|03|P|N||PPO|02|PKG0042|PPO001|1|F|W000000294|Davis|Elizabeth|F|19640618|82597|AZ|EE||W000000650|W000000650|Davis|Amelia|F|SP|19840504|202606010000421|ACAS2026060100000421||TCN2026060100000421|SRC2026060100000421|002026060100000421|NY0001|NY0001||2|100000285|DR Lewis MD|2|100000285|PV000285|DR Lewis MD|5328 MEDICAL PLAZA||WA MEDICAL CTR|WA|91202|1|50|P|P|20260426|20260514|20260324|20260324|20260515||||||99283|51|P|Y|04||A|||22||||1|2|1128.99|1128.99|391.19|0.00|0.00|PR1|CO45||737.80|737.80||75.00|75.00|197.57|59.01|59.01|406.22|406.22|0.00|0.00|0.00|391.19|0.00|0.00|0.00||N|||W000000650|P|W000000650|0|0|0.00|||1|50||1128.99||Y||Y||||1||50|2000000285|N|0.00|0.00|50|22||||||TC||||||||Z12.31|F41.9|G47.33||Z12.31||||||99283|||||||59.01|75.00|197.57|N|||AETNA
002026060100000422|1234567|0987654|N|001|AC123456|03|P|N||PPO|02|PKG0042|PPO001|2|F|W000000092|Hernandez|Chloe|F|19681226|88074|CA|EC||W000000486|W000000486|Hernandez|Ava|F|CH|20210807|202606010000422|ACAS2026060100000422||TCN2026060100000422|SRC2026060100000422|002026060100000422|NY0001|NY0001||2|100000299|DR Hernandez MD|2|100000299|PV000299|DR Hernandez MD|7359 MEDICAL PLAZA||CO MEDICAL CTR|CO|24667|1|40|P|P|20260429|20260523|20260329|20260329|20260524||||||99396|TC|P|Y|08||F|||13||||1|1|249.28|249.28|172.81|0.00|0.00|PR1|CO45||76.47|76.47||30.00|30.00|15.04|5.91|5.91|25.52|25.52|0.00|0.00|0.00|172.81|0.00|0.00|0.00||N|||W000000486|P|W000000486|0|0|0.00|||2|40||249.28||Y||||||1||40|2000000299|N|0.00|0.00|40|13||||||GT||||||||I25.10||||||||||99396|||||||5.91|30.00|15.04|N|||AETNA
002026060100000423|1234567|0987654|N|001|AC123456|03|P|N||PPO|03|PKG0042|PPO001|2|F|W000000370|Young|Samuel|M|19920418|88348|AZ|ES||W000000537|W000000537|Young|Scarlett|F|CH|20121109|202606010000423|ACAS2026060100000423||TCN2026060100000423|SRC2026060100000423|002026060100000423|NY0001|NY0001||2|100000177|DR Taylor MD|2|100000177|PV000177|DR Taylor MD|8531 MEDICAL PLAZA||MI MEDICAL CTR|MI|70065|1|12|P|P|20260418|20260515|20260507|20260507|20260518||||||99395|59|P|Y|04||F|||32||||2|2|845.18|845.18|357.88|0.00|0.00|PR1|CO45||487.30|487.30||50.00|50.00|80.61|87.75|87.75|268.94|268.94|0.00|0.00|0.00|357.88|0.00|0.00|0.00||N|||W000000537|P|W000000537|0|0|0.00|||2|12||845.18|||N|||||1||12|2000000177|N|0.00|0.00|12|32|||||||N|||||||J18.9|Z87.891||J06.9|||||||99395|||||||87.75|50.00|80.61|N|||AETNA
002026060100000424|1234567|0987654|N|001|AC123456|03|P|Y||PPO|02|PKG0042|PPO001|N|F|W000000059|Thomas|Sebastian|M|19820304|58215|CO|ES||W000000407|W000000407|Thomas|William|M|CH|20050624|202606010000424|ACAS2026060100000424||TCN2026060100000424|SRC2026060100000424|002026060100000424|NY0001|NY0001||2|100000203|DR Hernandez MD|2|100000203|PV000203|DR Hernandez MD|2083 MEDICAL PLAZA||CA MEDICAL CTR|CA|91129|1|08|P|N|20260509|20260527|20260427|20260427|20260530||||||71046|25|P|Y|02||B|||32||||2|2|223.95|223.95|223.95|0.00|0.00||CO45||0.00|0.00||0.00|0.00|0.00|0.00|0.00|0.00|0.00|0.00|0.00|0.00|0.00|0.00|0.00|0.00||N|||W000000407|D|W000000407|0|0|0.00|||N|08||223.95||||Y||||1||08|2000000203|N|0.00|0.00|08|32||||||AT||||||||F41.9|M79.3|E78.5|K57.30|||||||71046|||||||0.00|0.00|0.00|N|||AETNA
002026060100000425|1234567|0987654|N|001|AC123456|03|P|Y||PPO|01|PKG0042|PPO001|N|F|W000000292|Williams|Mia|F|19651009|50694|CA|ES|350115121|W000000292|W000000292|Williams|Mia|F|EE|19651009|202606010000425|ACAS2026060100000425||TCN2026060100000425|SRC2026060100000425|002026060100000425|NY0001|NY0001||2|100000077|DR Gonzalez MD|2|100000077|PV000077|DR Gonzalez MD|7125 MEDICAL PLAZA||CA MEDICAL CTR|CA|54562|1|02|P|N|20260516|20260529|20260522|20260522|20260602||||||93000|TC|P|Y|03||A|||24||||3|1|1896.72|1896.72|879.67|0.00|0.00|PR1|CO45||1017.05|1017.05||40.00|40.00|200.01|80.65|80.65|696.39|696.39|0.00|0.00|0.00|879.67|0.00|0.00|0.00||N|||W000000292|P|W000000292|0|0|0.00|||N|02||1896.72|||Y|N||||1||02|2000000077|N|0.00|0.00|02|24|||||50|TC||||||||G43.909|M79.3|G43.909||||||||93000|||||||80.65|40.00|200.01|N|||AETNA
002026060100000426|1234567|0987654|N|001|AC123456|03|P|N||PPO|03|PKG0042|PPO001|3|F|W000000140|Rodriguez|Logan|M|19900923|10631|PA|EF|699211199|W000000140|W000000140|Rodriguez|Logan|M|EE|19900923|202606010000426|ACAS2026060100000426||TCN2026060100000426|SRC2026060100000426|002026060100000426|NY0001|NY0001||2|100000245|DR Lee MD|2|100000245|PV000245|DR Lee MD|4019 MEDICAL PLAZA||PA MEDICAL CTR|PA|95892|1|05|P|P|20260414|20260513|20260419|20260419|20260517||||||99204|59|P|Y|08||A|||31||||1|3|295.15|295.15|215.69|0.00|0.00|PR1|CO45||79.46|79.46||75.00|75.00|15.69|0.00|0.00|0.00|0.00|0.00|0.00|0.00|215.69|0.00|0.00|0.00||N|||W000000140|P|W000000140|0|0|0.00|||3|05||295.15||||||||1||05|2000000245|N|0.00|0.00|05|31|||||26|59||||||||M17.11||||||||||99204|||||||0.00|75.00|15.69|N|||AETNA
002026060100000427|1234567|0987654|N|001|AC123456|01|I|Y||PPO|03|PKG0042|PPO001|N|F|W000000296|White|Sofia|F|19601022|35274|PA|EF||W000000606|W000000606|White|Ethan|M|SP|19760404|202606010000427|ACAS2026060100000427||TCN2026060100000427|SRC2026060100000427|002026060100000427|NY0001|NY0001||2|100000202|DR Martinez MD|2|100000202|PV000202|DR Martinez MD|5489 MEDICAL PLAZA||NJ MEDICAL CTR|NJ|38485|4|07|P|N|20260418|20260517|20260505|20260507|20260518||||08|291|99213|51|I|Y|01||M|||31|01|0370|132|1|2|708.47|708.47|708.47|0.00|0.00||CO45||0.00|0.00||0.00|0.00|0.00|0.00|0.00|0.00|0.00|0.00|0.00|0.00|0.00|0.00|0.00|0.00||N|||W000000606|D|W000000606|0|1|0.00|||N|07||708.47||||||||1||07|2000000202|N|0.00|0.00|07|31|5|4|20260505|20260507||50||||||||K57.30||Z12.31||||||||99213|||||||0.00|0.00|0.00|N|4||AETNA
002026060100000428|1234567|0987654|N|001|AC123456|01|I|N||PPO|01|PKG0042|PPO001|2|F|W000000066|Wilson|Nora|F|19730616|33185|PA|EE||W000000563|W000000563|Wilson|Noah|M|CH|20050119|202606010000428|ACAS2026060100000428||TCN2026060100000428|SRC2026060100000428|002026060100000428|NY0001|NY0001||2|100000271|DR Anderson MD|2|100000271|PV000271|DR Anderson MD|7751 MEDICAL PLAZA||NJ MEDICAL CTR|NJ|40043|4|01|P|P|20260422|20260514|20260518|20260522|20260518||||02|392|99283|25|I|Y|07||N|||21|07|0300|132|1|2|320.82|320.82|87.78|0.00|0.00|PR1|CO45||233.04|233.04||50.00|50.00|45.67|33.84|33.84|103.53|103.53|0.00|0.00|0.00|87.78|0.00|0.00|0.00||N|||W000000563|P|W000000563|0|1|0.00|||2|01||320.82||N||||||1||01|2000000271|N|0.00|0.00|01|21|4|9|20260518|20260522|95||Y|||||||Z00.00|F41.9|Z87.891|S93.401|||||||99283|||||||33.84|50.00|45.67|N|9||AETNA
002026060100000429|1234567|0987654|N|001|AC123456|03|P|N||PPO|03|PKG0042|PPO001|1|F|W000000018|Martin|Evelyn|F|19900114|39850|WA|EF|960108678|W000000018|W000000018|Martin|Evelyn|F|EE|19900114|202606010000429|ACAS2026060100000429||TCN2026060100000429|SRC2026060100000429|002026060100000429|NY0001|NY0001||2|100000081|DR Taylor MD|2|100000081|PV000081|DR Taylor MD|2107 MEDICAL PLAZA||CA MEDICAL CTR|CA|40064|1|06|P|P|20260504|20260525|20260410|20260410|20260527||||||99205||P|Y|03||S|||31||||1|2|418.02|418.02|312.79|0.00|0.00|PR1|CO45||105.23|105.23||0.00|0.00|15.90|12.09|12.09|77.24|77.24|0.00|0.00|0.00|312.79|0.00|0.00|0.00||N|||W000000018|P|W000000018|0|0|0.00|||1|06||418.02||N||Y||||1||06|2000000081|N|0.00|0.00|06|31||||||GT||Y||||||E11.65|K57.30|G47.33|R05|M17.11||||||99205|||||||12.09|0.00|15.90|N|||AETNA
002026060100000430|1234567|0987654|N|001|AC123456|03|P|N||PPO|02|PKG0042|PPO001|3|F|W000000374|Lewis|Henry|M|19770205|47833|WA|EF||W000000501|W000000501|Lewis|Logan|M|CH|20081206|202606010000430|ACAS2026060100000430||TCN2026060100000430|SRC2026060100000430|002026060100000430|NY0001|NY0001||2|100000237|DR Gonzalez MD|2|100000237|PV000237|DR Gonzalez MD|3164 MEDICAL PLAZA||CO MEDICAL CTR|CO|38638|1|12|P|P|20260517|20260524|20260409|20260409|20260526||||||99232|AT|P|Y|05||F|||31||||3|3|2352.49|2352.49|1514.07|0.00|0.00|PR1|CO45||838.42|838.42||75.00|75.00|98.03|86.63|86.63|578.76|578.76|0.00|0.00|0.00|1514.07|0.00|0.00|0.00||N|||W000000501|P|W000000501|0|0|0.00|||3|12||2352.49||N||||||1||12|2000000237|N|0.00|0.00|12|31|||||25|95||||||||J44.1||||||||||99232|||||||86.63|75.00|98.03|N|||AETNA
002026060100000431|1234567|0987654|N|001|AC123456|03|P|N||PPO|02|PKG0042|PPO001|1|F|W000000060|Davis|Sophia|F|19790724|80545|MI|EC|918845295|W000000060|W000000060|Davis|Sophia|F|EE|19790724|202606010000431|ACAS2026060100000431||TCN2026060100000431|SRC2026060100000431|002026060100000431|NY0001|NY0001||2|100000142|DR Wilson MD|2|100000142|PV000142|DR Wilson MD|2365 MEDICAL PLAZA||NJ MEDICAL CTR|NJ|11496|1|07|P|P|20260506|20260521|20260520|20260520|20260525||||||99291|50|P|Y|06||B|||23||||1|3|726.28|726.28|479.27|0.00|0.00|PR1|CO45||247.01|247.01||50.00|50.00|37.28|30.85|30.85|128.88|128.88|0.00|0.00|0.00|479.27|0.00|0.00|0.00||N|||W000000060|P|W000000060|0|0|0.00|||1|07||726.28|||N|||||1||07|2000000142|N|0.00|0.00|07|23|||||25|25||||||||F32.9|M17.11|J44.1||K57.30||||||99291|||||||30.85|50.00|37.28|N|||AETNA
002026060100000432|1234567|0987654|N|001|AC123456|03|P|N||PPO|01|PKG0042|PPO001|3|F|W000000197|Rodriguez|Sebastian|M|19830822|17567|OH|EC||W000000518|W000000518|Rodriguez|James|M|SP|19930703|202606010000432|ACAS2026060100000432||TCN2026060100000432|SRC2026060100000432|002026060100000432|NY0001|NY0001||2|100000056|DR White MD|2|100000056|PV000056|DR White MD|8235 MEDICAL PLAZA||NJ MEDICAL CTR|NJ|61940|1|11|P|P|20260514|20260523|20260512|20260512|20260527||||||82947||P|Y|04||N|||23||||2|1|413.51|413.51|148.59|0.00|0.00|PR1|CO45||264.92|264.92||75.00|75.00|41.52|27.22|27.22|121.18|121.18|0.00|0.00|0.00|148.59|0.00|0.00|0.00||N|||W000000518|P|W000000518|0|0|0.00|||3|11||413.51||Y||||||1||11|2000000056|N|0.00|0.00|11|23|||||59|26||||||||E66.9|Z00.00|||||||||82947|||||||27.22|75.00|41.52|N|||AETNA
002026060100000433|1234567|0987654|N|001|AC123456|01|I|N||PPO|03|PKG0042|PPO001|2|F|W000000381|Harris|Oliver|M|19851001|73289|NJ|EE||W000000579|W000000579|Harris|Harper|F|SP|19910908|202606010000433|ACAS2026060100000433||TCN2026060100000433|SRC2026060100000433|002026060100000433|NY0001|NY0001||2|100000052|DR Martin MD|2|100000052|PV000052|DR Martin MD|2927 MEDICAL PLAZA||TX MEDICAL CTR|TX|62636|4|07|P|P|20260510|20260527|20260520|20260524|20260528||||15|683|85025|51|I|Y|06||M|||99|04|0636|132|3|2|251.28|251.28|113.32|0.00|0.00|PR1|CO45||137.96|137.96||75.00|75.00|14.93|6.43|6.43|41.60|41.60|0.00|0.00|0.00|113.32|0.00|0.00|0.00||N|||W000000579|P|W000000579|0|1|0.00|||2|07||251.28|||Y|||||1||07|2000000052|N|0.00|0.00|07|99|1|4|20260520|20260524|TC||Y|||||||R51|K57.30|G43.909|M54.5|||||||85025|||||||6.43|75.00|14.93|N|4||AETNA
002026060100000434|1234567|0987654|N|001|AC123456|01|I|N||PPO|02|PKG0042|PPO001|1|F|W000000092|Hernandez|Chloe|F|19681226|88074|CA|EC|390559137|W000000092|W000000092|Hernandez|Chloe|F|EE|19681226|202606010000434|ACAS2026060100000434||TCN2026060100000434|SRC2026060100000434|002026060100000434|NY0001|NY0001||2|100000169|DR Rodriguez MD|2|100000169|PV000169|DR Rodriguez MD|3399 MEDICAL PLAZA||PA MEDICAL CTR|PA|24778|4|04|P|P|20260429|20260524|20260331|20260401|20260526||||01|871|99204||I|Y|04||4|||32|07|0110|112|1|2|135.51|135.51|89.62|0.00|0.00|PR1|CO45||45.89|45.89||20.00|20.00|6.17|3.95|3.95|15.77|15.77|0.00|0.00|0.00|89.62|0.00|0.00|0.00||N|||W000000092|P|W000000092|0|1|0.00|||1|04||135.51||||||||1||04|2000000169|N|0.00|0.00|04|32|7|9|20260331|20260401||TC||||||||I50.9|N39.0|||||||||99204|||||||3.95|20.00|6.17|N|9||AETNA
002026060100000435|1234567|0987654|N|001|AC123456|01|I|N||PPO|01|PKG0042|PPO001|3|F|W000000304|Walker|Logan|M|19931112|85991|MI|EF|724856655|W000000304|W000000304|Walker|Logan|M|EE|19931112|202606010000435|ACAS2026060100000435||TCN2026060100000435|SRC2026060100000435|002026060100000435|NY0001|NY0001||2|100000096|DR Young MD|2|100000096|PV000096|DR Young MD|5410 MEDICAL PLAZA||MA MEDICAL CTR|MA|27422|4|06|P|P|20260510|20260520|20260429|20260501|20260521||||04|196|99396||I|Y|06||B|||24|01|0450|112|3|1|229.62|229.62|78.76|0.00|0.00|PR1|CO45||150.86|150.86||30.00|30.00|36.29|9.69|9.69|74.88|74.88|0.00|0.00|0.00|78.76|0.00|0.00|0.00||N|||W000000304|P|W000000304|0|1|0.00|||3|06||229.62||Y||||||1||06|2000000096|N|0.00|0.00|06|24||2|20260429|20260501|TC|TC||||||||J30.9|F41.9|||||||||99396|||||||9.69|30.00|36.29|N|2||AETNA
002026060100000436|1234567|0987654|N|001|AC123456|03|P|N||PPO|01|PKG0042|PPO001|1|F|W000000087|Perez|Ella|F|19850204|59670|NJ|EE|469313900|W000000087|W000000087|Perez|Ella|F|EE|19850204|202606010000436|ACAS2026060100000436||TCN2026060100000436|SRC2026060100000436|002026060100000436|NY0001|NY0001||2|100000031|DR Walker MD|2|100000031|PV000031|DR Walker MD|9296 MEDICAL PLAZA||FL MEDICAL CTR|FL|54886|1|01|P|P|20260502|20260531|20260521|20260521|20260601||||||80061||P|Y|04||1|||32||||3|1|731.55|731.55|419.37|0.00|0.00|PR1|CO45||312.18|312.18||50.00|50.00|39.01|22.97|22.97|200.20|200.20|0.00|0.00|0.00|419.37|0.00|0.00|0.00||N|||W000000087|P|W000000087|0|0|0.00|||1|01||731.55||Y||N||||1||01|2000000031|N|0.00|0.00|01|32|||||AT|26||||||||I10|J44.1|M17.11||||||||80061|||||||22.97|50.00|39.01|N|||AETNA
002026060100000437|1234567|0987654|N|001|AC123456|01|I|N||PPO|03|PKG0042|PPO001|2|F|W000000398|Lewis|Grace|F|19910818|40317|CA|EE|188686796|W000000398|W000000398|Lewis|Grace|F|EE|19910818|202606010000437|ACAS2026060100000437||TCN2026060100000437|SRC2026060100000437|002026060100000437|NY0001|NY0001||2|100000129|DR Smith MD|2|100000129|PV000129|DR Smith MD|3156 MEDICAL PLAZA||CO MEDICAL CTR|CO|42505|4|09|P|P|20260517|20260525|20260511|20260511|20260527||||07|378|80053||I|Y|06||B|||22|04|0636|211|3|3|1530.27|1530.27|795.08|0.00|0.00|PR1|CO45||735.19|735.19||20.00|20.00|5.64|79.73|79.73|629.82|629.82|0.00|0.00|0.00|795.08|0.00|0.00|0.00||N|||W000000398|P|W000000398|0|1|0.00|||2|09||1530.27||N||||||1||09|2000000129|N|0.00|0.00|09|22|5||20260511|20260511|59|AT||||||||S93.401|N39.0||E66.9|||||||80053|||||||79.73|20.00|5.64|N|||AETNA
002026060100000438|1234567|0987654|N|001|AC123456|03|P|N||PPO|02|PKG0042|PPO001|3|F|W000000294|Davis|Elizabeth|F|19640618|82597|AZ|EE||W000000650|W000000650|Davis|Amelia|F|SP|19840504|202606010000438|ACAS2026060100000438||TCN2026060100000438|SRC2026060100000438|002026060100000438|NY0001|NY0001||2|100000196|DR Brown MD|2|100000196|PV000196|DR Brown MD|754 MEDICAL PLAZA||WA MEDICAL CTR|WA|25639|1|01|P|P|20260519|20260526|20260306|20260306|20260530||||||36415|95|P|Y|01||M|||24||||3|1|413.10|413.10|229.83|0.00|0.00|PR1|CO45||183.27|183.27||20.00|20.00|15.56|22.86|22.86|124.85|124.85|0.00|0.00|0.00|229.83|0.00|0.00|0.00||N|||W000000650|P|W000000650|0|0|0.00|||3|01||413.10||N|N|||||1||01|2000000196|N|0.00|0.00|01|24|||||25|||||||||G43.909|K57.30|||||||||36415|||||||22.86|20.00|15.56|N|||AETNA
002026060100000439|1234567|0987654|N|001|AC123456|03|P|N||PPO|01|PKG0042|PPO001|1|F|W000000057|Martin|Benjamin|M|19710814|78016|CO|EE|922592166|W000000057|W000000057|Martin|Benjamin|M|EE|19710814|202606010000439|ACAS2026060100000439||TCN2026060100000439|SRC2026060100000439|002026060100000439|NY0001|NY0001||2|100000096|DR Young MD|2|100000096|PV000096|DR Young MD|851 MEDICAL PLAZA||OH MEDICAL CTR|OH|42909|1|06|P|P|20260501|20260530|20260506|20260506|20260602||||||85025|AT|P|Y|03||N|||31||||1|1|2527.44|2527.44|1236.70|0.00|0.00|PR1|CO45||1290.74|1290.74||0.00|0.00|89.74|295.75|295.75|905.25|905.25|0.00|0.00|0.00|1236.70|0.00|0.00|0.00||N|||W000000057|P|W000000057|1|0|0.00|||1|06||2527.44||N|N|||||1||06|2000000096|N|0.00|0.00|06|31||||||51||||||||J44.1|J30.9|Z79.899||||||||85025|||||||295.75|0.00|89.74|N|||AETNA
002026060100000440|1234567|0987654|N|001|AC123456|03|P|N||PPO|03|PKG0042|PPO001|1|F|W000000279|Thompson|Henry|M|19670717|53426|MA|EF|822575411|W000000279|W000000279|Thompson|Henry|M|EE|19670717|202606010000440|ACAS2026060100000440||TCN2026060100000440|SRC2026060100000440|002026060100000440|NY0001|NY0001||2|100000287|DR Walker MD|2|100000287|PV000287|DR Walker MD|168 MEDICAL PLAZA||NC MEDICAL CTR|NC|42612|1|02|P|P|20260522|20260529|20260330|20260330|20260531||||||99396||P|Y|01||F|||22||||2|3|361.45|361.45|184.31|0.00|0.00|PR1|CO45||177.14|177.14||75.00|75.00|42.17|10.92|10.92|49.05|49.05|0.00|0.00|0.00|184.31|0.00|0.00|0.00||N|||W000000279|P|W000000279|0|0|0.00|||1|02||361.45||||||||1||02|2000000287|N|0.00|0.00|02|22||||||||||||||J45.909||||||||||99396|||||||10.92|75.00|42.17|N|||AETNA
002026060100000441|1234567|0987654|N|001|AC123456|01|I|Y||PPO|03|PKG0042|PPO001|N|F|W000000007|Davis|James|M|19610916|98986|MI|EE||W000000682|W000000682|Davis|Logan|M|SP|19971211|202606010000441|ACAS2026060100000441||TCN2026060100000441|SRC2026060100000441|002026060100000441|NY0001|NY0001||2|100000234|DR Martinez MD|2|100000234|PV000234|DR Martinez MD|8542 MEDICAL PLAZA||FL MEDICAL CTR|FL|23914|4|09|P|N|20260429|20260522|20260418|20260420|20260524||||13|194|97110|51|I|Y|06||N|||21|05|0730|122|3|1|543.32|543.32|332.90|0.00|0.00|PR1|CO45||210.42|210.42||20.00|20.00|28.36|34.55|34.55|127.51|127.51|0.00|0.00|0.00|332.90|0.00|0.00|0.00||N|||W000000682|P|W000000682|0|1|0.00|||N|09||543.32||||||||1||09|2000000234|N|0.00|0.00|09|21||1|20260418|20260420|25|GT||||||||Z00.00|F32.9|||||||||97110|||||||34.55|20.00|28.36|N|1||AETNA
002026060100000442|1234567|0987654|N|001|AC123456|01|I|N||PPO|02|PKG0042|PPO001|3|F|W000000211|Williams|Mason|M|19720721|19522|CO|EC|572338726|W000000211|W000000211|Williams|Mason|M|EE|19720721|202606010000442|ACAS2026060100000442||TCN2026060100000442|SRC2026060100000442|002026060100000442|NY0001|NY0001||2|100000154|DR Sanchez MD|2|100000154|PV000154|DR Sanchez MD|7761 MEDICAL PLAZA||PA MEDICAL CTR|PA|68321|4|04|P|P|20260506|20260530|20260512|20260514|20260531||||01|195|36415|AT|I|Y|02||4|||31|20|0250|121|1|1|265.70|265.70|142.87|0.00|0.00|PR1|CO45||122.83|122.83||30.00|30.00|10.33|12.23|12.23|70.27|70.27|0.00|0.00|0.00|142.87|0.00|0.00|0.00||N|||W000000211|P|W000000211|0|1|0.00|||3|04||265.70|||Y|||||1||04|2000000154|N|0.00|0.00|04|31|7|3|20260512|20260514|26|26||||||||K21.0|E11.9|J06.9||||||||36415|||||||12.23|30.00|10.33|N|3||AETNA
002026060100000443|1234567|0987654|N|001|AC123456|01|I|Y||PPO|02|PKG0042|PPO001|N|F|W000000093|Gonzalez|Oliver|M|19690607|34871|MI|EC|513185973|W000000093|W000000093|Gonzalez|Oliver|M|EE|19690607|202606010000443|ACAS2026060100000443||TCN2026060100000443|SRC2026060100000443|002026060100000443|NY0001|NY0001||2|100000281|DR Harris MD|2|100000281|PV000281|DR Harris MD|9790 MEDICAL PLAZA||GA MEDICAL CTR|GA|18946|4|11|P|N|20260512|20260525|20260501|20260501|20260529||||12|194|82947|95|I|Y|04||N|||13|20|0100|212|3|2|1544.02|1544.02|456.77|0.00|0.00|PR1|CO45||1087.25|1087.25||30.00|30.00|264.43|164.83|164.83|627.99|627.99|0.00|0.00|0.00|456.77|0.00|0.00|0.00||N|||W000000093|P|W000000093|0|1|0.00|||N|11||1544.02||N|N|||||1||11|2000000281|N|0.00|0.00|11|13|1|1|20260501|20260501||GT||||||||I10|R51|||||||||82947|||||||164.83|30.00|264.43|N|1||AETNA
002026060100000444|1234567|0987654|N|001|AC123456|01|I|Y||PPO|02|PKG0042|PPO001|N|F|W000000343|Moore|David|M|19730622|63368|PA|EE|296491483|W000000343|W000000343|Moore|David|M|EE|19730622|202606010000444|ACAS2026060100000444||TCN2026060100000444|SRC2026060100000444|002026060100000444|NY0001|NY0001||2|100000130|DR Johnson MD|2|100000130|PV000130|DR Johnson MD|6161 MEDICAL PLAZA||IL MEDICAL CTR|IL|35059|4|10|P|N|20260515|20260521|20260526|20260528|20260525||||05|194|90847||I|Y|03||F|||24|05|0300|121|1|1|3955.59|3955.59|1972.07|0.00|0.00|PR1|CO45||1983.52|1983.52||30.00|30.00|11.44|475.67|475.67|1466.41|1466.41|0.00|0.00|0.00|1972.07|0.00|0.00|0.00||N|||W000000343|P|W000000343|0|1|0.00|||N|10||3955.59||Y|Y|Y||||1||10|2000000130|N|0.00|0.00|10|24|1|9|20260526|20260528||TC||||||||Z12.31|K21.0|F41.9||||||||90847|||||||475.67|30.00|11.44|N|9||AETNA
002026060100000445|1234567|0987654|N|001|AC123456|01|I|N||PPO|01|PKG0042|PPO001|1|F|W000000356|Rodriguez|Isabella|F|19940701|71870|PA|EE|225546453|W000000356|W000000356|Rodriguez|Isabella|F|EE|19940701|202606010000445|ACAS2026060100000445||TCN2026060100000445|SRC2026060100000445|002026060100000445|NY0001|NY0001||2|100000042|DR Martinez MD|2|100000042|PV000042|DR Martinez MD|4902 MEDICAL PLAZA||FL MEDICAL CTR|FL|27041|4|12|P|P|20260503|20260515|20260325|20260328|20260516||||11|293|99283|TC|I|Y|05||N|||13|07|0100|112|2|1|148.78|148.78|43.42|0.00|0.00|PR1|CO45||105.36|105.36||50.00|50.00|5.51|7.66|7.66|42.19|42.19|0.00|0.00|0.00|43.42|0.00|0.00|0.00||N|||W000000356|P|W000000356|0|1|0.00|||1|12||148.78||N||||||1||12|2000000042|N|0.00|0.00|12|13|2|3|20260325|20260328||||N||||||J45.909||||K57.30||||||99283|||||||7.66|50.00|5.51|N|3||AETNA
002026060100000446|1234567|0987654|N|001|AC123456|03|P|N||PPO|01|PKG0042|PPO001|3|F|W000000265|Jackson|Sophia|F|19850627|87539|NJ|ES||W000000465|W000000465|Jackson|Emily|F|CH|20200617|202606010000446|ACAS2026060100000446||TCN2026060100000446|SRC2026060100000446|002026060100000446|NY0001|NY0001||2|100000011|DR Hernandez MD|2|100000011|PV000011|DR Hernandez MD|1293 MEDICAL PLAZA||GA MEDICAL CTR|GA|44801|1|11|P|P|20260524|20260530|20260429|20260429|20260602||||||90847|AT|P|Y|04||1|||12||||1|2|495.60|495.60|235.38|0.00|0.00|PR1|CO45||260.22|260.22||75.00|75.00|64.56|30.15|30.15|90.51|90.51|0.00|0.00|0.00|235.38|0.00|0.00|0.00||N|||W000000465|P|W000000465|0|0|0.00|||3|11||495.60||||||||1||11|2000000011|N|0.00|0.00|11|12||||||26||||||||G43.909|J18.9|||||||||90847|||||||30.15|75.00|64.56|N|||AETNA
002026060100000447|1234567|0987654|N|001|AC123456|03|P|N||PPO|01|PKG0042|PPO001|2|F|W000000220|Jackson|Harper|F|19710325|41661|FL|ES|948611384|W000000220|W000000220|Jackson|Harper|F|EE|19710325|202606010000447|ACAS2026060100000447||TCN2026060100000447|SRC2026060100000447|002026060100000447|NY0001|NY0001||2|100000282|DR Sanchez MD|2|100000282|PV000282|DR Sanchez MD|6295 MEDICAL PLAZA||NJ MEDICAL CTR|NJ|25906|1|12|P|P|20260502|20260523|20260415|20260415|20260525||||||80061|95|P|Y|07||M|||99||||2|2|1948.98|1948.98|1948.98|0.00|0.00||CO45||0.00|0.00||40.00|40.00|0.00|0.00|0.00|0.00|0.00|0.00|0.00|0.00|0.00|0.00|0.00|0.00||N|||W000000220|D|W000000220|0|0|0.00|||2|12||1948.98|||N|||||1||12|2000000282|N|0.00|0.00|12|99|||||51|25||||||||M54.5|Z00.00|||||||||80061|||||||0.00|40.00|0.00|N|||AETNA
002026060100000448|1234567|0987654|N|001|AC123456|03|P|Y||PPO|03|PKG0042|PPO001|N|F|W000000010|Clark|Elizabeth|F|19861125|41872|CA|EC||W000000669|W000000669|Clark|Michael|M|SP|19730125|202606010000448|ACAS2026060100000448||TCN2026060100000448|SRC2026060100000448|002026060100000448|NY0001|NY0001||2|100000288|DR Young MD|2|100000288|PV000288|DR Young MD|7142 MEDICAL PLAZA||NY MEDICAL CTR|NY|50836|1|03|P|N|20260503|20260530|20260515|20260515|20260603||||||99204||P|Y|07||M|||12||||1|3|194.43|194.43|117.28|0.00|0.00|PR1|CO45||77.15|77.15||75.00|75.00|17.91|0.00|0.00|0.00|0.00|0.00|0.00|0.00|117.28|0.00|0.00|0.00||N|||W000000669|P|W000000669|0|0|0.00|||N|03||194.43||||||||1||03|2000000288|N|0.00|0.00|03|12|||||51|GT||Y||||||Z23|S93.401|||J30.9||||||99204|||||||0.00|75.00|17.91|N|||AETNA
002026060100000449|1234567|0987654|N|001|AC123456|03|P|Y||PPO|02|PKG0042|PPO001|N|F|W000000365|Ramirez|Sofia|F|19611020|97936|WA|EF|552773431|W000000365|W000000365|Ramirez|Sofia|F|EE|19611020|202606010000449|ACAS2026060100000449||TCN2026060100000449|SRC2026060100000449|002026060100000449|NY0001|NY0001||2|100000222|DR Robinson MD|2|100000222|PV000222|DR Robinson MD|9792 MEDICAL PLAZA||NY MEDICAL CTR|NY|37926|1|12|P|N|20260424|20260523|20260318|20260318|20260526||||||99291|TC|P|Y|01||2|||24||||1|2|1076.73|1076.73|382.02|0.00|0.00|PR1|CO45||694.71|694.71||0.00|0.00|174.69|71.67|71.67|448.35|448.35|0.00|0.00|0.00|382.02|0.00|0.00|0.00||N|||W000000365|P|W000000365|0|0|0.00|||N|12||1076.73||N|N|||||1||12|2000000222|N|0.00|0.00|12|24|||||25|51||||||||N39.0|E78.5|||R05||||||99291|||||||71.67|0.00|174.69|N|||AETNA
002026060100000450|1234567|0987654|N|001|AC123456|01|I|Y||PPO|02|PKG0042|PPO001|N|F|W000000201|Jones|Matthew|M|19700904|92089|AZ|ES|462494677|W000000201|W000000201|Jones|Matthew|M|EE|19700904|202606010000450|ACAS2026060100000450||TCN2026060100000450|SRC2026060100000450|002026060100000450|NY0001|NY0001||2|100000031|DR Walker MD|2|100000031|PV000031|DR Walker MD|6453 MEDICAL PLAZA||GA MEDICAL CTR|GA|58336|4|01|P|N|20260427|20260522|20260509|20260509|20260523||||08|470|82947||I|Y|01||2|||99|02|0730|121|3|3|1878.54|1878.54|1160.64|0.00|0.00|PR1|CO45||717.90|717.90||75.00|75.00|202.87|86.45|86.45|353.58|353.58|0.00|0.00|0.00|1160.64|0.00|0.00|0.00||N|||W000000201|P|W000000201|0|1|0.00|||N|01||1878.54||Y||||||1||01|2000000031|N|0.00|0.00|01|99|2|9|20260509|20260509|25|95||||||||J06.9||||||||||82947|||||||86.45|75.00|202.87|N|9||AETNA
002026060100000451|1234567|0987654|N|001|AC123456|03|P|N||PPO|03|PKG0042|PPO001|2|F|W000000106|Rodriguez|Matthew|M|19670507|98809|MA|EC||W000000673|W000000673|Rodriguez|Avery|F|CH|20170527|202606010000451|ACAS2026060100000451||TCN2026060100000451|SRC2026060100000451|002026060100000451|NY0001|NY0001||2|100000089|DR Harris MD|2|100000089|PV000089|DR Harris MD|8143 MEDICAL PLAZA||AZ MEDICAL CTR|AZ|27730|1|40|P|P|20260422|20260516|20260409|20260409|20260517||||||93000|AT|P|Y|07||1|||21||||2|2|710.87|710.87|526.20|0.00|0.00|PR1|CO45||184.67|184.67||0.00|0.00|3.51|32.00|32.00|149.16|149.16|0.00|0.00|0.00|526.20|0.00|0.00|0.00||N|||W000000673|P|W000000673|0|0|0.00|||2|40||710.87||||||||1||40|2000000089|N|0.00|0.00|40|21|||||95|AT||||||||K57.30||||||||||93000|||||||32.00|0.00|3.51|N|||AETNA
002026060100000452|1234567|0987654|N|001|AC123456|03|P|N||PPO|03|PKG0042|PPO001|2|F|W000000238|Wilson|William|M|19650522|75338|MA|ES||W000000648|W000000648|Wilson|Sebastian|M|SP|19910123|202606010000452|ACAS2026060100000452||TCN2026060100000452|SRC2026060100000452|002026060100000452|NY0001|NY0001||2|100000013|DR Gonzalez MD|2|100000013|PV000013|DR Gonzalez MD|859 MEDICAL PLAZA||NY MEDICAL CTR|NY|32582|1|38|P|P|20260426|20260523|20260314|20260314|20260527||||||99205||P|Y|01||B|||23||||2|3|1061.80|1061.80|711.02|0.00|0.00|PR1|CO45||350.78|350.78||0.00|0.00|84.11|64.92|64.92|201.75|201.75|0.00|0.00|0.00|711.02|0.00|0.00|0.00||N|||W000000648|P|W000000648|0|0|0.00|||2|38||1061.80||Y||||||1||38|2000000013|N|0.00|0.00|38|23||||||51||||||||F41.9|J18.9|N39.0||||||||99205|||||||64.92|0.00|84.11|N|||AETNA
002026060100000453|1234567|0987654|N|001|AC123456|03|P|N||PPO|03|PKG0042|PPO001|2|F|W000000350|Young|Jackson|M|19940409|90775|IL|EE|838764796|W000000350|W000000350|Young|Jackson|M|EE|19940409|202606010000453|ACAS2026060100000453||TCN2026060100000453|SRC2026060100000453|002026060100000453|NY0001|NY0001||2|100000016|DR Thomas MD|2|100000016|PV000016|DR Thomas MD|5391 MEDICAL PLAZA||MI MEDICAL CTR|MI|69083|1|01|P|P|20260420|20260514|20260328|20260328|20260515||||||90847||P|Y|08||1|||31||||3|1|2971.34|2971.34|2196.34|0.00|0.00|PR1|CO45||775.00|775.00||0.00|0.00|164.79|143.83|143.83|466.38|466.38|0.00|0.00|0.00|2196.34|0.00|0.00|0.00||N|||W000000350|P|W000000350|1|0|0.00|||2|01||2971.34||Y|Y|||||1||01|2000000016|N|0.00|0.00|01|31|||||TC|26||||||||I25.10|G47.33|||||||||90847|||||||143.83|0.00|164.79|N|||AETNA
002026060100000454|1234567|0987654|N|001|AC123456|03|P|N||PPO|03|PKG0042|PPO001|1|F|W000000018|Martin|Evelyn|F|19900114|39850|WA|EF|960108678|W000000018|W000000018|Martin|Evelyn|F|EE|19900114|202606010000454|ACAS2026060100000454||TCN2026060100000454|SRC2026060100000454|002026060100000454|NY0001|NY0001||2|100000074|DR Martinez MD|2|100000074|PV000074|DR Martinez MD|2342 MEDICAL PLAZA||IL MEDICAL CTR|IL|61320|1|40|P|P|20260508|20260529|20260406|20260406|20260602||||||99396|26|P|Y|08||B|||11||||1|3|3484.79|3484.79|963.44|0.00|0.00|PR1|CO45||2521.35|2521.35||20.00|20.00|156.60|373.99|373.99|1970.76|1970.76|0.00|0.00|0.00|963.44|0.00|0.00|0.00||N|||W000000018|P|W000000018|0|0|0.00|||1|40||3484.79||Y||||||1||40|2000000074|N|0.00|0.00|40|11|||||26|||||||||I50.9||E66.9|N39.0|G47.33||||||99396|||||||373.99|20.00|156.60|N|||AETNA
002026060100000455|1234567|0987654|N|001|AC123456|03|P|N||PPO|02|PKG0042|PPO001|3|F|W000000250|Garcia|Ava|F|19620526|20398|NY|EF||W000000418|W000000418|Garcia|Emma|F|SP|19840726|202606010000455|ACAS2026060100000455||TCN2026060100000455|SRC2026060100000455|002026060100000455|NY0001|NY0001||2|100000172|DR Lopez MD|2|100000172|PV000172|DR Lopez MD|9974 MEDICAL PLAZA||MI MEDICAL CTR|MI|36886|1|07|P|P|20260501|20260530|20260313|20260313|20260601||||||99213|25|P|Y|07||B|||99||||3|1|631.01|631.01|157.76|0.00|0.00|PR1|CO45||473.25|473.25||75.00|75.00|132.28|64.37|64.37|201.60|201.60|0.00|0.00|0.00|157.76|0.00|0.00|0.00||N|||W000000418|P|W000000418|0|0|0.00|||3|07||631.01||||||||1||07|2000000172|N|0.00|0.00|07|99|||||50|51||Y||||||S93.401|Z12.31|K21.0||N39.0||||||99213|||||||64.37|75.00|132.28|N|||AETNA
002026060100000456|1234567|0987654|N|001|AC123456|01|I|N||PPO|02|PKG0042|PPO001|3|F|W000000389|Wilson|Jacob|M|19670418|27706|NJ|EC|196396750|W000000389|W000000389|Wilson|Jacob|M|EE|19670418|202606010000456|ACAS2026060100000456||TCN2026060100000456|SRC2026060100000456|002026060100000456|NY0001|NY0001||2|100000020|DR Martin MD|2|100000020|PV000020|DR Martin MD|3856 MEDICAL PLAZA||GA MEDICAL CTR|GA|67946|4|05|P|P|20260518|20260531|20260513|20260514|20260603||||11|683|80061|AT|I|Y|04||4|||13|07|0100|132|2|2|423.05|423.05|156.06|0.00|0.00|PR1|CO45||266.99|266.99||20.00|20.00|32.38|49.94|49.94|164.67|164.67|0.00|0.00|0.00|156.06|0.00|0.00|0.00||N|||W000000389|P|W000000389|0|1|0.00|||3|05||423.05||||||||1||05|2000000020|N|0.00|0.00|05|13|5|3|20260513|20260514|25||Y|||||||J18.9|E66.9||E11.65|||||||80061|||||||49.94|20.00|32.38|N|3||AETNA
002026060100000457|1234567|0987654|N|001|AC123456|01|I|Y||PPO|01|PKG0042|PPO001|N|F|W000000104|Perez|Mia|F|19760228|50706|MA|EC|863299020|W000000104|W000000104|Perez|Mia|F|EE|19760228|202606010000457|ACAS2026060100000457||TCN2026060100000457|SRC2026060100000457|002026060100000457|NY0001|NY0001||2|100000296|DR Davis MD|2|100000296|PV000296|DR Davis MD|8147 MEDICAL PLAZA||NC MEDICAL CTR|NC|83892|4|11|P|N|20260510|20260525|20260307|20260307|20260528||||14|470|99203|95|I|Y|08||S|||21|01|0250|211|2|2|304.30|304.30|211.77|0.00|0.00|PR1|CO45||92.53|92.53||50.00|50.00|24.64|3.37|3.37|14.52|14.52|0.00|0.00|0.00|211.77|0.00|0.00|0.00||N|||W000000104|P|W000000104|0|1|0.00|||N|11||304.30||Y|N|||||1||11|2000000296|N|0.00|0.00|11|21|4|9|20260307|20260307|25|26||||||||M17.11|N39.0||J18.9|M79.3||||||99203|||||||3.37|50.00|24.64|N|9||AETNA
002026060100000458|1234567|0987654|N|001|AC123456|03|P|Y||PPO|03|PKG0042|PPO001|N|F|W000000012|Lewis|Mia|F|19911214|12787|MI|ES||W000000444|W000000444|Lewis|David|M|CH|20201216|202606010000458|ACAS2026060100000458||TCN2026060100000458|SRC2026060100000458|002026060100000458|NY0001|NY0001||2|100000137|DR Rodriguez MD|2|100000137|PV000137|DR Rodriguez MD|7381 MEDICAL PLAZA||AZ MEDICAL CTR|AZ|94151|1|02|P|N|20260501|20260528|20260410|20260410|20260531||||||99232||P|Y|03||B|||13||||3|3|1526.02|1526.02|458.61|0.00|0.00|PR1|CO45||1067.41|1067.41||30.00|30.00|193.77|94.76|94.76|748.88|748.88|0.00|0.00|0.00|458.61|0.00|0.00|0.00||N|||W000000444|P|W000000444|0|0|0.00|||N|02||1526.02|||Y|||||1||02|2000000137|N|0.00|0.00|02|13||||||||||||||I10|J06.9|||||||||99232|||||||94.76|30.00|193.77|N|||AETNA
002026060100000459|1234567|0987654|N|001|AC123456|03|P|Y||PPO|01|PKG0042|PPO001|N|F|W000000116|Williams|Evelyn|F|19660412|69479|WA|EF||W000000589|W000000589|Williams|Emily|F|CH|20070914|202606010000459|ACAS2026060100000459||TCN2026060100000459|SRC2026060100000459|002026060100000459|NY0001|NY0001||2|100000080|DR Thomas MD|2|100000080|PV000080|DR Thomas MD|8697 MEDICAL PLAZA||TX MEDICAL CTR|TX|28324|1|05|P|N|20260518|20260530|20260423|20260423|20260603||||||85025|GT|P|Y|01||B|||11||||1|2|207.26|207.26|78.37|0.00|0.00|PR1|CO45||128.89|128.89||0.00|0.00|20.37|13.47|13.47|95.05|95.05|0.00|0.00|0.00|78.37|0.00|0.00|0.00||N|||W000000589|P|W000000589|1|0|0.00|||N|05||207.26||N||Y||||1||05|2000000080|N|0.00|0.00|05|11||||||TC||||||||J06.9||Z23||K21.0||||||85025|||||||13.47|0.00|20.37|N|||AETNA
002026060100000460|1234567|0987654|N|001|AC123456|03|P|Y||PPO|03|PKG0042|PPO001|N|F|W000000075|Thomas|Riley|F|19670608|12834|NY|EF|931244458|W000000075|W000000075|Thomas|Riley|F|EE|19670608|202606010000460|ACAS2026060100000460||TCN2026060100000460|SRC2026060100000460|002026060100000460|NY0001|NY0001||2|100000155|DR Clark MD|2|100000155|PV000155|DR Clark MD|5670 MEDICAL PLAZA||GA MEDICAL CTR|GA|88422|1|05|P|N|20260515|20260527|20260506|20260506|20260528||||||99205|TC|P|Y|03||M|||21||||3|3|536.63|536.63|313.33|0.00|0.00|PR1|CO45||223.30|223.30||30.00|30.00|10.69|20.37|20.37|162.24|162.24|0.00|0.00|0.00|313.33|0.00|0.00|0.00||N|||W000000075|P|W000000075|0|0|0.00|||N|05||536.63||||||||1||05|2000000155|N|0.00|0.00|05|21||||||GT||||||||N39.0|K57.30|Z00.00||||||||99205|||||||20.37|30.00|10.69|N|||AETNA
002026060100000461|1234567|0987654|N|001|AC123456|03|P|N||PPO|02|PKG0042|PPO001|1|F|W000000325|Perez|David|M|19940608|78788|NJ|EC||W000000507|W000000507|Perez|Michael|M|SP|19911002|202606010000461|ACAS2026060100000461||TCN2026060100000461|SRC2026060100000461|002026060100000461|NY0001|NY0001||2|100000238|DR Wilson MD|2|100000238|PV000238|DR Wilson MD|8607 MEDICAL PLAZA||GA MEDICAL CTR|GA|49647|1|38|P|P|20260505|20260513|20260325|20260325|20260515||||||80053|50|P|Y|03||F|||99||||2|3|725.81|725.81|362.08|0.00|0.00|PR1|CO45||363.73|363.73||20.00|20.00|99.77|28.35|28.35|215.61|215.61|0.00|0.00|0.00|362.08|0.00|0.00|0.00||N|||W000000507|P|W000000507|0|0|0.00|||1|38||725.81||N|N|N||||1||38|2000000238|N|0.00|0.00|38|99|||||AT|59||||||||I50.9|N39.0|N39.0||||||||80053|||||||28.35|20.00|99.77|N|||AETNA
002026060100000462|1234567|0987654|N|001|AC123456|03|P|Y||PPO|01|PKG0042|PPO001|N|F|W000000099|Moore|Jacob|M|19900228|58815|CO|EC|474199938|W000000099|W000000099|Moore|Jacob|M|EE|19900228|202606010000462|ACAS2026060100000462||TCN2026060100000462|SRC2026060100000462|002026060100000462|NY0001|NY0001||2|100000094|DR Robinson MD|2|100000094|PV000094|DR Robinson MD|7953 MEDICAL PLAZA||MA MEDICAL CTR|MA|21633|1|04|P|N|20260505|20260516|20260306|20260306|20260519||||||71046||P|Y|01||4|||32||||2|1|433.74|433.74|181.79|0.00|0.00|PR1|CO45||251.95|251.95||20.00|20.00|42.08|46.81|46.81|143.06|143.06|0.00|0.00|0.00|181.79|0.00|0.00|0.00||N|||W000000099|P|W000000099|0|0|0.00|||N|04||433.74||Y||||||1||04|2000000094|N|0.00|0.00|04|32|||||59|||||||||N39.0|E66.9||S93.401|||||||71046|||||||46.81|20.00|42.08|N|||AETNA
002026060100000463|1234567|0987654|N|001|AC123456|01|I|Y||PPO|03|PKG0042|PPO001|N|F|W000000016|Williams|Jacob|M|19650902|85993|CA|EF||W000000525|W000000525|Williams|Abigail|F|SP|19660903|202606010000463|ACAS2026060100000463||TCN2026060100000463|SRC2026060100000463|002026060100000463|NY0001|NY0001||2|100000015|DR Anderson MD|2|100000015|PV000015|DR Anderson MD|6669 MEDICAL PLAZA||GA MEDICAL CTR|GA|37317|4|50|P|N|20260512|20260531|20260330|20260401|20260601||||05|872|85025|TC|I|Y|01||A|||13|20|0200|111|3|2|843.74|843.74|843.74|0.00|0.00||CO45||0.00|0.00||40.00|40.00|0.00|0.00|0.00|0.00|0.00|0.00|0.00|0.00|0.00|0.00|0.00|0.00||N|||W000000525|D|W000000525|1|1|0.00|||N|50||843.74||Y||N||||1||50|2000000015|N|0.00|0.00|50|13|1|2|20260330|20260401|95|TC||||||||K21.0|J06.9|J18.9|Z12.31|||||||85025|||||||0.00|40.00|0.00|N|2||AETNA
002026060100000464|1234567|0987654|N|001|AC123456|03|P|N||PPO|02|PKG0042|PPO001|2|F|W000000294|Davis|Elizabeth|F|19640618|82597|AZ|EE|478395487|W000000294|W000000294|Davis|Elizabeth|F|EE|19640618|202606010000464|ACAS2026060100000464||TCN2026060100000464|SRC2026060100000464|002026060100000464|NY0001|NY0001||2|100000016|DR Thomas MD|2|100000016|PV000016|DR Thomas MD|9255 MEDICAL PLAZA||NY MEDICAL CTR|NY|23166|1|01|P|P|20260417|20260514|20260525|20260525|20260517||||||99396|51|P|Y|03||N|||24||||1|2|5883.08|5883.08|2937.01|0.00|0.00|PR1|CO45||2946.07|2946.07||50.00|50.00|16.16|586.43|586.43|2293.48|2293.48|0.00|0.00|0.00|2937.01|0.00|0.00|0.00||N|||W000000294|P|W000000294|0|0|0.00|||2|01||5883.08||Y|N|||||1||01|2000000016|N|0.00|0.00|01|24|||||25|59||||||||Z00.00|J06.9|||K21.0||||||99396|||||||586.43|50.00|16.16|N|||AETNA
002026060100000465|1234567|0987654|N|001|AC123456|03|P|N||PPO|03|PKG0042|PPO001|1|F|W000000005|Garcia|Aria|F|19640727|23173|VA|ES|123433954|W000000005|W000000005|Garcia|Aria|F|EE|19640727|202606010000465|ACAS2026060100000465||TCN2026060100000465|SRC2026060100000465|002026060100000465|NY0001|NY0001||2|100000256|DR Young MD|2|100000256|PV000256|DR Young MD|9738 MEDICAL PLAZA||OH MEDICAL CTR|OH|82450|1|01|P|P|20260520|20260528|20260418|20260418|20260601||||||99204|50|P|Y|02||F|||31||||1|2|599.83|599.83|230.22|0.00|0.00|PR1|CO45||369.61|369.61||40.00|40.00|86.23|47.58|47.58|195.80|195.80|0.00|0.00|0.00|230.22|0.00|0.00|0.00||N|||W000000005|P|W000000005|0|0|0.00|||1|01||599.83||||||||1||01|2000000256|N|0.00|0.00|01|31||||||||||||||Z87.891|Z23|||||||||99204|||||||47.58|40.00|86.23|N|||AETNA
002026060100000466|1234567|0987654|N|001|AC123456|03|P|N||PPO|03|PKG0042|PPO001|1|F|W000000100|Brown|Liam|M|19610218|28539|MI|EF||W000000677|W000000677|Brown|Abigail|F|CH|20000627|202606010000466|ACAS2026060100000466||TCN2026060100000466|SRC2026060100000466|002026060100000466|NY0001|NY0001||2|100000034|DR Johnson MD|2|100000034|PV000034|DR Johnson MD|1276 MEDICAL PLAZA||IL MEDICAL CTR|IL|75764|1|04|P|P|20260502|20260524|20260326|20260326|20260526||||||99395||P|Y|07||B|||21||||3|1|459.39|459.39|301.31|0.00|0.00|PR1|CO45||158.08|158.08||20.00|20.00|7.68|25.39|25.39|105.01|105.01|0.00|0.00|0.00|301.31|0.00|0.00|0.00||N|||W000000677|P|W000000677|0|0|0.00|||1|04||459.39||||||||1||04|2000000034|N|0.00|0.00|04|21||||||||||||||I10||||||||||99395|||||||25.39|20.00|7.68|N|||AETNA
002026060100000467|1234567|0987654|N|001|AC123456|03|P|N||PPO|02|PKG0042|PPO001|2|F|W000000117|Davis|Grace|F|19920528|62080|CO|EF|350611225|W000000117|W000000117|Davis|Grace|F|EE|19920528|202606010000467|ACAS2026060100000467||TCN2026060100000467|SRC2026060100000467|002026060100000467|NY0001|NY0001||2|100000191|DR Walker MD|2|100000191|PV000191|DR Walker MD|4238 MEDICAL PLAZA||MI MEDICAL CTR|MI|97127|1|11|P|P|20260501|20260525|20260424|20260424|20260527||||||99205||P|Y|04||1|||32||||2|3|1576.61|1576.61|832.62|0.00|0.00|PR1|CO45||743.99|743.99||50.00|50.00|133.64|73.41|73.41|486.94|486.94|0.00|0.00|0.00|832.62|0.00|0.00|0.00||N|||W000000117|P|W000000117|0|0|0.00|||2|11||1576.61||N|Y|||||1||11|2000000191|N|0.00|0.00|11|32|||||GT|||||||||S93.401|E11.9|||||||||99205|||||||73.41|50.00|133.64|N|||AETNA
002026060100000468|1234567|0987654|N|001|AC123456|01|I|N||PPO|03|PKG0042|PPO001|2|F|W000000250|Garcia|Ava|F|19620526|20398|NY|EF||W000000418|W000000418|Garcia|Emma|F|SP|19840726|202606010000468|ACAS2026060100000468||TCN2026060100000468|SRC2026060100000468|002026060100000468|NY0001|NY0001||2|100000116|DR Martin MD|2|100000116|PV000116|DR Martin MD|2304 MEDICAL PLAZA||MI MEDICAL CTR|MI|39162|4|11|P|P|20260427|20260524|20260323|20260324|20260525||||14|195|99213||I|Y|04||2|||13|05|0250|111|2|3|815.37|815.37|394.42|0.00|0.00|PR1|CO45||420.95|420.95||50.00|50.00|86.01|53.26|53.26|231.68|231.68|0.00|0.00|0.00|394.42|0.00|0.00|0.00||N|||W000000418|P|W000000418|0|1|0.00|||2|11||815.37||Y||||||1||11|2000000116|N|0.00|0.00|11|13|4|1|20260323|20260324|50|26|Y|||||||J06.9|M54.5||R05|||||||99213|||||||53.26|50.00|86.01|N|1||AETNA
002026060100000469|1234567|0987654|N|001|AC123456|03|P|Y||PPO|01|PKG0042|PPO001|N|F|W000000128|Clark|Jackson|M|19661108|74434|MA|EF|796512806|W000000128|W000000128|Clark|Jackson|M|EE|19661108|202606010000469|ACAS2026060100000469||TCN2026060100000469|SRC2026060100000469|002026060100000469|NY0001|NY0001||2|100000234|DR Martinez MD|2|100000234|PV000234|DR Martinez MD|3979 MEDICAL PLAZA||NJ MEDICAL CTR|NJ|70608|1|09|P|N|20260424|20260517|20260328|20260328|20260521||||||71046|25|P|Y|03||N|||31||||2|2|2260.71|2260.71|864.08|0.00|0.00|PR1|CO45||1396.63|1396.63||20.00|20.00|117.05|244.15|244.15|1015.43|1015.43|0.00|0.00|0.00|864.08|0.00|0.00|0.00||N|||W000000128|P|W000000128|0|0|0.00|||N|09||2260.71||N||||||1||09|2000000234|N|0.00|0.00|09|31|||||50|AT|Y|||||||J18.9|G43.909||J30.9|||||||71046|||||||244.15|20.00|117.05|N|||AETNA
002026060100000470|1234567|0987654|N|001|AC123456|01|I|N||PPO|01|PKG0042|PPO001|3|F|W000000252|Miller|Noah|M|19760314|95659|OH|EC||W000000654|W000000654|Miller|Evelyn|F|SP|19920908|202606010000470|ACAS2026060100000470||TCN2026060100000470|SRC2026060100000470|002026060100000470|NY0001|NY0001||2|100000019|DR Jackson MD|2|100000019|PV000019|DR Jackson MD|5188 MEDICAL PLAZA||GA MEDICAL CTR|GA|64953|4|04|P|P|20260510|20260518|20260522|20260526|20260519||||03|470|99283|51|I|Y|01||N|||13|05|0250|122|2|3|765.08|765.08|204.87|0.00|0.00|PR1|CO45||560.21|560.21||75.00|75.00|95.68|72.28|72.28|317.25|317.25|0.00|0.00|0.00|204.87|0.00|0.00|0.00||N|||W000000654|P|W000000654|0|1|0.00|||3|04||765.08||N|Y|Y||||1||04|2000000019|N|0.00|0.00|04|13|1|1|20260522|20260526||50||||||||K21.0|J45.909|Z12.31||||||||99283|||||||72.28|75.00|95.68|N|1||AETNA
002026060100000471|1234567|0987654|N|001|AC123456|03|P|N||PPO|01|PKG0042|PPO001|2|F|W000000124|Young|Scarlett|F|19610205|58671|MA|EE||W000000517|W000000517|Young|Riley|F|CH|20180312|202606010000471|ACAS2026060100000471||TCN2026060100000471|SRC2026060100000471|002026060100000471|NY0001|NY0001||2|100000270|DR Wilson MD|2|100000270|PV000270|DR Wilson MD|3434 MEDICAL PLAZA||FL MEDICAL CTR|FL|24248|1|50|P|P|20260503|20260520|20260410|20260410|20260523||||||99204|AT|P|Y|02||4|||23||||2|1|538.53|538.53|175.49|0.00|0.00|PR1|CO45||363.04|363.04||75.00|75.00|26.17|33.50|33.50|228.37|228.37|0.00|0.00|0.00|175.49|0.00|0.00|0.00||N|||W000000517|P|W000000517|0|0|0.00|||2|50||538.53||||||||1||50|2000000270|N|0.00|0.00|50|23||||||||||||||Z23|K57.30|||||||||99204|||||||33.50|75.00|26.17|N|||AETNA
002026060100000472|1234567|0987654|N|001|AC123456|01|I|Y||PPO|01|PKG0042|PPO001|N|F|W000000303|Wilson|Samuel|M|19730228|31300|MI|EC||W000000564|W000000564|Wilson|Ethan|M|CH|20130120|202606010000472|ACAS2026060100000472||TCN2026060100000472|SRC2026060100000472|002026060100000472|NY0001|NY0001||2|100000210|DR Moore MD|2|100000210|PV000210|DR Moore MD|7495 MEDICAL PLAZA||IL MEDICAL CTR|IL|77333|4|50|P|N|20260422|20260520|20260513|20260516|20260521||||05|195|71046|51|I|Y|01||F|||13|20|0900|122|3|1|146.03|146.03|64.14|0.00|0.00|PR1|CO45||81.89|81.89||40.00|40.00|23.25|3.89|3.89|14.75|14.75|0.00|0.00|0.00|64.14|0.00|0.00|0.00||N|||W000000564|P|W000000564|0|1|0.00|||N|50||146.03||||||||1||50|2000000210|N|0.00|0.00|50|13|1|9|20260513|20260516|51|26||||||||Z87.891||||Z87.891||||||71046|||||||3.89|40.00|23.25|N|9||AETNA
002026060100000473|1234567|0987654|N|001|AC123456|01|I|Y||PPO|02|PKG0042|PPO001|N|F|W000000303|Wilson|Samuel|M|19730228|31300|MI|EC|555547073|W000000303|W000000303|Wilson|Samuel|M|EE|19730228|202606010000473|ACAS2026060100000473||TCN2026060100000473|SRC2026060100000473|002026060100000473|NY0001|NY0001||2|100000135|DR Miller MD|2|100000135|PV000135|DR Miller MD|4217 MEDICAL PLAZA||MI MEDICAL CTR|MI|82730|4|50|P|N|20260421|20260518|20260416|20260419|20260520||||03|392|90834|AT|I|Y|06||1|||31|03|0100|212|3|3|167.88|167.88|76.92|0.00|0.00|PR1|CO45||90.96|90.96||20.00|20.00|23.47|5.27|5.27|42.22|42.22|0.00|0.00|0.00|76.92|0.00|0.00|0.00||N|||W000000303|P|W000000303|0|1|0.00|||N|50||167.88||||||||1||50|2000000135|N|0.00|0.00|50|31|2|3|20260416|20260419|59|GT||||||||G47.33|F32.9|Z12.31||||||||90834|||||||5.27|20.00|23.47|N|3||AETNA
002026060100000474|1234567|0987654|N|001|AC123456|03|P|N||PPO|01|PKG0042|PPO001|3|F|W000000328|Rodriguez|Harper|F|19900516|83643|CA|EC|183766568|W000000328|W000000328|Rodriguez|Harper|F|EE|19900516|202606010000474|ACAS2026060100000474||TCN2026060100000474|SRC2026060100000474|002026060100000474|NY0001|NY0001||2|100000063|DR Walker MD|2|100000063|PV000063|DR Walker MD|6318 MEDICAL PLAZA||GA MEDICAL CTR|GA|69932|1|03|P|P|20260508|20260528|20260425|20260425|20260530||||||85025|50|P|Y|06||F|||21||||3|3|139.72|139.72|62.65|0.00|0.00|PR1|CO45||77.07|77.07||30.00|30.00|6.66|7.62|7.62|32.79|32.79|0.00|0.00|0.00|62.65|0.00|0.00|0.00||N|||W000000328|P|W000000328|0|0|0.00|||3|03||139.72||||N||||1||03|2000000063|N|0.00|0.00|03|21|||||26|||||||||E11.9|Z87.891|I25.10||F32.9||||||85025|||||||7.62|30.00|6.66|N|||AETNA
002026060100000475|1234567|0987654|N|001|AC123456|03|P|N||PPO|03|PKG0042|PPO001|2|F|W000000320|Brown|Sebastian|M|19610625|93316|VA|EF||W000000445|W000000445|Brown|Sofia|F|CH|20101222|202606010000475|ACAS2026060100000475||TCN2026060100000475|SRC2026060100000475|002026060100000475|NY0001|NY0001||2|100000294|DR Garcia MD|2|100000294|PV000294|DR Garcia MD|1041 MEDICAL PLAZA||FL MEDICAL CTR|FL|98138|1|09|P|P|20260425|20260524|20260320|20260320|20260526||||||97110|TC|P|Y|02||A|||23||||2|3|918.22|918.22|438.37|0.00|0.00|PR1|CO45||479.85|479.85||30.00|30.00|76.13|61.83|61.83|311.89|311.89|0.00|0.00|0.00|438.37|0.00|0.00|0.00||N|||W000000445|P|W000000445|0|0|0.00|||2|09||918.22|||Y|||||1||09|2000000294|N|0.00|0.00|09|23|||||50|GT||||||||Z00.00|E11.65|Z87.891||||||||97110|||||||61.83|30.00|76.13|N|||AETNA
002026060100000476|1234567|0987654|N|001|AC123456|03|P|N||PPO|03|PKG0042|PPO001|1|F|W000000386|Wilson|Victoria|F|19720804|97819|MI|EF||W000000550|W000000550|Wilson|Zoey|F|CH|20010217|202606010000476|ACAS2026060100000476||TCN2026060100000476|SRC2026060100000476|002026060100000476|NY0001|NY0001||2|100000091|DR Clark MD|2|100000091|PV000091|DR Clark MD|6629 MEDICAL PLAZA||MA MEDICAL CTR|MA|64937|1|01|P|P|20260508|20260529|20260315|20260315|20260601||||||99203|GT|P|Y|08||N|||24||||3|1|208.95|208.95|208.95|0.00|0.00||CO45||0.00|0.00||20.00|20.00|0.00|0.00|0.00|0.00|0.00|0.00|0.00|0.00|0.00|0.00|0.00|0.00||N|||W000000550|D|W000000550|0|0|0.00|||1|01||208.95|||Y|||||1||01|2000000091|N|0.00|0.00|01|24|||||95|25||||||||Z79.899|Z12.31|||||||||99203|||||||0.00|20.00|0.00|N|||AETNA
002026060100000477|1234567|0987654|N|001|AC123456|03|P|N||PPO|01|PKG0042|PPO001|3|F|W000000077|Lopez|Lucas|M|19640319|25802|MI|ES||W000000593|W000000593|Lopez|Emily|F|CH|20150802|202606010000477|ACAS2026060100000477||TCN2026060100000477|SRC2026060100000477|002026060100000477|NY0001|NY0001||2|100000148|DR Martin MD|2|100000148|PV000148|DR Martin MD|4328 MEDICAL PLAZA||AZ MEDICAL CTR|AZ|13580|1|38|P|P|20260512|20260518|20260418|20260418|20260521||||||99214|59|P|Y|01||B|||11||||2|1|1933.80|1933.80|775.17|0.00|0.00|PR1|CO45||1158.63|1158.63||20.00|20.00|333.69|177.98|177.98|626.96|626.96|0.00|0.00|0.00|775.17|0.00|0.00|0.00||N|||W000000593|P|W000000593|0|0|0.00|||3|38||1933.80||N||||||1||38|2000000148|N|0.00|0.00|38|11||||||26||||||||F41.9|E11.65|F41.9||||||||99214|||||||177.98|20.00|333.69|N|||AETNA
002026060100000478|1234567|0987654|N|001|AC123456|03|P|N||PPO|02|PKG0042|PPO001|3|F|W000000013|Lopez|Isabella|F|19690106|99591|IL|EC|990326186|W000000013|W000000013|Lopez|Isabella|F|EE|19690106|202606010000478|ACAS2026060100000478||TCN2026060100000478|SRC2026060100000478|002026060100000478|NY0001|NY0001||2|100000119|DR Thompson MD|2|100000119|PV000119|DR Thompson MD|3338 MEDICAL PLAZA||NY MEDICAL CTR|NY|18924|1|40|P|P|20260426|20260523|20260412|20260412|20260525||||||99283|50|P|Y|05||F|||12||||2|1|682.46|682.46|267.41|0.00|0.00|PR1|CO45||415.05|415.05||0.00|0.00|49.06|46.26|46.26|319.73|319.73|0.00|0.00|0.00|267.41|0.00|0.00|0.00||N|||W000000013|P|W000000013|0|0|0.00|||3|40||682.46||||||||1||40|2000000119|N|0.00|0.00|40|12|||||26|51||||||||G47.33|F41.9||N39.0|||||||99283|||||||46.26|0.00|49.06|N|||AETNA
002026060100000479|1234567|0987654|N|001|AC123456|03|P|N||PPO|02|PKG0042|PPO001|1|F|W000000265|Jackson|Sophia|F|19850627|87539|NJ|ES||W000000465|W000000465|Jackson|Emily|F|CH|20200617|202606010000479|ACAS2026060100000479||TCN2026060100000479|SRC2026060100000479|002026060100000479|NY0001|NY0001||2|100000070|DR Garcia MD|2|100000070|PV000070|DR Garcia MD|6247 MEDICAL PLAZA||CO MEDICAL CTR|CO|46571|1|10|P|P|20260510|20260519|20260404|20260404|20260520||||||99395|AT|P|Y|03||M|||22||||2|1|540.47|540.47|266.86|0.00|0.00|PR1|CO45||273.61|273.61||0.00|0.00|46.15|54.58|54.58|172.88|172.88|0.00|0.00|0.00|266.86|0.00|0.00|0.00||N|||W000000465|P|W000000465|0|0|0.00|||1|10||540.47||N||||||1||10|2000000070|N|0.00|0.00|10|22|||||50|||||||||R05||||||||||99395|||||||54.58|0.00|46.15|N|||AETNA
002026060100000480|1234567|0987654|N|001|AC123456|03|P|N||PPO|02|PKG0042|PPO001|1|F|W000000077|Lopez|Lucas|M|19640319|25802|MI|ES|146191373|W000000077|W000000077|Lopez|Lucas|M|EE|19640319|202606010000480|ACAS2026060100000480||TCN2026060100000480|SRC2026060100000480|002026060100000480|NY0001|NY0001||2|100000125|DR Lewis MD|2|100000125|PV000125|DR Lewis MD|9504 MEDICAL PLAZA||IL MEDICAL CTR|IL|71742|1|05|P|P|20260507|20260521|20260402|20260402|20260524||||||90834|TC|P|Y|03||4|||32||||1|2|324.64|324.64|102.20|0.00|0.00|PR1|CO45||222.44|222.44||50.00|50.00|61.97|25.70|25.70|84.77|84.77|0.00|0.00|0.00|102.20|0.00|0.00|0.00||N|||W000000077|P|W000000077|0|0|0.00|||1|05||324.64||Y||||||1||05|2000000125|N|0.00|0.00|05|32|||||51|TC||||||||Z79.899||||||||||90834|||||||25.70|50.00|61.97|N|||AETNA
002026060100000481|1234567|0987654|N|001|AC123456|03|P|N||PPO|02|PKG0042|PPO001|1|F|W000000202|Miller|Carter|M|19750610|49187|TX|ES|407986662|W000000202|W000000202|Miller|Carter|M|EE|19750610|202606010000481|ACAS2026060100000481||TCN2026060100000481|SRC2026060100000481|002026060100000481|NY0001|NY0001||2|100000046|DR Wilson MD|2|100000046|PV000046|DR Wilson MD|9256 MEDICAL PLAZA||NC MEDICAL CTR|NC|95751|1|01|P|P|20260516|20260526|20260403|20260403|20260529||||||99203|50|P|Y|02||A|||13||||3|1|1128.81|1128.81|467.08|0.00|0.00|PR1|CO45||661.73|661.73||0.00|0.00|32.32|96.98|96.98|532.43|532.43|0.00|0.00|0.00|467.08|0.00|0.00|0.00||N|||W000000202|P|W000000202|0|0|0.00|||1|01||1128.81||N|Y|Y||||1||01|2000000046|N|0.00|0.00|01|13|||||25|TC||||||||R05|R05|Z23||||||||99203|||||||96.98|0.00|32.32|N|||AETNA
002026060100000482|1234567|0987654|N|001|AC123456|01|I|Y||PPO|02|PKG0042|PPO001|N|F|W000000321|Young|Ethan|M|19771201|73723|FL|EF||W000000581|W000000581|Young|Nora|F|SP|19790125|202606010000482|ACAS2026060100000482||TCN2026060100000482|SRC2026060100000482|002026060100000482|NY0001|NY0001||2|100000001|DR Smith MD|2|100000001|PV000001|DR Smith MD|7309 MEDICAL PLAZA||IL MEDICAL CTR|IL|96184|4|01|P|N|20260507|20260529|20260322|20260323|20260531||||10|195|36415||I|Y|01||S|||24|04|0110|121|2|2|335.69|335.69|190.90|0.00|0.00|PR1|CO45||144.79|144.79||30.00|30.00|23.91|13.25|13.25|77.63|77.63|0.00|0.00|0.00|190.90|0.00|0.00|0.00||N|||W000000581|P|W000000581|0|1|0.00|||N|01||335.69|||Y|||||1||01|2000000001|N|0.00|0.00|01|24|7|4|20260322|20260323||TC||||||||Z87.891|K57.30|||||||||36415|||||||13.25|30.00|23.91|N|4||AETNA
002026060100000483|1234567|0987654|N|001|AC123456|03|P|N||PPO|01|PKG0042|PPO001|2|F|W000000176|Miller|Evelyn|F|19740909|99111|NC|EE|915686434|W000000176|W000000176|Miller|Evelyn|F|EE|19740909|202606010000483|ACAS2026060100000483||TCN2026060100000483|SRC2026060100000483|002026060100000483|NY0001|NY0001||2|100000087|DR Thompson MD|2|100000087|PV000087|DR Thompson MD|5646 MEDICAL PLAZA||CA MEDICAL CTR|CA|21975|1|12|P|P|20260508|20260513|20260305|20260305|20260517||||||93000|TC|P|Y|08||2|||32||||2|3|287.85|287.85|213.05|0.00|0.00|PR1|CO45||74.80|74.80||30.00|30.00|2.37|5.12|5.12|37.31|37.31|0.00|0.00|0.00|213.05|0.00|0.00|0.00||N|||W000000176|P|W000000176|0|0|0.00|||2|12||287.85|||Y|Y||||1||12|2000000087|N|0.00|0.00|12|32|||||TC|TC||||||||I25.10|M17.11|G47.33||||||||93000|||||||5.12|30.00|2.37|N|||AETNA
002026060100000484|1234567|0987654|N|001|AC123456|01|I|N||PPO|03|PKG0042|PPO001|3|F|W000000299|Martin|Noah|M|19701104|22441|VA|EE||W000000558|W000000558|Martin|Aria|F|CH|20090907|202606010000484|ACAS2026060100000484||TCN2026060100000484|SRC2026060100000484|002026060100000484|NY0001|NY0001||2|100000034|DR Johnson MD|2|100000034|PV000034|DR Johnson MD|6727 MEDICAL PLAZA||VA MEDICAL CTR|VA|31037|4|04|P|P|20260505|20260526|20260318|20260319|20260529||||08|195|97110||I|Y|08||F|||31|01|0300|121|1|2|1826.39|1826.39|1315.77|0.00|0.00|PR1|CO45||510.62|510.62||0.00|0.00|94.59|98.79|98.79|317.24|317.24|0.00|0.00|0.00|1315.77|0.00|0.00|0.00||N|||W000000558|P|W000000558|0|1|0.00|||3|04||1826.39||Y||||||1||04|2000000034|N|0.00|0.00|04|31||2|20260318|20260319|AT|95||||||||J18.9|||Z12.31|||||||97110|||||||98.79|0.00|94.59|N|2||AETNA
002026060100000485|1234567|0987654|N|001|AC123456|03|P|N||PPO|02|PKG0042|PPO001|1|F|W000000325|Perez|David|M|19940608|78788|NJ|EC|467838653|W000000325|W000000325|Perez|David|M|EE|19940608|202606010000485|ACAS2026060100000485||TCN2026060100000485|SRC2026060100000485|002026060100000485|NY0001|NY0001||2|100000125|DR Lewis MD|2|100000125|PV000125|DR Lewis MD|9783 MEDICAL PLAZA||MI MEDICAL CTR|MI|79224|1|05|P|P|20260503|20260529|20260516|20260516|20260601||||||99205|50|P|Y|01||S|||99||||1|3|899.13|899.13|516.19|0.00|0.00|PR1|CO45||382.94|382.94||50.00|50.00|42.01|56.48|56.48|234.45|234.45|0.00|0.00|0.00|516.19|0.00|0.00|0.00||N|||W000000325|P|W000000325|0|0|0.00|||1|05||899.13||N|Y|||||1||05|2000000125|N|0.00|0.00|05|99|||||50|51||||||||E11.65|G43.909|||||||||99205|||||||56.48|50.00|42.01|N|||AETNA
002026060100000486|1234567|0987654|N|001|AC123456|01|I|N||PPO|02|PKG0042|PPO001|1|F|W000000163|White|Ethan|M|19730503|37364|PA|EE|596949447|W000000163|W000000163|White|Ethan|M|EE|19730503|202606010000486|ACAS2026060100000486||TCN2026060100000486|SRC2026060100000486|002026060100000486|NY0001|NY0001||2|100000259|DR Williams MD|2|100000259|PV000259|DR Williams MD|502 MEDICAL PLAZA||NY MEDICAL CTR|NY|13466|4|04|P|P|20260502|20260526|20260417|20260420|20260528||||10|683|36415|95|I|Y|05||A|||11|01|0250|111|3|2|544.74|544.74|282.69|0.00|0.00|PR1|CO45||262.05|262.05||75.00|75.00|76.07|11.63|11.63|99.35|99.35|0.00|0.00|0.00|282.69|0.00|0.00|0.00||N|||W000000163|P|W000000163|0|1|0.00|||1|04||544.74||Y||||||1||04|2000000259|N|0.00|0.00|04|11|4|1|20260417|20260420||TC||||||||S93.401|E66.9|||||||||36415|||||||11.63|75.00|76.07|N|1||AETNA
002026060100000487|1234567|0987654|N|001|AC123456|03|P|N||PPO|02|PKG0042|PPO001|3|F|W000000234|Ramirez|Jacob|M|19911219|25757|NJ|ES|955103114|W000000234|W000000234|Ramirez|Jacob|M|EE|19911219|202606010000487|ACAS2026060100000487||TCN2026060100000487|SRC2026060100000487|002026060100000487|NY0001|NY0001||2|100000049|DR Taylor MD|2|100000049|PV000049|DR Taylor MD|8003 MEDICAL PLAZA||CO MEDICAL CTR|CO|73237|1|04|P|P|20260502|20260514|20260418|20260418|20260516||||||99396|95|P|Y|08||F|||23||||2|1|1147.36|1147.36|764.79|0.00|0.00|PR1|CO45||382.57|382.57||40.00|40.00|47.68|52.09|52.09|242.80|242.80|0.00|0.00|0.00|764.79|0.00|0.00|0.00||N|||W000000234|P|W000000234|0|0|0.00|||3|04||1147.36||N||||||1||04|2000000049|N|0.00|0.00|04|23|||||25|50||||||||J18.9|||E11.9|||||||99396|||||||52.09|40.00|47.68|N|||AETNA
002026060100000488|1234567|0987654|N|001|AC123456|03|P|N||PPO|02|PKG0042|PPO001|2|F|W000000372|Perez|Aiden|M|19910727|12946|NC|EC|381357153|W000000372|W000000372|Perez|Aiden|M|EE|19910727|202606010000488|ACAS2026060100000488||TCN2026060100000488|SRC2026060100000488|002026060100000488|NY0001|NY0001||2|100000001|DR Smith MD|2|100000001|PV000001|DR Smith MD|2130 MEDICAL PLAZA||TX MEDICAL CTR|TX|43356|1|01|P|P|20260430|20260527|20260414|20260414|20260529||||||36415||P|Y|07||2|||32||||2|2|670.21|670.21|439.21|0.00|0.00|PR1|CO45||231.00|231.00||50.00|50.00|9.44|19.36|19.36|152.20|152.20|0.00|0.00|0.00|439.21|0.00|0.00|0.00||N|||W000000372|P|W000000372|0|0|0.00|||2|01||670.21||N||Y||||1||01|2000000001|N|0.00|0.00|01|32||||||50||N||||||J44.1|K21.0|Z79.899||J30.9||||||36415|||||||19.36|50.00|9.44|N|||AETNA
002026060100000489|1234567|0987654|N|001|AC123456|03|P|Y||PPO|02|PKG0042|PPO001|N|F|W000000122|Martin|Amelia|F|19920427|52407|OH|EE||W000000536|W000000536|Martin|Evelyn|F|SP|19801017|202606010000489|ACAS2026060100000489||TCN2026060100000489|SRC2026060100000489|002026060100000489|NY0001|NY0001||2|100000034|DR Johnson MD|2|100000034|PV000034|DR Johnson MD|6892 MEDICAL PLAZA||AZ MEDICAL CTR|AZ|53637|1|04|P|N|20260429|20260513|20260413|20260413|20260517||||||99395|26|P|Y|02||F|||11||||1|2|921.09|921.09|584.79|0.00|0.00|PR1|CO45||336.30|336.30||20.00|20.00|84.14|43.20|43.20|188.96|188.96|0.00|0.00|0.00|584.79|0.00|0.00|0.00||N|||W000000536|P|W000000536|0|0|0.00|||N|04||921.09|||N|||||1||04|2000000034|N|0.00|0.00|04|11||||||AT||||||||R05|R51||Z00.00|||||||99395|||||||43.20|20.00|84.14|N|||AETNA
002026060100000490|1234567|0987654|N|001|AC123456|03|P|Y||PPO|02|PKG0042|PPO001|N|F|W000000182|Williams|Sebastian|M|19750911|78402|PA|EC||W000000425|W000000425|Williams|Liam|M|CH|20190716|202606010000490|ACAS2026060100000490||TCN2026060100000490|SRC2026060100000490|002026060100000490|NY0001|NY0001||2|100000153|DR Harris MD|2|100000153|PV000153|DR Harris MD|6852 MEDICAL PLAZA||NJ MEDICAL CTR|NJ|60163|1|03|P|N|20260501|20260523|20260327|20260327|20260526||||||80061||P|Y|03||A|||12||||2|2|332.18|332.18|119.50|0.00|0.00|PR1|CO45||212.68|212.68||75.00|75.00|52.37|15.04|15.04|70.27|70.27|0.00|0.00|0.00|119.50|0.00|0.00|0.00||N|||W000000425|P|W000000425|0|0|0.00|||N|03||332.18||||||||1||03|2000000153|N|0.00|0.00|03|12|||||50|25||||||||R51||G43.909||||||||80061|||||||15.04|75.00|52.37|N|||AETNA
002026060100000491|1234567|0987654|N|001|AC123456|01|I|N||PPO|03|PKG0042|PPO001|1|F|W000000252|Miller|Noah|M|19760314|95659|OH|EC||W000000654|W000000654|Miller|Evelyn|F|SP|19920908|202606010000491|ACAS2026060100000491||TCN2026060100000491|SRC2026060100000491|002026060100000491|NY0001|NY0001||2|100000083|DR Jackson MD|2|100000083|PV000083|DR Jackson MD|7517 MEDICAL PLAZA||NC MEDICAL CTR|NC|86951|4|08|P|P|20260428|20260515|20260422|20260423|20260517||||11|683|85025||I|Y|08||M|||32|01|0300|111|2|1|3865.47|3865.47|1408.41|0.00|0.00|PR1|CO45||2457.06|2457.06||50.00|50.00|512.19|213.03|213.03|1681.84|1681.84|0.00|0.00|0.00|1408.41|0.00|0.00|0.00||N|||W000000654|P|W000000654|0|1|0.00|||1|08||3865.47||||N||||1||08|2000000083|N|0.00|0.00|08|32|5|9|20260422|20260423|AT|||||||||J30.9||R51||||||||85025|||||||213.03|50.00|512.19|N|9||AETNA
002026060100000492|1234567|0987654|N|001|AC123456|03|P|N||PPO|01|PKG0042|PPO001|2|F|W000000368|Lee|Mia|F|19670107|62901|MI|EF||W000000608|W000000608|Lee|Sebastian|M|CH|20011004|202606010000492|ACAS2026060100000492||TCN2026060100000492|SRC2026060100000492|002026060100000492|NY0001|NY0001||2|100000147|DR Jackson MD|2|100000147|PV000147|DR Jackson MD|7407 MEDICAL PLAZA||MI MEDICAL CTR|MI|65069|1|12|P|P|20260513|20260519|20260505|20260505|20260523||||||99232|26|P|Y|02||M|||11||||2|3|406.39|406.39|226.98|0.00|0.00|PR1|CO45||179.41|179.41||30.00|30.00|40.30|24.26|24.26|84.85|84.85|0.00|0.00|0.00|226.98|0.00|0.00|0.00||N|||W000000608|P|W000000608|1|0|0.00|||2|12||406.39||||Y||||1||12|2000000147|N|0.00|0.00|12|11|||||95|95||||||||Z87.891|R05|M17.11||||||||99232|||||||24.26|30.00|40.30|N|||AETNA
002026060100000493|1234567|0987654|N|001|AC123456|03|P|N||PPO|01|PKG0042|PPO001|3|F|W000000383|Jones|Benjamin|M|19830303|87743|OH|EE||W000000528|W000000528|Jones|Jacob|M|SP|19871102|202606010000493|ACAS2026060100000493||TCN2026060100000493|SRC2026060100000493|002026060100000493|NY0001|NY0001||2|100000009|DR Rodriguez MD|2|100000009|PV000009|DR Rodriguez MD|7465 MEDICAL PLAZA||CO MEDICAL CTR|CO|16870|1|09|P|P|20260526|20260531|20260419|20260419|20260604||||||99291|TC|P|Y|04||F|||11||||1|2|2496.42|2496.42|2496.42|0.00|0.00||CO45||0.00|0.00||50.00|50.00|0.00|0.00|0.00|0.00|0.00|0.00|0.00|0.00|0.00|0.00|0.00|0.00||N|||W000000528|D|W000000528|0|0|0.00|||3|09||2496.42||||||||1||09|2000000009|N|0.00|0.00|09|11||||||59||||||||J06.9||||||||||99291|||||||0.00|50.00|0.00|N|||AETNA
002026060100000494|1234567|0987654|N|001|AC123456|03|P|N||PPO|02|PKG0042|PPO001|3|F|W000000231|White|Ethan|M|19640910|40091|NY|EF||W000000423|W000000423|White|Charlotte|F|CH|20040215|202606010000494|ACAS2026060100000494||TCN2026060100000494|SRC2026060100000494|002026060100000494|NY0001|NY0001||2|100000100|DR Brown MD|2|100000100|PV000100|DR Brown MD|2435 MEDICAL PLAZA||WA MEDICAL CTR|WA|53626|1|10|P|P|20260513|20260522|20260316|20260316|20260526||||||99205|25|P|Y|02||S|||21||||3|3|566.49|566.49|393.45|0.00|0.00|PR1|CO45||173.04|173.04||75.00|75.00|33.33|11.73|11.73|52.98|52.98|0.00|0.00|0.00|393.45|0.00|0.00|0.00||N|||W000000423|P|W000000423|0|0|0.00|||3|10||566.49|||Y|||||1||10|2000000100|N|0.00|0.00|10|21|||||TC|||||||||Z23|G47.33|||R05||||||99205|||||||11.73|75.00|33.33|N|||AETNA
002026060100000495|1234567|0987654|N|001|AC123456|03|P|N||PPO|01|PKG0042|PPO001|1|F|W000000203|Walker|Logan|M|19740112|51864|NJ|EE|487562980|W000000203|W000000203|Walker|Logan|M|EE|19740112|202606010000495|ACAS2026060100000495||TCN2026060100000495|SRC2026060100000495|002026060100000495|NY0001|NY0001||2|100000124|DR Ramirez MD|2|100000124|PV000124|DR Ramirez MD|9160 MEDICAL PLAZA||MA MEDICAL CTR|MA|27898|1|04|P|P|20260426|20260524|20260501|20260501|20260527||||||90847|26|P|Y|03||A|||32||||2|3|1320.85|1320.85|933.10|0.00|0.00|PR1|CO45||387.75|387.75||40.00|40.00|4.42|67.24|67.24|276.09|276.09|0.00|0.00|0.00|933.10|0.00|0.00|0.00||N|||W000000203|P|W000000203|0|0|0.00|||1|04||1320.85||Y||Y||||1||04|2000000124|N|0.00|0.00|04|32|||||51|59||||||||N39.0|M17.11|M79.3|I25.10|||||||90847|||||||67.24|40.00|4.42|N|||AETNA
002026060100000496|1234567|0987654|N|001|AC123456|03|P|N||PPO|02|PKG0042|PPO001|2|F|W000000289|Martin|Sofia|F|19870327|56224|AZ|ES|331384801|W000000289|W000000289|Martin|Sofia|F|EE|19870327|202606010000496|ACAS2026060100000496||TCN2026060100000496|SRC2026060100000496|002026060100000496|NY0001|NY0001||2|100000130|DR Johnson MD|2|100000130|PV000130|DR Johnson MD|6832 MEDICAL PLAZA||IL MEDICAL CTR|IL|81962|1|10|P|P|20260430|20260528|20260526|20260526|20260530||||||99291|95|P|Y|08||S|||31||||2|2|1241.52|1241.52|688.25|0.00|0.00|PR1|CO45||553.27|553.27||20.00|20.00|32.68|122.32|122.32|378.27|378.27|0.00|0.00|0.00|688.25|0.00|0.00|0.00||N|||W000000289|P|W000000289|0|0|0.00|||2|10||1241.52|||N|||||1||10|2000000130|N|0.00|0.00|10|31|||||51|25||||||||E66.9|J45.909|||||||||99291|||||||122.32|20.00|32.68|N|||AETNA
002026060100000497|1234567|0987654|N|001|AC123456|03|P|N||PPO|01|PKG0042|PPO001|1|F|W000000084|Ramirez|Nora|F|19621218|54421|PA|EE|696147728|W000000084|W000000084|Ramirez|Nora|F|EE|19621218|202606010000497|ACAS2026060100000497||TCN2026060100000497|SRC2026060100000497|002026060100000497|NY0001|NY0001||2|100000166|DR Garcia MD|2|100000166|PV000166|DR Garcia MD|8246 MEDICAL PLAZA||AZ MEDICAL CTR|AZ|25097|1|01|P|P|20260506|20260521|20260306|20260306|20260525||||||80053|TC|P|Y|05||2|||24||||3|1|1763.09|1763.09|1282.17|0.00|0.00|PR1|CO45||480.92|480.92||20.00|20.00|134.51|56.82|56.82|269.59|269.59|0.00|0.00|0.00|1282.17|0.00|0.00|0.00||N|||W000000084|P|W000000084|0|0|0.00|||1|01||1763.09||N|N|N||||1||01|2000000166|N|0.00|0.00|01|24|||||51|25||||||||S93.401|Z79.899|N39.0||||||||80053|||||||56.82|20.00|134.51|N|||AETNA
002026060100000498|1234567|0987654|N|001|AC123456|03|P|N||PPO|01|PKG0042|PPO001|3|F|W000000262|Anderson|Riley|F|19721127|80789|NJ|EF|864453828|W000000262|W000000262|Anderson|Riley|F|EE|19721127|202606010000498|ACAS2026060100000498||TCN2026060100000498|SRC2026060100000498|002026060100000498|NY0001|NY0001||2|100000235|DR Hernandez MD|2|100000235|PV000235|DR Hernandez MD|1423 MEDICAL PLAZA||CA MEDICAL CTR|CA|43724|1|10|P|P|20260501|20260530|20260511|20260511|20260602||||||90834|50|P|Y|07||2|||31||||1|3|325.53|325.53|189.84|0.00|0.00|PR1|CO45||135.69|135.69||20.00|20.00|30.09|20.34|20.34|65.26|65.26|0.00|0.00|0.00|189.84|0.00|0.00|0.00||N|||W000000262|P|W000000262|0|0|0.00|||3|10||325.53||Y|Y|||||1||10|2000000235|N|0.00|0.00|10|31|||||51|59|Y|||||||S93.401|Z12.31||F32.9|||||||90834|||||||20.34|20.00|30.09|N|||AETNA
002026060100000499|1234567|0987654|N|001|AC123456|03|P|Y||PPO|02|PKG0042|PPO001|N|F|W000000326|Davis|Emma|F|19920228|16103|OH|ES||W000000649|W000000649|Davis|Matthew|M|SP|19940816|202606010000499|ACAS2026060100000499||TCN2026060100000499|SRC2026060100000499|002026060100000499|NY0001|NY0001||2|100000141|DR Gonzalez MD|2|100000141|PV000141|DR Gonzalez MD|872 MEDICAL PLAZA||AZ MEDICAL CTR|AZ|22757|1|06|P|N|20260512|20260518|20260406|20260406|20260522||||||97110|59|P|Y|04||S|||24||||3|1|1659.53|1659.53|446.80|0.00|0.00|PR1|CO45||1212.73|1212.73||20.00|20.00|83.92|169.90|169.90|938.91|938.91|0.00|0.00|0.00|446.80|0.00|0.00|0.00||N|||W000000649|P|W000000649|0|0|0.00|||N|06||1659.53||Y||||||1||06|2000000141|N|0.00|0.00|06|24|||||50|||||||||I25.10||I25.10|M54.5|||||||97110|||||||169.90|20.00|83.92|N|||AETNA
002026060100000500|1234567|0987654|N|001|AC123456|03|P|N||PPO|02|PKG0042|PPO001|2|F|W000000299|Martin|Noah|M|19701104|22441|VA|EE|961615927|W000000299|W000000299|Martin|Noah|M|EE|19701104|202606010000500|ACAS2026060100000500||TCN2026060100000500|SRC2026060100000500|002026060100000500|NY0001|NY0001||2|100000253|DR Lewis MD|2|100000253|PV000253|DR Lewis MD|2716 MEDICAL PLAZA||OH MEDICAL CTR|OH|68408|1|38|P|P|20260417|20260516|20260320|20260320|20260519||||||97110|25|P|Y|03||F|||23||||1|2|3195.42|3195.42|1585.72|0.00|0.00|PR1|CO45||1609.70|1609.70||75.00|75.00|53.79|338.56|338.56|1142.35|1142.35|0.00|0.00|0.00|1585.72|0.00|0.00|0.00||N|||W000000299|P|W000000299|0|0|0.00|||2|38||3195.42||N||N||||1||38|2000000253|N|0.00|0.00|38|23|||||GT||N|||||||Z79.899||I50.9|J45.909|||||||97110|||||||338.56|75.00|53.79|N|||AETNA
002026060100000501|1234567|0987654|N|001|AC123456|03|P|N||PPO|03|PKG0042|PPO001|2|F|W000000080|Jackson|William|M|19931208|94505|OH|EF|623771557|W000000080|W000000080|Jackson|William|M|EE|19931208|202606010000501|ACAS2026060100000501||TCN2026060100000501|SRC2026060100000501|002026060100000501|NY0001|NY0001||2|100000159|DR Walker MD|2|100000159|PV000159|DR Walker MD|1828 MEDICAL PLAZA||CO MEDICAL CTR|CO|48150|1|09|P|P|20260520|20260530|20260504|20260504|20260531||||||99214|GT|P|Y|02||F|||11||||2|1|533.85|533.85|533.85|0.00|0.00||CO45||0.00|0.00||20.00|20.00|0.00|0.00|0.00|0.00|0.00|0.00|0.00|0.00|0.00|0.00|0.00|0.00||N|||W000000080|D|W000000080|0|0|0.00|||2|09||533.85|||N|||||1||09|2000000159|N|0.00|0.00|09|11|||||GT|||||||||S93.401|F32.9|||||||||99214|||||||0.00|20.00|0.00|N|||AETNA
002026060100000502|1234567|0987654|N|001|AC123456|03|P|Y||PPO|03|PKG0042|PPO001|N|F|W000000144|Jackson|Emily|F|19601211|38734|NY|EF||W000000457|W000000457|Jackson|Isabella|F|CH|20070412|202606010000502|ACAS2026060100000502||TCN2026060100000502|SRC2026060100000502|002026060100000502|NY0001|NY0001||2|100000079|DR Anderson MD|2|100000079|PV000079|DR Anderson MD|6705 MEDICAL PLAZA||MI MEDICAL CTR|MI|57237|1|04|P|N|20260517|20260522|20260429|20260429|20260526||||||99203|50|P|Y|06||S|||11||||2|3|685.06|685.06|469.52|0.00|0.00|PR1|CO45||215.54|215.54||75.00|75.00|7.25|27.47|27.47|105.82|105.82|0.00|0.00|0.00|469.52|0.00|0.00|0.00||N|||W000000457|P|W000000457|0|0|0.00|||N|04||685.06||||||||1||04|2000000079|N|0.00|0.00|04|11|||||95||Y|||||||M17.11|||M17.11|||||||99203|||||||27.47|75.00|7.25|N|||AETNA
002026060100000503|1234567|0987654|N|001|AC123456|03|P|N||PPO|01|PKG0042|PPO001|2|F|W000000018|Martin|Evelyn|F|19900114|39850|WA|EF||W000000674|W000000674|Martin|Jackson|M|CH|20020428|202606010000503|ACAS2026060100000503||TCN2026060100000503|SRC2026060100000503|002026060100000503|NY0001|NY0001||2|100000069|DR Jones MD|2|100000069|PV000069|DR Jones MD|508 MEDICAL PLAZA||MI MEDICAL CTR|MI|91145|1|09|P|P|20260426|20260519|20260504|20260504|20260521||||||99214|25|P|Y|02||2|||32||||2|3|426.27|426.27|262.57|0.00|0.00|PR1|CO45||163.70|163.70||20.00|20.00|12.62|14.85|14.85|116.23|116.23|0.00|0.00|0.00|262.57|0.00|0.00|0.00||N|||W000000674|P|W000000674|1|0|0.00|||2|09||426.27||||||||1||09|2000000069|N|0.00|0.00|09|32||||||GT||||||||E11.65||||||||||99214|||||||14.85|20.00|12.62|N|||AETNA
002026060100000504|1234567|0987654|N|001|AC123456|03|P|N||PPO|01|PKG0042|PPO001|3|F|W000000368|Lee|Mia|F|19670107|62901|MI|EF||W000000608|W000000608|Lee|Sebastian|M|CH|20011004|202606010000504|ACAS2026060100000504||TCN2026060100000504|SRC2026060100000504|002026060100000504|NY0001|NY0001||2|100000097|DR Smith MD|2|100000097|PV000097|DR Smith MD|5566 MEDICAL PLAZA||CO MEDICAL CTR|CO|81212|1|07|P|P|20260516|20260530|20260515|20260515|20260603||||||99213||P|Y|01||F|||99||||2|3|495.48|495.48|137.11|0.00|0.00|PR1|CO45||358.37|358.37||30.00|30.00|19.64|76.54|76.54|232.19|232.19|0.00|0.00|0.00|137.11|0.00|0.00|0.00||N|||W000000608|P|W000000608|0|0|0.00|||3|07||495.48||Y||||||1||07|2000000097|N|0.00|0.00|07|99||||||||||||||F32.9||Z87.891||||||||99213|||||||76.54|30.00|19.64|N|||AETNA
002026060100000505|1234567|0987654|N|001|AC123456|03|P|N||PPO|02|PKG0042|PPO001|1|F|W000000192|Moore|Charlotte|F|19921104|51656|TX|EE|288483114|W000000192|W000000192|Moore|Charlotte|F|EE|19921104|202606010000505|ACAS2026060100000505||TCN2026060100000505|SRC2026060100000505|002026060100000505|NY0001|NY0001||2|100000180|DR Martin MD|2|100000180|PV000180|DR Martin MD|3096 MEDICAL PLAZA||VA MEDICAL CTR|VA|73240|1|50|P|P|20260512|20260524|20260514|20260514|20260526||||||99396|26|P|Y|04||M|||22||||1|2|2848.96|2848.96|1590.36|0.00|0.00|PR1|CO45||1258.60|1258.60||40.00|40.00|2.82|295.54|295.54|920.24|920.24|0.00|0.00|0.00|1590.36|0.00|0.00|0.00||N|||W000000192|P|W000000192|0|0|0.00|||1|50||2848.96||||||||1||50|2000000180|N|0.00|0.00|50|22|||||59|||||||||F41.9||||N39.0||||||99396|||||||295.54|40.00|2.82|N|||AETNA
002026060100000506|1234567|0987654|N|001|AC123456|03|P|N||PPO|03|PKG0042|PPO001|2|F|W000000318|Davis|Elizabeth|F|19900221|65669|FL|EC|250696794|W000000318|W000000318|Davis|Elizabeth|F|EE|19900221|202606010000506|ACAS2026060100000506||TCN2026060100000506|SRC2026060100000506|002026060100000506|NY0001|NY0001||2|100000073|DR Rodriguez MD|2|100000073|PV000073|DR Rodriguez MD|512 MEDICAL PLAZA||NY MEDICAL CTR|NY|49407|1|38|P|P|20260504|20260527|20260512|20260512|20260530||||||99204|95|P|Y|03||N|||22||||2|2|283.27|283.27|283.27|0.00|0.00||CO45||0.00|0.00||0.00|0.00|0.00|0.00|0.00|0.00|0.00|0.00|0.00|0.00|0.00|0.00|0.00|0.00||N|||W000000318|D|W000000318|0|0|0.00|||2|38||283.27|||Y|||||1||38|2000000073|N|0.00|0.00|38|22||||||AT||||||||M17.11|J06.9|||||||||99204|||||||0.00|0.00|0.00|N|||AETNA
002026060100000507|1234567|0987654|N|001|AC123456|03|P|N||PPO|02|PKG0042|PPO001|3|F|W000000372|Perez|Aiden|M|19910727|12946|NC|EC|381357153|W000000372|W000000372|Perez|Aiden|M|EE|19910727|202606010000507|ACAS2026060100000507||TCN2026060100000507|SRC2026060100000507|002026060100000507|NY0001|NY0001||2|100000275|DR Jackson MD|2|100000275|PV000275|DR Jackson MD|3171 MEDICAL PLAZA||GA MEDICAL CTR|GA|51164|1|05|P|P|20260518|20260531|20260419|20260419|20260602||||||99213|50|P|Y|04||M|||24||||2|2|298.63|298.63|78.22|0.00|0.00|PR1|CO45||220.41|220.41||20.00|20.00|64.42|24.29|24.29|111.70|111.70|0.00|0.00|0.00|78.22|0.00|0.00|0.00||N|||W000000372|P|W000000372|0|0|0.00|||3|05||298.63||||||||1||05|2000000275|N|0.00|0.00|05|24|||||25|25||||||||Z23|J06.9|M54.5||||||||99213|||||||24.29|20.00|64.42|N|||AETNA
002026060100000508|1234567|0987654|N|001|AC123456|03|P|Y||PPO|02|PKG0042|PPO001|N|F|W000000174|Thomas|Logan|M|19770505|86916|IL|EF|891139762|W000000174|W000000174|Thomas|Logan|M|EE|19770505|202606010000508|ACAS2026060100000508||TCN2026060100000508|SRC2026060100000508|002026060100000508|NY0001|NY0001||2|100000144|DR Thomas MD|2|100000144|PV000144|DR Thomas MD|6819 MEDICAL PLAZA||NC MEDICAL CTR|NC|58673|1|09|P|N|20260423|20260516|20260412|20260412|20260518||||||90847||P|Y|04||1|||32||||2|2|2615.64|2615.64|1241.40|0.00|0.00|PR1|CO45||1374.24|1374.24||20.00|20.00|140.96|230.12|230.12|983.16|983.16|0.00|0.00|0.00|1241.40|0.00|0.00|0.00||N|||W000000174|P|W000000174|0|0|0.00|||N|09||2615.64||||||||1||09|2000000144|N|0.00|0.00|09|32|||||26|25||||||||S93.401||||||||||90847|||||||230.12|20.00|140.96|N|||AETNA
002026060100000509|1234567|0987654|N|001|AC123456|01|I|Y||PPO|01|PKG0042|PPO001|N|F|W000000189|Harris|Zoey|F|19750911|86546|NY|EF|353605111|W000000189|W000000189|Harris|Zoey|F|EE|19750911|202606010000509|ACAS2026060100000509||TCN2026060100000509|SRC2026060100000509|002026060100000509|NY0001|NY0001||2|100000259|DR Williams MD|2|100000259|PV000259|DR Williams MD|803 MEDICAL PLAZA||CO MEDICAL CTR|CO|14898|4|04|P|N|20260514|20260523|20260526|20260530|20260526||||02|683|99232|59|I|Y|02||N|||31|20|0200|132|1|3|1131.01|1131.01|675.58|0.00|0.00|PR1|CO45||455.43|455.43||0.00|0.00|68.90|54.60|54.60|331.93|331.93|0.00|0.00|0.00|675.58|0.00|0.00|0.00||N|||W000000189|P|W000000189|0|1|0.00|||N|04||1131.01||||||||1||04|2000000259|N|0.00|0.00|04|31|1||20260526|20260530||AT||||||||G43.909|N39.0|||||||||99232|||||||54.60|0.00|68.90|N|||AETNA
002026060100000510|1234567|0987654|N|001|AC123456|03|P|N||PPO|02|PKG0042|PPO001|3|F|W000000166|Brown|Amelia|F|19671218|50451|FL|EF|811163850|W000000166|W000000166|Brown|Amelia|F|EE|19671218|202606010000510|ACAS2026060100000510||TCN2026060100000510|SRC2026060100000510|002026060100000510|NY0001|NY0001||2|100000205|DR Gonzalez MD|2|100000205|PV000205|DR Gonzalez MD|6952 MEDICAL PLAZA||PA MEDICAL CTR|PA|90188|1|10|P|P|20260510|20260517|20260317|20260317|20260518||||||99396||P|Y|07||A|||31||||1|1|4033.20|4033.20|1952.17|0.00|0.00|PR1|CO45||2081.03|2081.03||50.00|50.00|465.69|314.90|314.90|1250.44|1250.44|0.00|0.00|0.00|1952.17|0.00|0.00|0.00||N|||W000000166|P|W000000166|0|0|0.00|||3|10||4033.20||Y||||||1||10|2000000205|N|0.00|0.00|10|31|||||AT|51||Y||||||J30.9|R51|||I50.9||||||99396|||||||314.90|50.00|465.69|N|||AETNA
002026060100000511|1234567|0987654|N|001|AC123456|01|I|Y||PPO|03|PKG0042|PPO001|N|F|W000000313|Taylor|Benjamin|M|19911114|41957|NC|ES||W000000697|W000000697|Taylor|David|M|CH|20010911|202606010000511|ACAS2026060100000511||TCN2026060100000511|SRC2026060100000511|002026060100000511|NY0001|NY0001||2|100000101|DR Jones MD|2|100000101|PV000101|DR Jones MD|2959 MEDICAL PLAZA||TX MEDICAL CTR|TX|82180|4|11|P|N|20260507|20260520|20260331|20260401|20260524||||09|683|99291|TC|I|Y|08||4|||11|20|0730|131|3|3|453.56|453.56|327.78|0.00|0.00|PR1|CO45||125.78|125.78||40.00|40.00|20.79|13.31|13.31|51.68|51.68|0.00|0.00|0.00|327.78|0.00|0.00|0.00||N|||W000000697|P|W000000697|0|1|0.00|||N|11||453.56|||Y|N||||1||11|2000000101|N|0.00|0.00|11|11|5|3|20260331|20260401|95|51||||||||G47.33|E11.65|Z23||||||||99291|||||||13.31|40.00|20.79|N|3||AETNA
002026060100000512|1234567|0987654|N|001|AC123456|01|I|Y||PPO|01|PKG0042|PPO001|N|F|W000000195|Davis|Zoey|F|19701128|43724|FL|EC||W000000523|W000000523|Davis|Avery|F|CH|20170617|202606010000512|ACAS2026060100000512||TCN2026060100000512|SRC2026060100000512|002026060100000512|NY0001|NY0001||2|100000069|DR Jones MD|2|100000069|PV000069|DR Jones MD|734 MEDICAL PLAZA||AZ MEDICAL CTR|AZ|54693|4|09|P|N|20260425|20260515|20260521|20260523|20260517||||04|872|80053||I|Y|07||2|||24|04|0110|212|2|3|740.51|740.51|513.78|0.00|0.00|PR1|CO45||226.73|226.73||75.00|75.00|50.58|18.08|18.08|83.07|83.07|0.00|0.00|0.00|513.78|0.00|0.00|0.00||N|||W000000523|P|W000000523|0|1|0.00|||N|09||740.51||N|N|||||1||09|2000000069|N|0.00|0.00|09|24|5|1|20260521|20260523||||||||||I25.10|F41.9|||||||||80053|||||||18.08|75.00|50.58|N|1||AETNA
002026060100000513|1234567|0987654|N|001|AC123456|03|P|N||PPO|03|PKG0042|PPO001|1|F|W000000116|Williams|Evelyn|F|19660412|69479|WA|EF||W000000589|W000000589|Williams|Emily|F|CH|20070914|202606010000513|ACAS2026060100000513||TCN2026060100000513|SRC2026060100000513|002026060100000513|NY0001|NY0001||2|100000224|DR Young MD|2|100000224|PV000224|DR Young MD|8812 MEDICAL PLAZA||NJ MEDICAL CTR|NJ|66494|1|40|P|P|20260503|20260513|20260317|20260317|20260514||||||90847||P|Y|02||S|||99||||1|2|379.34|379.34|283.14|0.00|0.00|PR1|CO45||96.20|96.20||75.00|75.00|19.09|0.26|0.26|1.85|1.85|0.00|0.00|0.00|283.14|0.00|0.00|0.00||N|||W000000589|P|W000000589|0|0|0.00|||1|40||379.34|||N|||||1||40|2000000224|N|0.00|0.00|40|99||||||AT||||||||E78.5|Z79.899|||||||||90847|||||||0.26|75.00|19.09|N|||AETNA
002026060100000514|1234567|0987654|N|001|AC123456|03|P|N||PPO|03|PKG0042|PPO001|1|F|W000000246|Gonzalez|Ava|F|19820118|91913|CO|EC||W000000572|W000000572|Gonzalez|Emma|F|SP|19950708|202606010000514|ACAS2026060100000514||TCN2026060100000514|SRC2026060100000514|002026060100000514|NY0001|NY0001||2|100000100|DR Brown MD|2|100000100|PV000100|DR Brown MD|3113 MEDICAL PLAZA||NC MEDICAL CTR|NC|64080|1|10|P|P|20260512|20260520|20260525|20260525|20260521||||||99291||P|Y|04||S|||31||||1|2|751.30|751.30|751.30|0.00|0.00||CO45||0.00|0.00||30.00|30.00|0.00|0.00|0.00|0.00|0.00|0.00|0.00|0.00|0.00|0.00|0.00|0.00||N|||W000000572|D|W000000572|0|0|0.00|||1|10||751.30||N|N|||||1||10|2000000100|N|0.00|0.00|10|31|||||25|25||||||||M79.3|F32.9|||||||||99291|||||||0.00|30.00|0.00|N|||AETNA
002026060100000515|1234567|0987654|N|001|AC123456|03|P|N||PPO|02|PKG0042|PPO001|2|F|W000000187|Robinson|Abigail|F|19880604|64284|AZ|EC||W000000672|W000000672|Robinson|Abigail|F|SP|19731028|202606010000515|ACAS2026060100000515||TCN2026060100000515|SRC2026060100000515|002026060100000515|NY0001|NY0001||2|100000075|DR Hernandez MD|2|100000075|PV000075|DR Hernandez MD|5666 MEDICAL PLAZA||GA MEDICAL CTR|GA|93064|1|50|P|P|20260502|20260525|20260410|20260410|20260527||||||99203|95|P|Y|06||B|||12||||2|1|147.23|147.23|61.01|0.00|0.00|PR1|CO45||86.22|86.22||50.00|50.00|16.80|2.28|2.28|17.14|17.14|0.00|0.00|0.00|61.01|0.00|0.00|0.00||N|||W000000672|P|W000000672|0|0|0.00|||2|50||147.23||||||||1||50|2000000075|N|0.00|0.00|50|12|||||25|GT||||||||E11.65|N39.0|||||||||99203|||||||2.28|50.00|16.80|N|||AETNA
002026060100000516|1234567|0987654|N|001|AC123456|01|I|N||PPO|02|PKG0042|PPO001|1|F|W000000074|Young|Elijah|M|19621203|53363|MI|EE|965797078|W000000074|W000000074|Young|Elijah|M|EE|19621203|202606010000516|ACAS2026060100000516||TCN2026060100000516|SRC2026060100000516|002026060100000516|NY0001|NY0001||2|100000280|DR White MD|2|100000280|PV000280|DR White MD|5428 MEDICAL PLAZA||NC MEDICAL CTR|NC|45658|4|10|P|P|20260506|20260523|20260418|20260422|20260524||||10|872|99203|59|I|Y|05||B|||32|03|0300|111|1|2|1190.60|1190.60|715.35|0.00|0.00|PR1|CO45||475.25|475.25||0.00|0.00|113.94|70.23|70.23|291.08|291.08|0.00|0.00|0.00|715.35|0.00|0.00|0.00||N|||W000000074|P|W000000074|0|1|0.00|||1|10||1190.60|||N|||||1||10|2000000280|N|0.00|0.00|10|32|4||20260418|20260422||AT||||||||E11.9|F41.9|E11.65||||||||99203|||||||70.23|0.00|113.94|N|||AETNA
002026060100000517|1234567|0987654|N|001|AC123456|01|I|N||PPO|01|PKG0042|PPO001|3|F|W000000084|Ramirez|Nora|F|19621218|54421|PA|EE||W000000618|W000000618|Ramirez|Amelia|F|SP|19970511|202606010000517|ACAS2026060100000517||TCN2026060100000517|SRC2026060100000517|002026060100000517|NY0001|NY0001||2|100000145|DR Taylor MD|2|100000145|PV000145|DR Taylor MD|8923 MEDICAL PLAZA||FL MEDICAL CTR|FL|82316|4|10|P|P|20260501|20260516|20260415|20260417|20260519||||07|683|93000|25|I|Y|07||A|||12|05|0370|112|1|2|875.64|875.64|559.90|0.00|0.00|PR1|CO45||315.74|315.74||30.00|30.00|67.27|25.23|25.23|193.24|193.24|0.00|0.00|0.00|559.90|0.00|0.00|0.00||N|||W000000618|P|W000000618|0|1|0.00|||3|10||875.64||N|Y|||||1||10|2000000145|N|0.00|0.00|10|12|5|3|20260415|20260417|AT|||||||||Z87.891|Z87.891|Z23||||||||93000|||||||25.23|30.00|67.27|N|3||AETNA
002026060100000518|1234567|0987654|N|001|AC123456|03|P|N||PPO|02|PKG0042|PPO001|2|F|W000000047|Jones|Henry|M|19821225|89758|PA|EF|321514392|W000000047|W000000047|Jones|Henry|M|EE|19821225|202606010000518|ACAS2026060100000518||TCN2026060100000518|SRC2026060100000518|002026060100000518|NY0001|NY0001||2|100000015|DR Anderson MD|2|100000015|PV000015|DR Anderson MD|7661 MEDICAL PLAZA||TX MEDICAL CTR|TX|47814|1|50|P|P|20260513|20260523|20260307|20260307|20260526||||||85025|GT|P|Y|07||N|||31||||3|1|633.39|633.39|258.72|0.00|0.00|PR1|CO45||374.67|374.67||40.00|40.00|89.00|29.95|29.95|215.72|215.72|0.00|0.00|0.00|258.72|0.00|0.00|0.00||N|||W000000047|P|W000000047|0|0|0.00|||2|50||633.39||N||Y||||1||50|2000000015|N|0.00|0.00|50|31||||||||||||||M54.5|K57.30|Z12.31||||||||85025|||||||29.95|40.00|89.00|N|||AETNA
002026060100000519|1234567|0987654|N|001|AC123456|01|I|N||PPO|03|PKG0042|PPO001|3|F|W000000333|Martinez|Zoey|F|19760503|20507|FL|EE|990727441|W000000333|W000000333|Martinez|Zoey|F|EE|19760503|202606010000519|ACAS2026060100000519||TCN2026060100000519|SRC2026060100000519|002026060100000519|NY0001|NY0001||2|100000149|DR Lee MD|2|100000149|PV000149|DR Lee MD|6276 MEDICAL PLAZA||GA MEDICAL CTR|GA|13894|4|40|P|P|20260517|20260522|20260310|20260314|20260524||||08|195|99395||I|Y|02||4|||31|02|0900|111|1|1|477.32|477.32|138.53|0.00|0.00|PR1|CO45||338.79|338.79||30.00|30.00|14.80|30.30|30.30|263.69|263.69|0.00|0.00|0.00|138.53|0.00|0.00|0.00||N|||W000000333|P|W000000333|0|1|0.00|||3|40||477.32||Y||N||||1||40|2000000149|N|0.00|0.00|40|31|2|1|20260310|20260314|26|95||||||||K57.30|R51|M79.3||||||||99395|||||||30.30|30.00|14.80|N|1||AETNA
002026060100000520|1234567|0987654|N|001|AC123456|01|I|N||PPO|01|PKG0042|PPO001|2|F|W000000070|Gonzalez|Jackson|M|19940417|59717|AZ|EC||W000000417|W000000417|Gonzalez|William|M|CH|20010618|202606010000520|ACAS2026060100000520||TCN2026060100000520|SRC2026060100000520|002026060100000520|NY0001|NY0001||2|100000139|DR Hernandez MD|2|100000139|PV000139|DR Hernandez MD|1750 MEDICAL PLAZA||NC MEDICAL CTR|NC|96160|4|04|P|P|20260522|20260528|20260504|20260508|20260530||||15|470|99204||I|Y|07||A|||31|05|0636|122|2|1|310.90|310.90|186.67|0.00|0.00|PR1|CO45||124.23|124.23||50.00|50.00|25.26|7.57|7.57|41.40|41.40|0.00|0.00|0.00|186.67|0.00|0.00|0.00||N|||W000000417|P|W000000417|0|1|0.00|||2|04||310.90||||||||1||04|2000000139|N|0.00|0.00|04|31|7|1|20260504|20260508|95|50|N|||||||J45.909|||J30.9|||||||99204|||||||7.57|50.00|25.26|N|1||AETNA
002026060100000521|1234567|0987654|N|001|AC123456|01|I|N||PPO|01|PKG0042|PPO001|2|F|W000000251|Gonzalez|Nora|F|19871112|53353|TX|EC|905327811|W000000251|W000000251|Gonzalez|Nora|F|EE|19871112|202606010000521|ACAS2026060100000521||TCN2026060100000521|SRC2026060100000521|002026060100000521|NY0001|NY0001||2|100000260|DR Brown MD|2|100000260|PV000260|DR Brown MD|1556 MEDICAL PLAZA||VA MEDICAL CTR|VA|84160|4|05|P|P|20260421|20260513|20260408|20260409|20260515||||14|292|99204|GT|I|Y|04||F|||22|04|0450|121|2|3|1234.67|1234.67|727.49|0.00|0.00|PR1|CO45||507.18|507.18||75.00|75.00|112.14|62.71|62.71|257.33|257.33|0.00|0.00|0.00|727.49|0.00|0.00|0.00||N|||W000000251|P|W000000251|0|1|0.00|||2|05||1234.67||||||||1||05|2000000260|N|0.00|0.00|05|22|4|3|20260408|20260409|95|||||||||I50.9|||I25.10|||||||99204|||||||62.71|75.00|112.14|N|3||AETNA
002026060100000522|1234567|0987654|N|001|AC123456|03|P|N||PPO|01|PKG0042|PPO001|3|F|W000000103|Miller|Aria|F|19670608|12427|WA|EF|816769239|W000000103|W000000103|Miller|Aria|F|EE|19670608|202606010000522|ACAS2026060100000522||TCN2026060100000522|SRC2026060100000522|002026060100000522|NY0001|NY0001||2|100000214|DR Perez MD|2|100000214|PV000214|DR Perez MD|2909 MEDICAL PLAZA||OH MEDICAL CTR|OH|50074|1|04|P|P|20260512|20260519|20260307|20260307|20260521||||||99283|25|P|Y|01||F|||24||||1|2|245.81|245.81|79.37|0.00|0.00|PR1|CO45||166.44|166.44||30.00|30.00|14.98|21.65|21.65|99.81|99.81|0.00|0.00|0.00|79.37|0.00|0.00|0.00||N|||W000000103|P|W000000103|0|0|0.00|||3|04||245.81||||Y||||1||04|2000000214|N|0.00|0.00|04|24||||||||||||||I25.10|E66.9|J06.9||||||||99283|||||||21.65|30.00|14.98|N|||AETNA
002026060100000523|1234567|0987654|N|001|AC123456|03|P|N||PPO|01|PKG0042|PPO001|2|F|W000000135|Lewis|Sebastian|M|19910320|58649|CO|ES|104106063|W000000135|W000000135|Lewis|Sebastian|M|EE|19910320|202606010000523|ACAS2026060100000523||TCN2026060100000523|SRC2026060100000523|002026060100000523|NY0001|NY0001||2|100000058|DR Sanchez MD|2|100000058|PV000058|DR Sanchez MD|8915 MEDICAL PLAZA||NY MEDICAL CTR|NY|57578|1|38|P|P|20260514|20260525|20260327|20260327|20260526||||||99232|26|P|Y|01||B|||21||||1|3|1027.73|1027.73|311.72|0.00|0.00|PR1|CO45||716.01|716.01||20.00|20.00|187.86|102.23|102.23|405.92|405.92|0.00|0.00|0.00|311.72|0.00|0.00|0.00||N|||W000000135|P|W000000135|0|0|0.00|||2|38||1027.73|||N|||||1||38|2000000058|N|0.00|0.00|38|21||||||50||||||||I10|I50.9|||||||||99232|||||||102.23|20.00|187.86|N|||AETNA
002026060100000524|1234567|0987654|N|001|AC123456|03|P|N||PPO|01|PKG0042|PPO001|3|F|W000000054|Miller|Olivia|F|19720209|54765|FL|ES||W000000578|W000000578|Miller|Sophia|F|SP|19700527|202606010000524|ACAS2026060100000524||TCN2026060100000524|SRC2026060100000524|002026060100000524|NY0001|NY0001||2|100000046|DR Wilson MD|2|100000046|PV000046|DR Wilson MD|7064 MEDICAL PLAZA||IL MEDICAL CTR|IL|56880|1|01|P|P|20260423|20260520|20260313|20260313|20260521||||||90847|GT|P|Y|06||M|||24||||2|3|3878.81|3878.81|1136.42|0.00|0.00|PR1|CO45||2742.39|2742.39||40.00|40.00|250.69|493.41|493.41|1958.29|1958.29|0.00|0.00|0.00|1136.42|0.00|0.00|0.00||N|||W000000578|P|W000000578|0|0|0.00|||3|01||3878.81||N||||||1||01|2000000046|N|0.00|0.00|01|24|||||95|50||||||||J45.909||J06.9|R05|||||||90847|||||||493.41|40.00|250.69|N|||AETNA
002026060100000525|1234567|0987654|N|001|AC123456|03|P|N||PPO|02|PKG0042|PPO001|3|F|W000000224|Miller|Aria|F|19740818|68760|MA|EC|489613273|W000000224|W000000224|Miller|Aria|F|EE|19740818|202606010000525|ACAS2026060100000525||TCN2026060100000525|SRC2026060100000525|002026060100000525|NY0001|NY0001||2|100000182|DR Perez MD|2|100000182|PV000182|DR Perez MD|1264 MEDICAL PLAZA||VA MEDICAL CTR|VA|13909|1|02|P|P|20260511|20260524|20260421|20260421|20260527||||||93000|59|P|Y|08||F|||21||||2|2|2351.23|2351.23|1418.79|0.00|0.00|PR1|CO45||932.44|932.44||75.00|75.00|68.21|95.52|95.52|693.71|693.71|0.00|0.00|0.00|1418.79|0.00|0.00|0.00||N|||W000000224|P|W000000224|0|0|0.00|||3|02||2351.23||Y||||||1||02|2000000182|N|0.00|0.00|02|21|||||51|AT||||||||J30.9|Z12.31|||||||||93000|||||||95.52|75.00|68.21|N|||AETNA
002026060100000526|1234567|0987654|N|001|AC123456|01|I|N||PPO|01|PKG0042|PPO001|3|F|W000000218|Lopez|Charlotte|F|19840610|97904|VA|ES|192403324|W000000218|W000000218|Lopez|Charlotte|F|EE|19840610|202606010000526|ACAS2026060100000526||TCN2026060100000526|SRC2026060100000526|002026060100000526|NY0001|NY0001||2|100000015|DR Anderson MD|2|100000015|PV000015|DR Anderson MD|9333 MEDICAL PLAZA||NJ MEDICAL CTR|NJ|88894|4|50|P|P|20260506|20260529|20260503|20260507|20260602||||03|194|90834|GT|I|Y|07||N|||24|05|0450|111|1|2|185.05|185.05|127.66|0.00|0.00|PR1|CO45||57.39|57.39||75.00|75.00|14.93|0.00|0.00|0.00|0.00|0.00|0.00|0.00|127.66|0.00|0.00|0.00||N|||W000000218|P|W000000218|0|1|0.00|||3|50||185.05||Y|N|||||1||50|2000000015|N|0.00|0.00|50|24|1|9|20260503|20260507|95|AT||||||||F32.9|M79.3||S93.401|||||||90834|||||||0.00|75.00|14.93|N|9||AETNA
002026060100000527|1234567|0987654|N|001|AC123456|03|P|N||PPO|02|PKG0042|PPO001|1|F|W000000155|Young|Noah|M|19611012|79068|MA|EF||W000000647|W000000647|Young|Victoria|F|SP|19930311|202606010000527|ACAS2026060100000527||TCN2026060100000527|SRC2026060100000527|002026060100000527|NY0001|NY0001||2|100000096|DR Young MD|2|100000096|PV000096|DR Young MD|6847 MEDICAL PLAZA||PA MEDICAL CTR|PA|36542|1|06|P|P|20260502|20260515|20260414|20260414|20260519||||||99214|50|P|Y|03||A|||13||||2|3|421.48|421.48|223.38|0.00|0.00|PR1|CO45||198.10|198.10||50.00|50.00|14.68|25.86|25.86|107.56|107.56|0.00|0.00|0.00|223.38|0.00|0.00|0.00||N|||W000000647|P|W000000647|0|0|0.00|||1|06||421.48||N||||||1||06|2000000096|N|0.00|0.00|06|13|||||95|||||||||M17.11||||||||||99214|||||||25.86|50.00|14.68|N|||AETNA
002026060100000528|1234567|0987654|N|001|AC123456|03|P|Y||PPO|03|PKG0042|PPO001|N|F|W000000101|Thompson|Sofia|F|19690716|17417|FL|EC|390402493|W000000101|W000000101|Thompson|Sofia|F|EE|19690716|202606010000528|ACAS2026060100000528||TCN2026060100000528|SRC2026060100000528|002026060100000528|NY0001|NY0001||2|100000042|DR Martinez MD|2|100000042|PV000042|DR Martinez MD|6225 MEDICAL PLAZA||IL MEDICAL CTR|IL|71686|1|12|P|N|20260417|20260515|20260319|20260319|20260517||||||99203||P|Y|03||M|||24||||3|2|951.68|951.68|573.02|0.00|0.00|PR1|CO45||378.66|378.66||20.00|20.00|47.20|61.66|61.66|249.80|249.80|0.00|0.00|0.00|573.02|0.00|0.00|0.00||N|||W000000101|P|W000000101|0|0|0.00|||N|12||951.68||Y||Y||||1||12|2000000042|N|0.00|0.00|12|24|||||GT|||||||||Z00.00|M54.5|S93.401||||||||99203|||||||61.66|20.00|47.20|N|||AETNA
002026060100000529|1234567|0987654|N|001|AC123456|01|I|Y||PPO|01|PKG0042|PPO001|N|F|W000000066|Wilson|Nora|F|19730616|33185|PA|EE||W000000641|W000000641|Wilson|James|M|CH|20010202|202606010000529|ACAS2026060100000529||TCN2026060100000529|SRC2026060100000529|002026060100000529|NY0001|NY0001||2|100000007|DR Miller MD|2|100000007|PV000007|DR Miller MD|3450 MEDICAL PLAZA||IL MEDICAL CTR|IL|86882|4|07|P|N|20260421|20260516|20260310|20260310|20260518||||10|392|99396||I|Y|01||B|||99|20|0300|211|1|1|626.57|626.57|193.03|0.00|0.00|PR1|CO45||433.54|433.54||20.00|20.00|47.85|67.11|67.11|298.58|298.58|0.00|0.00|0.00|193.03|0.00|0.00|0.00||N|||W000000641|P|W000000641|0|1|0.00|||N|07||626.57||||Y||||1||07|2000000007|N|0.00|0.00|07|99|5|1|20260310|20260310|26|51|N|||||||J30.9||J44.1|I25.10|||||||99396|||||||67.11|20.00|47.85|N|1||AETNA
002026060100000530|1234567|0987654|N|001|AC123456|01|I|N||PPO|02|PKG0042|PPO001|1|F|W000000122|Martin|Amelia|F|19920427|52407|OH|EE||W000000645|W000000645|Martin|Harper|F|CH|20150616|202606010000530|ACAS2026060100000530||TCN2026060100000530|SRC2026060100000530|002026060100000530|NY0001|NY0001||2|100000276|DR Martin MD|2|100000276|PV000276|DR Martin MD|5821 MEDICAL PLAZA||NJ MEDICAL CTR|NJ|81370|4|06|P|P|20260508|20260524|20260330|20260401|20260525||||07|196|99205||I|Y|06||S|||24|04|0900|122|2|1|202.45|202.45|148.13|0.00|0.00|PR1|CO45||54.32|54.32||40.00|40.00|14.63|0.00|0.00|0.00|0.00|0.00|0.00|0.00|148.13|0.00|0.00|0.00||N|||W000000645|P|W000000645|0|1|0.00|||1|06||202.45||||||||1||06|2000000276|N|0.00|0.00|06|24|5|1|20260330|20260401|25|GT||||||||Z79.899|J06.9|G43.909||||||||99205|||||||0.00|40.00|14.63|N|1||AETNA
002026060100000531|1234567|0987654|N|001|AC123456|03|P|N||PPO|03|PKG0042|PPO001|1|F|W000000239|Smith|William|M|19661117|71345|OH|EF||W000000419|W000000419|Smith|Jackson|M|CH|20130219|202606010000531|ACAS2026060100000531||TCN2026060100000531|SRC2026060100000531|002026060100000531|NY0001|NY0001||2|100000027|DR Clark MD|2|100000027|PV000027|DR Clark MD|8719 MEDICAL PLAZA||VA MEDICAL CTR|VA|61015|1|12|P|P|20260505|20260527|20260328|20260328|20260529||||||99214||P|Y|08||F|||13||||3|2|922.90|922.90|399.67|0.00|0.00|PR1|CO45||523.23|523.23||30.00|30.00|71.46|93.47|93.47|328.30|328.30|0.00|0.00|0.00|399.67|0.00|0.00|0.00||N|||W000000419|P|W000000419|0|0|0.00|||1|12||922.90||||||||1||12|2000000027|N|0.00|0.00|12|13||||||||||||||K21.0||Z79.899||||||||99214|||||||93.47|30.00|71.46|N|||AETNA
002026060100000532|1234567|0987654|N|001|AC123456|01|I|N||PPO|01|PKG0042|PPO001|2|F|W000000116|Williams|Evelyn|F|19660412|69479|WA|EF|521125899|W000000116|W000000116|Williams|Evelyn|F|EE|19660412|202606010000532|ACAS2026060100000532||TCN2026060100000532|SRC2026060100000532|002026060100000532|NY0001|NY0001||2|100000003|DR Williams MD|2|100000003|PV000003|DR Williams MD|6398 MEDICAL PLAZA||AZ MEDICAL CTR|AZ|68473|4|03|P|P|20260516|20260531|20260414|20260415|20260601||||14|378|85025|51|I|Y|01||S|||22|20|0900|131|3|2|659.50|659.50|195.81|0.00|0.00|PR1|CO45||463.69|463.69||40.00|40.00|96.58|36.42|36.42|290.69|290.69|0.00|0.00|0.00|195.81|0.00|0.00|0.00||N|||W000000116|P|W000000116|1|1|0.00|||2|03||659.50||||Y||||1||03|2000000003|N|0.00|0.00|03|22||9|20260414|20260415|25|25||||||||K21.0|M17.11|J06.9||||||||85025|||||||36.42|40.00|96.58|N|9||AETNA
002026060100000533|1234567|0987654|N|001|AC123456|03|P|N||PPO|01|PKG0042|PPO001|2|F|W000000110|Rodriguez|Alexander|M|19870201|24764|OH|EF|768651690|W000000110|W000000110|Rodriguez|Alexander|M|EE|19870201|202606010000533|ACAS2026060100000533||TCN2026060100000533|SRC2026060100000533|002026060100000533|NY0001|NY0001||2|100000280|DR White MD|2|100000280|PV000280|DR White MD|6677 MEDICAL PLAZA||TX MEDICAL CTR|TX|10866|1|10|P|P|20260420|20260518|20260430|20260430|20260521||||||99203||P|Y|05||1|||12||||1|1|3385.23|3385.23|885.80|0.00|0.00|PR1|CO45||2499.43|2499.43||75.00|75.00|595.39|356.38|356.38|1472.66|1472.66|0.00|0.00|0.00|885.80|0.00|0.00|0.00||N|||W000000110|P|W000000110|0|0|0.00|||2|10||3385.23||Y|Y|N||||1||10|2000000280|N|0.00|0.00|10|12||||||59||||||||R05|M79.3|E11.65||||||||99203|||||||356.38|75.00|595.39|N|||AETNA
002026060100000534|1234567|0987654|N|001|AC123456|03|P|N||PPO|03|PKG0042|PPO001|1|F|W000000200|Harris|Henry|M|19801206|51588|NY|ES|545881021|W000000200|W000000200|Harris|Henry|M|EE|19801206|202606010000534|ACAS2026060100000534||TCN2026060100000534|SRC2026060100000534|002026060100000534|NY0001|NY0001||2|100000057|DR Harris MD|2|100000057|PV000057|DR Harris MD|6452 MEDICAL PLAZA||MA MEDICAL CTR|MA|80482|1|12|P|P|20260512|20260525|20260422|20260422|20260526||||||99214|26|P|Y|08||4|||99||||2|1|536.33|536.33|536.33|0.00|0.00||CO45||0.00|0.00||40.00|40.00|0.00|0.00|0.00|0.00|0.00|0.00|0.00|0.00|0.00|0.00|0.00|0.00||N|||W000000200|D|W000000200|0|0|0.00|||1|12||536.33||Y||Y||||1||12|2000000057|N|0.00|0.00|12|99|||||26|||||||||G47.33||Z23||R51||||||99214|||||||0.00|40.00|0.00|N|||AETNA
002026060100000535|1234567|0987654|N|001|AC123456|01|I|N||PPO|01|PKG0042|PPO001|2|F|W000000034|Anderson|Aria|F|19690901|73098|TX|EF||W000000405|W000000405|Anderson|Zoey|F|SP|19761225|202606010000535|ACAS2026060100000535||TCN2026060100000535|SRC2026060100000535|002026060100000535|NY0001|NY0001||2|100000245|DR Lee MD|2|100000245|PV000245|DR Lee MD|2172 MEDICAL PLAZA||FL MEDICAL CTR|FL|49793|4|05|P|P|20260420|20260515|20260415|20260415|20260517||||11|871|71046||I|Y|08||F|||12|04|0110|111|2|3|1795.08|1795.08|493.72|0.00|0.00|PR1|CO45||1301.36|1301.36||30.00|30.00|368.43|178.93|178.93|724.00|724.00|0.00|0.00|0.00|493.72|0.00|0.00|0.00||N|||W000000405|P|W000000405|0|1|0.00|||2|05||1795.08||Y||||||1||05|2000000245|N|0.00|0.00|05|12|1|3|20260415|20260415||26|Y|||||||G43.909|E66.9||E66.9|Z23||||||71046|||||||178.93|30.00|368.43|N|3||AETNA
002026060100000536|1234567|0987654|N|001|AC123456|03|P|N||PPO|03|PKG0042|PPO001|3|F|W000000108|Perez|Scarlett|F|19620926|81815|NY|EF|888176578|W000000108|W000000108|Perez|Scarlett|F|EE|19620926|202606010000536|ACAS2026060100000536||TCN2026060100000536|SRC2026060100000536|002026060100000536|NY0001|NY0001||2|100000010|DR Martinez MD|2|100000010|PV000010|DR Martinez MD|2611 MEDICAL PLAZA||MI MEDICAL CTR|MI|94188|1|10|P|P|20260425|20260515|20260319|20260319|20260516||||||85025||P|Y|01||N|||21||||3|2|226.55|226.55|161.34|0.00|0.00|PR1|CO45||65.21|65.21||75.00|75.00|15.70|0.00|0.00|0.00|0.00|0.00|0.00|0.00|161.34|0.00|0.00|0.00||N|||W000000108|P|W000000108|0|0|0.00|||3|10||226.55|||Y|||||1||10|2000000010|N|0.00|0.00|10|21||||||50||||||||I25.10|J06.9|||||||||85025|||||||0.00|75.00|15.70|N|||AETNA
002026060100000537|1234567|0987654|N|001|AC123456|03|P|N||PPO|01|PKG0042|PPO001|2|F|W000000319|Robinson|Grace|F|19910704|14301|FL|EE|990395934|W000000319|W000000319|Robinson|Grace|F|EE|19910704|202606010000537|ACAS2026060100000537||TCN2026060100000537|SRC2026060100000537|002026060100000537|NY0001|NY0001||2|100000047|DR Anderson MD|2|100000047|PV000047|DR Anderson MD|8198 MEDICAL PLAZA||GA MEDICAL CTR|GA|47948|1|02|P|P|20260508|20260529|20260410|20260410|20260531||||||80053||P|Y|02||S|||12||||2|2|277.60|277.60|158.33|0.00|0.00|PR1|CO45||119.27|119.27||30.00|30.00|14.32|15.57|15.57|59.38|59.38|0.00|0.00|0.00|158.33|0.00|0.00|0.00||N|||W000000319|P|W000000319|0|0|0.00|||2|02||277.60||||||||1||02|2000000047|N|0.00|0.00|02|12|||||51|25||||||||J30.9|J44.1|||||||||80053|||||||15.57|30.00|14.32|N|||AETNA
002026060100000538|1234567|0987654|N|001|AC123456|03|P|N||PPO|01|PKG0042|PPO001|3|F|W000000081|Martin|Chloe|F|19930921|24037|WA|EE|788518418|W000000081|W000000081|Martin|Chloe|F|EE|19930921|202606010000538|ACAS2026060100000538||TCN2026060100000538|SRC2026060100000538|002026060100000538|NY0001|NY0001||2|100000034|DR Johnson MD|2|100000034|PV000034|DR Johnson MD|3378 MEDICAL PLAZA||NJ MEDICAL CTR|NJ|93747|1|04|P|P|20260501|20260514|20260321|20260321|20260516||||||85025|95|P|Y|05||F|||13||||3|2|1228.33|1228.33|915.90|0.00|0.00|PR1|CO45||312.43|312.43||40.00|40.00|89.12|19.77|19.77|163.54|163.54|0.00|0.00|0.00|915.90|0.00|0.00|0.00||N|||W000000081|P|W000000081|0|0|0.00|||3|04||1228.33||||||||1||04|2000000034|N|0.00|0.00|04|13|||||TC|26||||||||N39.0||||||||||85025|||||||19.77|40.00|89.12|N|||AETNA
002026060100000539|1234567|0987654|N|001|AC123456|03|P|N||PPO|03|PKG0042|PPO001|1|F|W000000379|Harris|Henry|M|19701205|71647|CA|EC|564929214|W000000379|W000000379|Harris|Henry|M|EE|19701205|202606010000539|ACAS2026060100000539||TCN2026060100000539|SRC2026060100000539|002026060100000539|NY0001|NY0001||2|100000212|DR Martin MD|2|100000212|PV000212|DR Martin MD|751 MEDICAL PLAZA||NY MEDICAL CTR|NY|45205|1|02|P|P|20260504|20260529|20260525|20260525|20260602||||||99213|51|P|Y|06||M|||22||||1|1|1670.99|1670.99|1670.99|0.00|0.00||CO45||0.00|0.00||0.00|0.00|0.00|0.00|0.00|0.00|0.00|0.00|0.00|0.00|0.00|0.00|0.00|0.00||N|||W000000379|D|W000000379|0|0|0.00|||1|02||1670.99||N||||||1||02|2000000212|N|0.00|0.00|02|22||||||25||||||||R51||||||||||99213|||||||0.00|0.00|0.00|N|||AETNA
002026060100000540|1234567|0987654|N|001|AC123456|03|P|N||PPO|01|PKG0042|PPO001|3|F|W000000015|Jackson|Henry|M|19691128|91073|MI|EF|848681081|W000000015|W000000015|Jackson|Henry|M|EE|19691128|202606010000540|ACAS2026060100000540||TCN2026060100000540|SRC2026060100000540|002026060100000540|NY0001|NY0001||2|100000187|DR Clark MD|2|100000187|PV000187|DR Clark MD|8188 MEDICAL PLAZA||CA MEDICAL CTR|CA|83394|1|07|P|P|20260429|20260522|20260324|20260324|20260524||||||99232|GT|P|Y|04||M|||32||||3|2|294.78|294.78|88.03|0.00|0.00|PR1|CO45||206.75|206.75||40.00|40.00|1.40|20.13|20.13|145.22|145.22|0.00|0.00|0.00|88.03|0.00|0.00|0.00||N|||W000000015|P|W000000015|0|0|0.00|||3|07||294.78||||||||1||07|2000000187|N|0.00|0.00|07|32|||||AT|GT||||||||I25.10|M54.5|||||||||99232|||||||20.13|40.00|1.40|N|||AETNA
002026060100000541|1234567|0987654|N|001|AC123456|03|P|N||PPO|01|PKG0042|PPO001|2|F|W000000331|Jackson|Benjamin|M|19860928|72284|GA|EE||W000000497|W000000497|Jackson|Isabella|F|SP|19680820|202606010000541|ACAS2026060100000541||TCN2026060100000541|SRC2026060100000541|002026060100000541|NY0001|NY0001||2|100000143|DR Anderson MD|2|100000143|PV000143|DR Anderson MD|8948 MEDICAL PLAZA||NJ MEDICAL CTR|NJ|73859|1|08|P|P|20260427|20260522|20260414|20260414|20260524||||||99283|26|P|Y|08||N|||31||||2|1|678.89|678.89|499.65|0.00|0.00|PR1|CO45||179.24|179.24||30.00|30.00|13.98|27.37|27.37|107.89|107.89|0.00|0.00|0.00|499.65|0.00|0.00|0.00||N|||W000000497|P|W000000497|0|0|0.00|||2|08||678.89||N||||||1||08|2000000143|N|0.00|0.00|08|31|||||59|25||||||||I25.10|E66.9||E11.65|||||||99283|||||||27.37|30.00|13.98|N|||AETNA
002026060100000542|1234567|0987654|N|001|AC123456|01|I|N||PPO|01|PKG0042|PPO001|2|F|W000000039|Harris|Daniel|M|19820619|75988|CA|EC|666164919|W000000039|W000000039|Harris|Daniel|M|EE|19820619|202606010000542|ACAS2026060100000542||TCN2026060100000542|SRC2026060100000542|002026060100000542|NY0001|NY0001||2|100000073|DR Rodriguez MD|2|100000073|PV000073|DR Rodriguez MD|3384 MEDICAL PLAZA||WA MEDICAL CTR|WA|45809|4|38|P|P|20260418|20260513|20260304|20260307|20260516||||13|470|99232||I|Y|07||2|||11|03|0730|212|2|1|205.54|205.54|152.29|0.00|0.00|PR1|CO45||53.25|53.25||0.00|0.00|9.93|5.11|5.11|38.21|38.21|0.00|0.00|0.00|152.29|0.00|0.00|0.00||N|||W000000039|P|W000000039|0|1|0.00|||2|38||205.54||||||||1||38|2000000073|N|0.00|0.00|38|11|7|3|20260304|20260307|50|||||||||K21.0||G47.33||||||||99232|||||||5.11|0.00|9.93|N|3||AETNA
002026060100000543|1234567|0987654|N|001|AC123456|03|P|N||PPO|02|PKG0042|PPO001|3|F|W000000137|Perez|Harper|F|19900417|23666|CO|EF|144644294|W000000137|W000000137|Perez|Harper|F|EE|19900417|202606010000543|ACAS2026060100000543||TCN2026060100000543|SRC2026060100000543|002026060100000543|NY0001|NY0001||2|100000027|DR Clark MD|2|100000027|PV000027|DR Clark MD|2831 MEDICAL PLAZA||NY MEDICAL CTR|NY|35361|1|12|P|P|20260511|20260519|20260417|20260417|20260522||||||85025|AT|P|Y|04||1|||31||||3|1|570.19|570.19|323.02|0.00|0.00|PR1|CO45||247.17|247.17||20.00|20.00|11.63|23.93|23.93|191.61|191.61|0.00|0.00|0.00|323.02|0.00|0.00|0.00||N|||W000000137|P|W000000137|0|0|0.00|||3|12||570.19||Y||||||1||12|2000000027|N|0.00|0.00|12|31|||||GT||Y|||||||R51|E66.9||E78.5|||||||85025|||||||23.93|20.00|11.63|N|||AETNA
002026060100000544|1234567|0987654|N|001|AC123456|01|I|N||PPO|01|PKG0042|PPO001|2|F|W000000123|Walker|Matthew|M|19800727|97052|OH|EE|373558453|W000000123|W000000123|Walker|Matthew|M|EE|19800727|202606010000544|ACAS2026060100000544||TCN2026060100000544|SRC2026060100000544|002026060100000544|NY0001|NY0001||2|100000171|DR Hernandez MD|2|100000171|PV000171|DR Hernandez MD|5675 MEDICAL PLAZA||MA MEDICAL CTR|MA|30330|4|06|P|P|20260419|20260515|20260417|20260418|20260516||||10|293|99205|TC|I|Y|04||2|||32|03|0100|211|2|2|1354.77|1354.77|840.95|0.00|0.00|PR1|CO45||513.82|513.82||50.00|50.00|90.03|77.36|77.36|296.43|296.43|0.00|0.00|0.00|840.95|0.00|0.00|0.00||N|||W000000123|P|W000000123|0|1|0.00|||2|06||1354.77||Y||||||1||06|2000000171|N|0.00|0.00|06|32|7|1|20260417|20260418|59||Y|||||||Z00.00|||E78.5|R05||||||99205|||||||77.36|50.00|90.03|N|1||AETNA
002026060100000545|1234567|0987654|N|001|AC123456|03|P|N||PPO|03|PKG0042|PPO001|2|F|W000000086|Wilson|Harper|F|19601102|17226|WA|EE||W000000582|W000000582|Wilson|Elijah|M|CH|20010921|202606010000545|ACAS2026060100000545||TCN2026060100000545|SRC2026060100000545|002026060100000545|NY0001|NY0001||2|100000070|DR Garcia MD|2|100000070|PV000070|DR Garcia MD|4002 MEDICAL PLAZA||OH MEDICAL CTR|OH|30795|1|10|P|P|20260424|20260520|20260517|20260517|20260524||||||80061|51|P|Y|04||1|||22||||3|1|459.57|459.57|150.07|0.00|0.00|PR1|CO45||309.50|309.50||20.00|20.00|33.57|28.03|28.03|227.90|227.90|0.00|0.00|0.00|150.07|0.00|0.00|0.00||N|||W000000582|P|W000000582|0|0|0.00|||2|10||459.57||N||||||1||10|2000000070|N|0.00|0.00|10|22|||||95|51||||||||E78.5||||||||||80061|||||||28.03|20.00|33.57|N|||AETNA
002026060100000546|1234567|0987654|N|001|AC123456|03|P|N||PPO|03|PKG0042|PPO001|3|F|W000000038|Sanchez|David|M|19860820|86417|IL|EC|928721025|W000000038|W000000038|Sanchez|David|M|EE|19860820|202606010000546|ACAS2026060100000546||TCN2026060100000546|SRC2026060100000546|002026060100000546|NY0001|NY0001||2|100000178|DR Moore MD|2|100000178|PV000178|DR Moore MD|2947 MEDICAL PLAZA||GA MEDICAL CTR|GA|69470|1|38|P|P|20260505|20260516|20260320|20260320|20260520||||||90847||P|Y|04||S|||23||||1|2|538.25|538.25|360.50|0.00|0.00|PR1|CO45||177.75|177.75||0.00|0.00|28.50|19.95|19.95|129.30|129.30|0.00|0.00|0.00|360.50|0.00|0.00|0.00||N|||W000000038|P|W000000038|0|0|0.00|||3|38||538.25||N||N||||1||38|2000000178|N|0.00|0.00|38|23|||||TC|||||||||J18.9||Z23||||||||90847|||||||19.95|0.00|28.50|N|||AETNA
002026060100000547|1234567|0987654|N|001|AC123456|01|I|N||PPO|03|PKG0042|PPO001|1|F|W000000301|Jones|Henry|M|19650411|59394|OH|EE|260863287|W000000301|W000000301|Jones|Henry|M|EE|19650411|202606010000547|ACAS2026060100000547||TCN2026060100000547|SRC2026060100000547|002026060100000547|NY0001|NY0001||2|100000207|DR Anderson MD|2|100000207|PV000207|DR Anderson MD|9449 MEDICAL PLAZA||NJ MEDICAL CTR|NJ|57171|4|12|P|P|20260416|20260515|20260329|20260329|20260518||||06|871|82947||I|Y|03||B|||31|02|0900|111|3|2|254.59|254.59|90.30|0.00|0.00|PR1|CO45||164.29|164.29||0.00|0.00|0.09|36.73|36.73|127.47|127.47|0.00|0.00|0.00|90.30|0.00|0.00|0.00||N|||W000000301|P|W000000301|0|1|0.00|||1|12||254.59||N||Y||||1||12|2000000207|N|0.00|0.00|12|31|2|2|20260329|20260329||59||||||||J18.9|Z87.891|J18.9||||||||82947|||||||36.73|0.00|0.09|N|2||AETNA
002026060100000548|1234567|0987654|N|001|AC123456|03|P|N||PPO|03|PKG0042|PPO001|2|F|W000000091|Johnson|Oliver|M|19660225|19550|AZ|EE||W000000414|W000000414|Johnson|Sofia|F|SP|19770705|202606010000548|ACAS2026060100000548||TCN2026060100000548|SRC2026060100000548|002026060100000548|NY0001|NY0001||2|100000255|DR Walker MD|2|100000255|PV000255|DR Walker MD|5592 MEDICAL PLAZA||PA MEDICAL CTR|PA|52969|1|50|P|P|20260427|20260515|20260315|20260315|20260516||||||93000|26|P|Y|06||4|||13||||1|1|383.33|383.33|181.23|0.00|0.00|PR1|CO45||202.10|202.10||0.00|0.00|51.44|33.36|33.36|117.30|117.30|0.00|0.00|0.00|181.23|0.00|0.00|0.00||N|||W000000414|P|W000000414|0|0|0.00|||2|50||383.33||Y|Y|||||1||50|2000000255|N|0.00|0.00|50|13|||||26|||||||||I10|E11.9|||||||||93000|||||||33.36|0.00|51.44|N|||AETNA
002026060100000549|1234567|0987654|N|001|AC123456|03|P|Y||PPO|03|PKG0042|PPO001|N|F|W000000362|Hernandez|Chloe|F|19710327|58401|CA|EE|300524091|W000000362|W000000362|Hernandez|Chloe|F|EE|19710327|202606010000549|ACAS2026060100000549||TCN2026060100000549|SRC2026060100000549|002026060100000549|NY0001|NY0001||2|100000149|DR Lee MD|2|100000149|PV000149|DR Lee MD|6557 MEDICAL PLAZA||OH MEDICAL CTR|OH|97604|1|40|P|N|20260511|20260524|20260520|20260520|20260526||||||71046|95|P|Y|01||N|||11||||2|1|2964.29|2964.29|1663.87|0.00|0.00|PR1|CO45||1300.42|1300.42||30.00|30.00|141.20|257.60|257.60|871.62|871.62|0.00|0.00|0.00|1663.87|0.00|0.00|0.00||N|||W000000362|P|W000000362|0|0|0.00|||N|40||2964.29||Y|Y|||||1||40|2000000149|N|0.00|0.00|40|11||||||25|Y|||||||J18.9|G43.909|K57.30|G43.909|||||||71046|||||||257.60|30.00|141.20|N|||AETNA
002026060100000550|1234567|0987654|N|001|AC123456|01|I|N||PPO|03|PKG0042|PPO001|2|F|W000000136|Hernandez|Ava|F|19620710|60237|NY|EC||W000000477|W000000477|Hernandez|Benjamin|M|CH|20200917|202606010000550|ACAS2026060100000550||TCN2026060100000550|SRC2026060100000550|002026060100000550|NY0001|NY0001||2|100000002|DR Johnson MD|2|100000002|PV000002|DR Johnson MD|2627 MEDICAL PLAZA||NJ MEDICAL CTR|NJ|64203|4|02|P|P|20260514|20260524|20260510|20260510|20260526||||08|470|85025|GT|I|Y|01||M|||13|03|0370|112|2|2|707.68|707.68|479.20|0.00|0.00|PR1|CO45||228.48|228.48||30.00|30.00|9.61|28.13|28.13|160.74|160.74|0.00|0.00|0.00|479.20|0.00|0.00|0.00||N|||W000000477|P|W000000477|0|1|0.00|||2|02||707.68||||||||1||02|2000000002|N|0.00|0.00|02|13|5||20260510|20260510|TC||Y|||||||Z23|R05||R05|||||||85025|||||||28.13|30.00|9.61|N|||AETNA
002026060100000551|1234567|0987654|N|001|AC123456|01|I|N||PPO|01|PKG0042|PPO001|1|F|W000000066|Wilson|Nora|F|19730616|33185|PA|EE||W000000563|W000000563|Wilson|Noah|M|CH|20050119|202606010000551|ACAS2026060100000551||TCN2026060100000551|SRC2026060100000551|002026060100000551|NY0001|NY0001||2|100000085|DR Lee MD|2|100000085|PV000085|DR Lee MD|1626 MEDICAL PLAZA||NY MEDICAL CTR|NY|52053|4|10|P|P|20260429|20260513|20260314|20260317|20260517||||05|392|97110|26|I|Y|03||2|||12|04|0900|132|3|3|283.73|283.73|71.26|0.00|0.00|PR1|CO45||212.47|212.47||40.00|40.00|27.91|25.91|25.91|118.65|118.65|0.00|0.00|0.00|71.26|0.00|0.00|0.00||N|||W000000563|P|W000000563|0|1|0.00|||1|10||283.73||||||||1||10|2000000085|N|0.00|0.00|10|12||4|20260314|20260317|95|||||||||Z00.00|E66.9|||J30.9||||||97110|||||||25.91|40.00|27.91|N|4||AETNA
002026060100000552|1234567|0987654|N|001|AC123456|03|P|N||PPO|03|PKG0042|PPO001|1|F|W000000276|White|Ethan|M|19841103|98100|NC|EF|651414602|W000000276|W000000276|White|Ethan|M|EE|19841103|202606010000552|ACAS2026060100000552||TCN2026060100000552|SRC2026060100000552|002026060100000552|NY0001|NY0001||2|100000257|DR Smith MD|2|100000257|PV000257|DR Smith MD|9474 MEDICAL PLAZA||PA MEDICAL CTR|PA|46194|1|02|P|P|20260512|20260517|20260524|20260524|20260521||||||99283||P|Y|01||N|||12||||1|1|509.00|509.00|224.47|0.00|0.00|PR1|CO45||284.53|284.53||40.00|40.00|41.50|43.85|43.85|159.18|159.18|0.00|0.00|0.00|224.47|0.00|0.00|0.00||N|||W000000276|P|W000000276|0|0|0.00|||1|02||509.00|||N|N||||1||02|2000000257|N|0.00|0.00|02|12||||||AT||||||||K57.30|E78.5|M17.11||||||||99283|||||||43.85|40.00|41.50|N|||AETNA
002026060100000553|1234567|0987654|N|001|AC123456|03|P|N||PPO|03|PKG0042|PPO001|2|F|W000000243|Robinson|Noah|M|19740908|60935|CO|EF||W000000580|W000000580|Robinson|Oliver|M|SP|19790618|202606010000553|ACAS2026060100000553||TCN2026060100000553|SRC2026060100000553|002026060100000553|NY0001|NY0001||2|100000160|DR Young MD|2|100000160|PV000160|DR Young MD|2537 MEDICAL PLAZA||OH MEDICAL CTR|OH|91294|1|10|P|P|20260422|20260514|20260414|20260414|20260517||||||99213|59|P|Y|03||B|||11||||3|2|171.09|171.09|90.73|0.00|0.00|PR1|CO45||80.36|80.36||40.00|40.00|15.37|3.01|3.01|21.98|21.98|0.00|0.00|0.00|90.73|0.00|0.00|0.00||N|||W000000580|P|W000000580|0|0|0.00|||2|10||171.09||||||||1||10|2000000160|N|0.00|0.00|10|11|||||26|95||||||||J44.1|J18.9||N39.0|||||||99213|||||||3.01|40.00|15.37|N|||AETNA
002026060100000554|1234567|0987654|N|001|AC123456|03|P|N||PPO|03|PKG0042|PPO001|3|F|W000000223|Gonzalez|Lucas|M|19660904|96376|CA|EE|543588521|W000000223|W000000223|Gonzalez|Lucas|M|EE|19660904|202606010000554|ACAS2026060100000554||TCN2026060100000554|SRC2026060100000554|002026060100000554|NY0001|NY0001||2|100000186|DR Sanchez MD|2|100000186|PV000186|DR Sanchez MD|938 MEDICAL PLAZA||NY MEDICAL CTR|NY|71027|1|06|P|P|20260429|20260521|20260423|20260423|20260522||||||97110|50|P|Y|02||2|||31||||1|1|280.89|280.89|158.54|0.00|0.00|PR1|CO45||122.35|122.35||75.00|75.00|19.25|5.86|5.86|22.24|22.24|0.00|0.00|0.00|158.54|0.00|0.00|0.00||N|||W000000223|P|W000000223|0|0|0.00|||3|06||280.89|||N|||||1||06|2000000186|N|0.00|0.00|06|31|||||50|25||||||||J30.9|M17.11|J45.909||||||||97110|||||||5.86|75.00|19.25|N|||AETNA
002026060100000555|1234567|0987654|N|001|AC123456|01|I|N||PPO|02|PKG0042|PPO001|2|F|W000000385|Brown|Aiden|M|19760222|89244|AZ|EF||W000000690|W000000690|Brown|Jacob|M|CH|20020110|202606010000555|ACAS2026060100000555||TCN2026060100000555|SRC2026060100000555|002026060100000555|NY0001|NY0001||2|100000138|DR Martinez MD|2|100000138|PV000138|DR Martinez MD|9262 MEDICAL PLAZA||FL MEDICAL CTR|FL|40898|4|03|P|P|20260423|20260514|20260309|20260311|20260518||||09|291|82947|AT|I|Y|02||F|||23|07|0730|111|1|2|2113.90|2113.90|628.12|0.00|0.00|PR1|CO45||1485.78|1485.78||20.00|20.00|19.40|165.79|165.79|1280.59|1280.59|0.00|0.00|0.00|628.12|0.00|0.00|0.00||N|||W000000690|P|W000000690|0|1|0.00|||2|03||2113.90|||Y|||||1||03|2000000138|N|0.00|0.00|03|23|5|1|20260309|20260311|95|26||||||||G43.909|R51|||||||||82947|||||||165.79|20.00|19.40|N|1||AETNA
002026060100000556|1234567|0987654|N|001|AC123456|03|P|N||PPO|01|PKG0042|PPO001|2|F|W000000354|Taylor|Evelyn|F|19790527|57931|MA|EF|323805672|W000000354|W000000354|Taylor|Evelyn|F|EE|19790527|202606010000556|ACAS2026060100000556||TCN2026060100000556|SRC2026060100000556|002026060100000556|NY0001|NY0001||2|100000049|DR Taylor MD|2|100000049|PV000049|DR Taylor MD|9606 MEDICAL PLAZA||CO MEDICAL CTR|CO|75124|1|04|P|P|20260430|20260518|20260316|20260316|20260519||||||99203||P|Y|02||S|||13||||3|2|589.27|589.27|200.00|0.00|0.00|PR1|CO45||389.27|389.27||50.00|50.00|101.78|56.28|56.28|181.21|181.21|0.00|0.00|0.00|200.00|0.00|0.00|0.00||N|||W000000354|P|W000000354|0|0|0.00|||2|04||589.27|||N|||||1||04|2000000049|N|0.00|0.00|04|13|||||GT|TC||||||||E11.65|M54.5|||||||||99203|||||||56.28|50.00|101.78|N|||AETNA
002026060100000557|1234567|0987654|N|001|AC123456|03|P|N||PPO|03|PKG0042|PPO001|1|F|W000000024|Jackson|Sebastian|M|19901220|62551|NY|EE||W000000516|W000000516|Jackson|William|M|CH|20011115|202606010000557|ACAS2026060100000557||TCN2026060100000557|SRC2026060100000557|002026060100000557|NY0001|NY0001||2|100000270|DR Wilson MD|2|100000270|PV000270|DR Wilson MD|5303 MEDICAL PLAZA||IL MEDICAL CTR|IL|30625|1|50|P|P|20260503|20260517|20260312|20260312|20260519||||||80061|50|P|Y|03||F|||99||||1|3|3318.01|3318.01|3318.01|0.00|0.00||CO45||0.00|0.00||0.00|0.00|0.00|0.00|0.00|0.00|0.00|0.00|0.00|0.00|0.00|0.00|0.00|0.00||N|||W000000516|D|W000000516|0|0|0.00|||1|50||3318.01||||||||1||50|2000000270|N|0.00|0.00|50|99||||||||||||||J18.9||||||||||80061|||||||0.00|0.00|0.00|N|||AETNA
002026060100000558|1234567|0987654|N|001|AC123456|03|P|N||PPO|03|PKG0042|PPO001|1|F|W000000247|Harris|Ethan|M|19850615|98493|FL|EE||W000000613|W000000613|Harris|Avery|F|CH|20060701|202606010000558|ACAS2026060100000558||TCN2026060100000558|SRC2026060100000558|002026060100000558|NY0001|NY0001||2|100000232|DR Davis MD|2|100000232|PV000232|DR Davis MD|1672 MEDICAL PLAZA||FL MEDICAL CTR|FL|11295|1|07|P|P|20260505|20260528|20260503|20260503|20260531||||||99214|26|P|Y|08||F|||32||||1|3|613.36|613.36|271.04|0.00|0.00|PR1|CO45||342.32|342.32||75.00|75.00|7.91|45.14|45.14|214.27|214.27|0.00|0.00|0.00|271.04|0.00|0.00|0.00||N|||W000000613|P|W000000613|0|0|0.00|||1|07||613.36||||||||1||07|2000000232|N|0.00|0.00|07|32|||||AT|AT||||||||S93.401|S93.401|||||||||99214|||||||45.14|75.00|7.91|N|||AETNA
002026060100000559|1234567|0987654|N|001|AC123456|03|P|N||PPO|02|PKG0042|PPO001|2|F|W000000045|Lopez|Chloe|F|19720812|55613|OH|EF||W000000555|W000000555|Lopez|Scarlett|F|SP|19760814|202606010000559|ACAS2026060100000559||TCN2026060100000559|SRC2026060100000559|002026060100000559|NY0001|NY0001||2|100000299|DR Hernandez MD|2|100000299|PV000299|DR Hernandez MD|5945 MEDICAL PLAZA||CO MEDICAL CTR|CO|62191|1|40|P|P|20260425|20260521|20260408|20260408|20260523||||||80061||P|Y|04||S|||11||||2|2|645.11|645.11|197.42|0.00|0.00|PR1|CO45||447.69|447.69||30.00|30.00|103.80|54.21|54.21|259.68|259.68|0.00|0.00|0.00|197.42|0.00|0.00|0.00||N|||W000000555|P|W000000555|0|0|0.00|||2|40||645.11||||||||1||40|2000000299|N|0.00|0.00|40|11||||||||||||||I10||||||||||80061|||||||54.21|30.00|103.80|N|||AETNA
002026060100000560|1234567|0987654|N|001|AC123456|03|P|N||PPO|03|PKG0042|PPO001|1|F|W000000142|Jones|Daniel|M|19600420|47183|FL|EF||W000000596|W000000596|Jones|Liam|M|CH|20091118|202606010000560|ACAS2026060100000560||TCN2026060100000560|SRC2026060100000560|002026060100000560|NY0001|NY0001||2|100000257|DR Smith MD|2|100000257|PV000257|DR Smith MD|9281 MEDICAL PLAZA||IL MEDICAL CTR|IL|84990|1|02|P|P|20260511|20260518|20260329|20260329|20260522||||||97110|AT|P|Y|04||1|||12||||3|2|1146.83|1146.83|1146.83|0.00|0.00||CO45||0.00|0.00||30.00|30.00|0.00|0.00|0.00|0.00|0.00|0.00|0.00|0.00|0.00|0.00|0.00|0.00||N|||W000000596|D|W000000596|0|0|0.00|||1|02||1146.83||||N||||1||02|2000000257|N|0.00|0.00|02|12|||||GT|||||||||J45.909||R51||||||||97110|||||||0.00|30.00|0.00|N|||AETNA
002026060100000561|1234567|0987654|N|001|AC123456|03|P|N||PPO|03|PKG0042|PPO001|3|F|W000000376|Johnson|Aiden|M|19600127|69916|VA|EE|428909846|W000000376|W000000376|Johnson|Aiden|M|EE|19600127|202606010000561|ACAS2026060100000561||TCN2026060100000561|SRC2026060100000561|002026060100000561|NY0001|NY0001||2|100000088|DR White MD|2|100000088|PV000088|DR White MD|7714 MEDICAL PLAZA||NJ MEDICAL CTR|NJ|35779|1|38|P|P|20260503|20260517|20260306|20260306|20260519||||||99213||P|Y|03||F|||24||||2|1|68.60|68.60|27.31|0.00|0.00|PR1|CO45||41.29|41.29||0.00|0.00|8.04|5.05|5.05|28.20|28.20|0.00|0.00|0.00|27.31|0.00|0.00|0.00||N|||W000000376|P|W000000376|0|0|0.00|||3|38||68.60||||||||1||38|2000000088|N|0.00|0.00|38|24||||||||||||||E78.5||S93.401||||||||99213|||||||5.05|0.00|8.04|N|||AETNA
002026060100000562|1234567|0987654|N|001|AC123456|03|P|Y||PPO|03|PKG0042|PPO001|N|F|W000000031|Martinez|Mia|F|19720520|76609|OH|EF|406311504|W000000031|W000000031|Martinez|Mia|F|EE|19720520|202606010000562|ACAS2026060100000562||TCN2026060100000562|SRC2026060100000562|002026060100000562|NY0001|NY0001||2|100000077|DR Gonzalez MD|2|100000077|PV000077|DR Gonzalez MD|9489 MEDICAL PLAZA||AZ MEDICAL CTR|AZ|90857|1|02|P|N|20260414|20260513|20260527|20260527|20260514||||||97110|AT|P|Y|08||S|||21||||1|3|791.71|791.71|433.68|0.00|0.00|PR1|CO45||358.03|358.03||40.00|40.00|45.85|56.90|56.90|215.28|215.28|0.00|0.00|0.00|433.68|0.00|0.00|0.00||N|||W000000031|P|W000000031|0|0|0.00|||N|02||791.71||||||||1||02|2000000077|N|0.00|0.00|02|21||||||||||||||E66.9|F41.9|||||||||97110|||||||56.90|40.00|45.85|N|||AETNA
002026060100000563|1234567|0987654|N|001|AC123456|03|P|N||PPO|02|PKG0042|PPO001|3|F|W000000346|Clark|Olivia|F|19780508|40451|WA|ES|143675483|W000000346|W000000346|Clark|Olivia|F|EE|19780508|202606010000563|ACAS2026060100000563||TCN2026060100000563|SRC2026060100000563|002026060100000563|NY0001|NY0001||2|100000075|DR Hernandez MD|2|100000075|PV000075|DR Hernandez MD|7561 MEDICAL PLAZA||NC MEDICAL CTR|NC|44596|1|50|P|P|20260429|20260525|20260305|20260305|20260529||||||99203|TC|P|Y|02||B|||12||||1|3|638.01|638.01|287.10|0.00|0.00|PR1|CO45||350.91|350.91||30.00|30.00|43.21|50.30|50.30|227.40|227.40|0.00|0.00|0.00|287.10|0.00|0.00|0.00||N|||W000000346|P|W000000346|0|0|0.00|||3|50||638.01||Y||||||1||50|2000000075|N|0.00|0.00|50|12|||||25|||||||||J18.9|I50.9|||||||||99203|||||||50.30|30.00|43.21|N|||AETNA
002026060100000564|1234567|0987654|N|001|AC123456|03|P|N||PPO|03|PKG0042|PPO001|1|F|W000000128|Clark|Jackson|M|19661108|74434|MA|EF|796512806|W000000128|W000000128|Clark|Jackson|M|EE|19661108|202606010000564|ACAS2026060100000564||TCN2026060100000564|SRC2026060100000564|002026060100000564|NY0001|NY0001||2|100000276|DR Martin MD|2|100000276|PV000276|DR Martin MD|4711 MEDICAL PLAZA||WA MEDICAL CTR|WA|30994|1|06|P|P|20260427|20260526|20260427|20260427|20260528||||||99232|95|P|Y|01||A|||13||||1|2|2352.26|2352.26|590.24|0.00|0.00|PR1|CO45||1762.02|1762.02||75.00|75.00|283.51|251.78|251.78|1151.73|1151.73|0.00|0.00|0.00|590.24|0.00|0.00|0.00||N|||W000000128|P|W000000128|0|0|0.00|||1|06||2352.26||N||||||1||06|2000000276|N|0.00|0.00|06|13||||||TC||||||||I10||||||||||99232|||||||251.78|75.00|283.51|N|||AETNA
002026060100000565|1234567|0987654|N|001|AC123456|03|P|Y||PPO|02|PKG0042|PPO001|N|F|W000000002|Brown|Logan|M|19780922|10762|PA|EF||W000000623|W000000623|Brown|Elijah|M|CH|20110322|202606010000565|ACAS2026060100000565||TCN2026060100000565|SRC2026060100000565|002026060100000565|NY0001|NY0001||2|100000168|DR Davis MD|2|100000168|PV000168|DR Davis MD|8771 MEDICAL PLAZA||MI MEDICAL CTR|MI|22781|1|03|P|N|20260504|20260513|20260517|20260517|20260514||||||97110|GT|P|Y|08||4|||24||||2|2|1510.17|1510.17|389.23|0.00|0.00|PR1|CO45||1120.94|1120.94||20.00|20.00|17.01|140.14|140.14|943.79|943.79|0.00|0.00|0.00|389.23|0.00|0.00|0.00||N|||W000000623|P|W000000623|0|0|0.00|||N|03||1510.17||||||||1||03|2000000168|N|0.00|0.00|03|24||||||50||||||||I50.9|M54.5|||||||||97110|||||||140.14|20.00|17.01|N|||AETNA
002026060100000566|1234567|0987654|N|001|AC123456|03|P|N||PPO|01|PKG0042|PPO001|1|F|W000000166|Brown|Amelia|F|19671218|50451|FL|EF|811163850|W000000166|W000000166|Brown|Amelia|F|EE|19671218|202606010000566|ACAS2026060100000566||TCN2026060100000566|SRC2026060100000566|002026060100000566|NY0001|NY0001||2|100000137|DR Rodriguez MD|2|100000137|PV000137|DR Rodriguez MD|5924 MEDICAL PLAZA||NC MEDICAL CTR|NC|22851|1|02|P|P|20260427|20260513|20260405|20260405|20260515||||||93000|AT|P|Y|03||2|||32||||2|3|253.75|253.75|125.27|0.00|0.00|PR1|CO45||128.48|128.48||30.00|30.00|11.52|17.70|17.70|69.26|69.26|0.00|0.00|0.00|125.27|0.00|0.00|0.00||N|||W000000166|P|W000000166|0|0|0.00|||1|02||253.75||||||||1||02|2000000137|N|0.00|0.00|02|32|||||GT|51||N||||||G43.909|Z12.31|G47.33||F41.9||||||93000|||||||17.70|30.00|11.52|N|||AETNA
002026060100000567|1234567|0987654|N|001|AC123456|01|I|N||PPO|02|PKG0042|PPO001|3|F|W000000160|Thomas|Amelia|F|19640507|12331|MI|EC|586658307|W000000160|W000000160|Thomas|Amelia|F|EE|19640507|202606010000567|ACAS2026060100000567||TCN2026060100000567|SRC2026060100000567|002026060100000567|NY0001|NY0001||2|100000291|DR Williams MD|2|100000291|PV000291|DR Williams MD|1070 MEDICAL PLAZA||PA MEDICAL CTR|PA|47254|4|06|P|P|20260520|20260528|20260322|20260323|20260531||||08|291|99291|50|I|Y|04||N|||32|01|0450|212|2|1|1911.83|1911.83|1911.83|0.00|0.00||CO45||0.00|0.00||75.00|75.00|0.00|0.00|0.00|0.00|0.00|0.00|0.00|0.00|0.00|0.00|0.00|0.00||N|||W000000160|D|W000000160|0|1|0.00|||3|06||1911.83||Y||N||||1||06|2000000291|N|0.00|0.00|06|32|5|9|20260322|20260323||50||||||||J30.9||I25.10||||||||99291|||||||0.00|75.00|0.00|N|9||AETNA
002026060100000568|1234567|0987654|N|001|AC123456|01|I|N||PPO|03|PKG0042|PPO001|1|F|W000000175|Thomas|Victoria|F|19770813|78178|TX|EF|770391009|W000000175|W000000175|Thomas|Victoria|F|EE|19770813|202606010000568|ACAS2026060100000568||TCN2026060100000568|SRC2026060100000568|002026060100000568|NY0001|NY0001||2|100000182|DR Perez MD|2|100000182|PV000182|DR Perez MD|1879 MEDICAL PLAZA||MI MEDICAL CTR|MI|61089|4|02|P|P|20260428|20260524|20260516|20260518|20260528||||07|379|99291|26|I|Y|03||S|||23|07|0250|111|2|2|532.21|532.21|532.21|0.00|0.00||CO45||0.00|0.00||50.00|50.00|0.00|0.00|0.00|0.00|0.00|0.00|0.00|0.00|0.00|0.00|0.00|0.00||N|||W000000175|D|W000000175|0|1|0.00|||1|02||532.21||Y|Y|||||1||02|2000000182|N|0.00|0.00|02|23|7|2|20260516|20260518||||||||||K57.30|Z23|||||||||99291|||||||0.00|50.00|0.00|N|2||AETNA
002026060100000569|1234567|0987654|N|001|AC123456|03|P|N||PPO|01|PKG0042|PPO001|3|F|W000000056|Smith|Avery|F|19731212|45236|VA|ES||W000000450|W000000450|Smith|David|M|SP|19930811|202606010000569|ACAS2026060100000569||TCN2026060100000569|SRC2026060100000569|002026060100000569|NY0001|NY0001||2|100000273|DR Taylor MD|2|100000273|PV000273|DR Taylor MD|6633 MEDICAL PLAZA||AZ MEDICAL CTR|AZ|52290|1|03|P|P|20260426|20260513|20260524|20260524|20260517||||||99291||P|Y|06||B|||99||||3|3|308.34|308.34|79.30|0.00|0.00|PR1|CO45||229.04|229.04||50.00|50.00|28.79|36.30|36.30|113.95|113.95|0.00|0.00|0.00|79.30|0.00|0.00|0.00||N|||W000000450|P|W000000450|0|0|0.00|||3|03||308.34||Y||Y||||1||03|2000000273|N|0.00|0.00|03|99|||||26|||||||||Z12.31|R05|Z23||J30.9||||||99291|||||||36.30|50.00|28.79|N|||AETNA
002026060100000570|1234567|0987654|N|001|AC123456|03|P|N||PPO|02|PKG0042|PPO001|2|F|W000000400|Davis|Harper|F|19910621|26334|TX|ES|857761947|W000000400|W000000400|Davis|Harper|F|EE|19910621|202606010000570|ACAS2026060100000570||TCN2026060100000570|SRC2026060100000570|002026060100000570|NY0001|NY0001||2|100000296|DR Davis MD|2|100000296|PV000296|DR Davis MD|9075 MEDICAL PLAZA||VA MEDICAL CTR|VA|79205|1|11|P|P|20260517|20260528|20260312|20260312|20260601||||||99203|GT|P|Y|06||S|||13||||1|3|786.46|786.46|283.67|0.00|0.00|PR1|CO45||502.79|502.79||40.00|40.00|33.54|75.56|75.56|353.69|353.69|0.00|0.00|0.00|283.67|0.00|0.00|0.00||N|||W000000400|P|W000000400|0|0|0.00|||2|11||786.46|||Y|N||||1||11|2000000296|N|0.00|0.00|11|13||||||AT||||||||K21.0|N39.0|G47.33||||||||99203|||||||75.56|40.00|33.54|N|||AETNA
002026060100000571|1234567|0987654|N|001|AC123456|03|P|N||PPO|03|PKG0042|PPO001|3|F|W000000312|Lewis|Emily|F|19850905|68052|VA|EC||W000000665|W000000665|Lewis|Avery|F|CH|20020805|202606010000571|ACAS2026060100000571||TCN2026060100000571|SRC2026060100000571|002026060100000571|NY0001|NY0001||2|100000024|DR White MD|2|100000024|PV000024|DR White MD|6936 MEDICAL PLAZA||OH MEDICAL CTR|OH|56794|1|09|P|P|20260510|20260517|20260309|20260309|20260518||||||99204||P|Y|05||2|||13||||1|2|559.84|559.84|559.84|0.00|0.00||CO45||0.00|0.00||75.00|75.00|0.00|0.00|0.00|0.00|0.00|0.00|0.00|0.00|0.00|0.00|0.00|0.00||N|||W000000665|D|W000000665|0|0|0.00|||3|09||559.84||||||||1||09|2000000024|N|0.00|0.00|09|13|||||GT|51||||||||M17.11||R05||||||||99204|||||||0.00|75.00|0.00|N|||AETNA
002026060100000572|1234567|0987654|N|001|AC123456|03|P|N||PPO|03|PKG0042|PPO001|2|F|W000000292|Williams|Mia|F|19651009|50694|CA|ES|350115121|W000000292|W000000292|Williams|Mia|F|EE|19651009|202606010000572|ACAS2026060100000572||TCN2026060100000572|SRC2026060100000572|002026060100000572|NY0001|NY0001||2|100000109|DR Gonzalez MD|2|100000109|PV000109|DR Gonzalez MD|1696 MEDICAL PLAZA||MA MEDICAL CTR|MA|88754|1|04|P|P|20260506|20260529|20260514|20260514|20260530||||||99204|AT|P|Y|04||F|||32||||1|3|2459.46|2459.46|1447.84|0.00|0.00|PR1|CO45||1011.62|1011.62||20.00|20.00|78.99|225.61|225.61|687.02|687.02|0.00|0.00|0.00|1447.84|0.00|0.00|0.00||N|||W000000292|P|W000000292|0|0|0.00|||2|04||2459.46||N||||||1||04|2000000109|N|0.00|0.00|04|32|||||59|||||||||Z79.899||||||||||99204|||||||225.61|20.00|78.99|N|||AETNA
002026060100000573|1234567|0987654|N|001|AC123456|03|P|N||PPO|02|PKG0042|PPO001|3|F|W000000198|Williams|Riley|F|19760128|11527|FL|ES|442484570|W000000198|W000000198|Williams|Riley|F|EE|19760128|202606010000573|ACAS2026060100000573||TCN2026060100000573|SRC2026060100000573|002026060100000573|NY0001|NY0001||2|100000221|DR Lewis MD|2|100000221|PV000221|DR Lewis MD|1137 MEDICAL PLAZA||VA MEDICAL CTR|VA|28859|1|11|P|P|20260503|20260528|20260312|20260312|20260601||||||85025|26|P|Y|08||B|||23||||2|3|888.49|888.49|268.07|0.00|0.00|PR1|CO45||620.42|620.42||50.00|50.00|30.22|83.71|83.71|456.49|456.49|0.00|0.00|0.00|268.07|0.00|0.00|0.00||N|||W000000198|P|W000000198|0|0|0.00|||3|11||888.49||Y||||||1||11|2000000221|N|0.00|0.00|11|23||||||26||Y||||||E78.5||E11.9||F32.9||||||85025|||||||83.71|50.00|30.22|N|||AETNA
002026060100000574|1234567|0987654|N|001|AC123456|03|P|N||PPO|01|PKG0042|PPO001|1|F|W000000035|Miller|Victoria|F|19630609|30033|TX|EF|679758827|W000000035|W000000035|Miller|Victoria|F|EE|19630609|202606010000574|ACAS2026060100000574||TCN2026060100000574|SRC2026060100000574|002026060100000574|NY0001|NY0001||2|100000244|DR Martin MD|2|100000244|PV000244|DR Martin MD|9093 MEDICAL PLAZA||WA MEDICAL CTR|WA|97530|1|04|P|P|20260421|20260517|20260311|20260311|20260520||||||71046|59|P|Y|01||2|||13||||1|3|792.20|792.20|289.81|0.00|0.00|PR1|CO45||502.39|502.39||40.00|40.00|23.29|106.02|106.02|333.08|333.08|0.00|0.00|0.00|289.81|0.00|0.00|0.00||N|||W000000035|P|W000000035|0|0|0.00|||1|04||792.20||N|Y|Y||||1||04|2000000244|N|0.00|0.00|04|13|||||50|59||||||||M79.3|M79.3|M79.3||||||||71046|||||||106.02|40.00|23.29|N|||AETNA
002026060100000575|1234567|0987654|N|001|AC123456|01|I|N||PPO|02|PKG0042|PPO001|1|F|W000000005|Garcia|Aria|F|19640727|23173|VA|ES|123433954|W000000005|W000000005|Garcia|Aria|F|EE|19640727|202606010000575|ACAS2026060100000575||TCN2026060100000575|SRC2026060100000575|002026060100000575|NY0001|NY0001||2|100000045|DR Gonzalez MD|2|100000045|PV000045|DR Gonzalez MD|6531 MEDICAL PLAZA||WA MEDICAL CTR|WA|34917|4|50|P|P|20260421|20260520|20260304|20260307|20260522||||13|291|97110|25|I|Y|02||B|||13|05|0450|132|1|1|1430.17|1430.17|541.87|0.00|0.00|PR1|CO45||888.30|888.30||30.00|30.00|194.34|135.61|135.61|528.35|528.35|0.00|0.00|0.00|541.87|0.00|0.00|0.00||N|||W000000005|P|W000000005|0|1|0.00|||1|50||1430.17||Y||||||1||50|2000000045|N|0.00|0.00|50|13|5|1|20260304|20260307|25|TC||||||||N39.0|M54.5|||||||||97110|||||||135.61|30.00|194.34|N|1||AETNA
002026060100000576|1234567|0987654|N|001|AC123456|01|I|N||PPO|02|PKG0042|PPO001|3|F|W000000262|Anderson|Riley|F|19721127|80789|NJ|EF|864453828|W000000262|W000000262|Anderson|Riley|F|EE|19721127|202606010000576|ACAS2026060100000576||TCN2026060100000576|SRC2026060100000576|002026060100000576|NY0001|NY0001||2|100000096|DR Young MD|2|100000096|PV000096|DR Young MD|3443 MEDICAL PLAZA||PA MEDICAL CTR|PA|67473|4|06|P|P|20260426|20260521|20260509|20260512|20260525||||06|378|99232|50|I|Y|08||A|||11|20|0110|121|3|2|1684.02|1684.02|700.62|0.00|0.00|PR1|CO45||983.40|983.40||20.00|20.00|189.64|150.86|150.86|622.90|622.90|0.00|0.00|0.00|700.62|0.00|0.00|0.00||N|||W000000262|P|W000000262|0|1|0.00|||3|06||1684.02|||N|||||1||06|2000000096|N|0.00|0.00|06|11|2|2|20260509|20260512|25|26||||||||Z00.00|Z79.899|||||||||99232|||||||150.86|20.00|189.64|N|2||AETNA
002026060100000577|1234567|0987654|N|001|AC123456|03|P|Y||PPO|03|PKG0042|PPO001|N|F|W000000326|Davis|Emma|F|19920228|16103|OH|ES||W000000649|W000000649|Davis|Matthew|M|SP|19940816|202606010000577|ACAS2026060100000577||TCN2026060100000577|SRC2026060100000577|002026060100000577|NY0001|NY0001||2|100000165|DR Jones MD|2|100000165|PV000165|DR Jones MD|1517 MEDICAL PLAZA||IL MEDICAL CTR|IL|45976|1|50|P|N|20260421|20260515|20260408|20260408|20260517||||||99204|51|P|Y|06||4|||23||||3|2|1294.74|1294.74|702.23|0.00|0.00|PR1|CO45||592.51|592.51||40.00|40.00|12.41|73.00|73.00|467.10|467.10|0.00|0.00|0.00|702.23|0.00|0.00|0.00||N|||W000000649|P|W000000649|0|0|0.00|||N|50||1294.74||Y||||||1||50|2000000165|N|0.00|0.00|50|23|||||GT|||Y||||||G43.909||||N39.0||||||99204|||||||73.00|40.00|12.41|N|||AETNA
002026060100000578|1234567|0987654|N|001|AC123456|03|P|Y||PPO|02|PKG0042|PPO001|N|F|W000000367|Lopez|Joseph|M|19650524|50209|OH|EC|558358039|W000000367|W000000367|Lopez|Joseph|M|EE|19650524|202606010000578|ACAS2026060100000578||TCN2026060100000578|SRC2026060100000578|002026060100000578|NY0001|NY0001||2|100000240|DR Thomas MD|2|100000240|PV000240|DR Thomas MD|5790 MEDICAL PLAZA||CA MEDICAL CTR|CA|19757|1|50|P|N|20260501|20260526|20260304|20260304|20260530||||||80061||P|Y|06||2|||31||||2|1|2222.85|2222.85|1218.97|0.00|0.00|PR1|CO45||1003.88|1003.88||0.00|0.00|34.65|104.45|104.45|864.78|864.78|0.00|0.00|0.00|1218.97|0.00|0.00|0.00||N|||W000000367|P|W000000367|0|0|0.00|||N|50||2222.85||N||||||1||50|2000000240|N|0.00|0.00|50|31|||||25|||||||||G47.33|J30.9|S93.401||||||||80061|||||||104.45|0.00|34.65|N|||AETNA
002026060100000579|1234567|0987654|N|001|AC123456|03|P|N||PPO|02|PKG0042|PPO001|2|F|W000000077|Lopez|Lucas|M|19640319|25802|MI|ES||W000000626|W000000626|Lopez|Ella|F|SP|19950508|202606010000579|ACAS2026060100000579||TCN2026060100000579|SRC2026060100000579|002026060100000579|NY0001|NY0001||2|100000034|DR Johnson MD|2|100000034|PV000034|DR Johnson MD|3569 MEDICAL PLAZA||NY MEDICAL CTR|NY|39072|1|04|P|P|20260423|20260522|20260312|20260312|20260523||||||80061|AT|P|Y|07||1|||31||||1|3|1115.86|1115.86|385.57|0.00|0.00|PR1|CO45||730.29|730.29||50.00|50.00|138.87|89.70|89.70|451.72|451.72|0.00|0.00|0.00|385.57|0.00|0.00|0.00||N|||W000000626|P|W000000626|0|0|0.00|||2|04||1115.86||Y||Y||||1||04|2000000034|N|0.00|0.00|04|31||||||50||||||||J06.9|M79.3|N39.0|I50.9|||||||80061|||||||89.70|50.00|138.87|N|||AETNA
002026060100000580|1234567|0987654|N|001|AC123456|03|P|N||PPO|03|PKG0042|PPO001|1|F|W000000072|Jones|Joseph|M|19871028|28543|WA|EE|114496733|W000000072|W000000072|Jones|Joseph|M|EE|19871028|202606010000580|ACAS2026060100000580||TCN2026060100000580|SRC2026060100000580|002026060100000580|NY0001|NY0001||2|100000181|DR Lee MD|2|100000181|PV000181|DR Lee MD|1457 MEDICAL PLAZA||FL MEDICAL CTR|FL|37131|1|01|P|P|20260504|20260520|20260406|20260406|20260522||||||82947|25|P|Y|03||M|||99||||3|3|767.01|767.01|462.59|0.00|0.00|PR1|CO45||304.42|304.42||20.00|20.00|52.16|23.58|23.58|208.68|208.68|0.00|0.00|0.00|462.59|0.00|0.00|0.00||N|||W000000072|P|W000000072|0|0|0.00|||1|01||767.01||||Y||||1||01|2000000181|N|0.00|0.00|01|99||||||51||||||||K57.30|F41.9|R05||||||||82947|||||||23.58|20.00|52.16|N|||AETNA
002026060100000581|1234567|0987654|N|001|AC123456|03|P|N||PPO|02|PKG0042|PPO001|3|F|W000000066|Wilson|Nora|F|19730616|33185|PA|EE|271617878|W000000066|W000000066|Wilson|Nora|F|EE|19730616|202606010000581|ACAS2026060100000581||TCN2026060100000581|SRC2026060100000581|002026060100000581|NY0001|NY0001||2|100000089|DR Harris MD|2|100000089|PV000089|DR Harris MD|995 MEDICAL PLAZA||PA MEDICAL CTR|PA|15738|1|40|P|P|20260424|20260517|20260511|20260511|20260520||||||99283|25|P|Y|03||F|||31||||1|1|1907.02|1907.02|1907.02|0.00|0.00||CO45||0.00|0.00||30.00|30.00|0.00|0.00|0.00|0.00|0.00|0.00|0.00|0.00|0.00|0.00|0.00|0.00||N|||W000000066|D|W000000066|0|0|0.00|||3|40||1907.02||Y||||||1||40|2000000089|N|0.00|0.00|40|31|||||59|59||N||||||K21.0|K57.30|||Z87.891||||||99283|||||||0.00|30.00|0.00|N|||AETNA
002026060100000582|1234567|0987654|N|001|AC123456|03|P|N||PPO|02|PKG0042|PPO001|3|F|W000000191|Jackson|Liam|M|19900909|53052|PA|ES||W000000584|W000000584|Jackson|Aria|F|SP|19660801|202606010000582|ACAS2026060100000582||TCN2026060100000582|SRC2026060100000582|002026060100000582|NY0001|NY0001||2|100000065|DR Smith MD|2|100000065|PV000065|DR Smith MD|9588 MEDICAL PLAZA||TX MEDICAL CTR|TX|56880|1|05|P|P|20260430|20260525|20260520|20260520|20260527||||||80053|GT|P|Y|04||2|||11||||1|3|615.69|615.69|238.21|0.00|0.00|PR1|CO45||377.48|377.48||20.00|20.00|20.16|63.85|63.85|273.47|273.47|0.00|0.00|0.00|238.21|0.00|0.00|0.00||N|||W000000584|P|W000000584|0|0|0.00|||3|05||615.69|||N|Y||||1||05|2000000065|N|0.00|0.00|05|11|||||95|95||||||||Z12.31|J06.9|I50.9|N39.0|||||||80053|||||||63.85|20.00|20.16|N|||AETNA
002026060100000583|1234567|0987654|N|001|AC123456|03|P|N||PPO|03|PKG0042|PPO001|2|F|W000000075|Thomas|Riley|F|19670608|12834|NY|EF|931244458|W000000075|W000000075|Thomas|Riley|F|EE|19670608|202606010000583|ACAS2026060100000583||TCN2026060100000583|SRC2026060100000583|002026060100000583|NY0001|NY0001||2|100000155|DR Clark MD|2|100000155|PV000155|DR Clark MD|5524 MEDICAL PLAZA||GA MEDICAL CTR|GA|13074|1|05|P|P|20260512|20260519|20260505|20260505|20260523||||||90847||P|Y|01||4|||21||||2|1|684.21|684.21|684.21|0.00|0.00||CO45||0.00|0.00||30.00|30.00|0.00|0.00|0.00|0.00|0.00|0.00|0.00|0.00|0.00|0.00|0.00|0.00||N|||W000000075|D|W000000075|0|0|0.00|||2|05||684.21||Y|Y|||||1||05|2000000155|N|0.00|0.00|05|21||||||AT||||||||M54.5|J18.9||Z23|||||||90847|||||||0.00|30.00|0.00|N|||AETNA
002026060100000584|1234567|0987654|N|001|AC123456|01|I|Y||PPO|03|PKG0042|PPO001|N|F|W000000037|Ramirez|Aria|F|19770207|16500|IL|EC|166627590|W000000037|W000000037|Ramirez|Aria|F|EE|19770207|202606010000584|ACAS2026060100000584||TCN2026060100000584|SRC2026060100000584|002026060100000584|NY0001|NY0001||2|100000125|DR Lewis MD|2|100000125|PV000125|DR Lewis MD|6173 MEDICAL PLAZA||MA MEDICAL CTR|MA|56394|4|05|P|N|20260501|20260523|20260522|20260522|20260527||||04|194|80061|AT|I|Y|03||A|||99|20|0730|111|1|3|2873.66|2873.66|1695.62|0.00|0.00|PR1|CO45||1178.04|1178.04||30.00|30.00|330.83|102.31|102.31|714.90|714.90|0.00|0.00|0.00|1695.62|0.00|0.00|0.00||N|||W000000037|P|W000000037|0|1|0.00|||N|05||2873.66|||Y|||||1||05|2000000125|N|0.00|0.00|05|99|2|4|20260522|20260522||TC||N||||||R05|I50.9|||J44.1||||||80061|||||||102.31|30.00|330.83|N|4||AETNA
002026060100000585|1234567|0987654|N|001|AC123456|03|P|N||PPO|03|PKG0042|PPO001|1|F|W000000283|Lewis|Harper|F|19780201|98004|NJ|ES|503863588|W000000283|W000000283|Lewis|Harper|F|EE|19780201|202606010000585|ACAS2026060100000585||TCN2026060100000585|SRC2026060100000585|002026060100000585|NY0001|NY0001||2|100000191|DR Walker MD|2|100000191|PV000191|DR Walker MD|3019 MEDICAL PLAZA||TX MEDICAL CTR|TX|77845|1|11|P|P|20260508|20260521|20260511|20260511|20260522||||||90847|51|P|Y|05||S|||32||||3|2|2640.27|2640.27|2640.27|0.00|0.00||CO45||0.00|0.00||20.00|20.00|0.00|0.00|0.00|0.00|0.00|0.00|0.00|0.00|0.00|0.00|0.00|0.00||N|||W000000283|D|W000000283|0|0|0.00|||1|11||2640.27||Y||||||1||11|2000000191|N|0.00|0.00|11|32|||||AT|TC||||||||F41.9|G43.909|||||||||90847|||||||0.00|20.00|0.00|N|||AETNA
002026060100000586|1234567|0987654|N|001|AC123456|03|P|N||PPO|01|PKG0042|PPO001|2|F|W000000238|Wilson|William|M|19650522|75338|MA|ES||W000000648|W000000648|Wilson|Sebastian|M|SP|19910123|202606010000586|ACAS2026060100000586||TCN2026060100000586|SRC2026060100000586|002026060100000586|NY0001|NY0001||2|100000096|DR Young MD|2|100000096|PV000096|DR Young MD|9722 MEDICAL PLAZA||FL MEDICAL CTR|FL|97855|1|06|P|P|20260507|20260515|20260521|20260521|20260519||||||71046||P|Y|06||A|||32||||2|2|660.54|660.54|460.23|0.00|0.00|PR1|CO45||200.31|200.31||75.00|75.00|11.79|27.52|27.52|86.00|86.00|0.00|0.00|0.00|460.23|0.00|0.00|0.00||N|||W000000648|P|W000000648|0|0|0.00|||2|06||660.54||||||||1||06|2000000096|N|0.00|0.00|06|32|||||TC|25||||||||G43.909|J44.1|S93.401||||||||71046|||||||27.52|75.00|11.79|N|||AETNA
002026060100000587|1234567|0987654|N|001|AC123456|03|P|N||PPO|02|PKG0042|PPO001|2|F|W000000253|Robinson|Elijah|M|19650419|21540|FL|ES||W000000483|W000000483|Robinson|Liam|M|CH|20030511|202606010000587|ACAS2026060100000587||TCN2026060100000587|SRC2026060100000587|002026060100000587|NY0001|NY0001||2|100000247|DR Thompson MD|2|100000247|PV000247|DR Thompson MD|2618 MEDICAL PLAZA||AZ MEDICAL CTR|AZ|14593|1|07|P|P|20260515|20260524|20260324|20260324|20260528||||||99213|GT|P|Y|04||S|||24||||3|2|452.36|452.36|308.04|0.00|0.00|PR1|CO45||144.32|144.32||50.00|50.00|29.42|13.72|13.72|51.18|51.18|0.00|0.00|0.00|308.04|0.00|0.00|0.00||N|||W000000483|P|W000000483|0|0|0.00|||2|07||452.36||N|Y|||||1||07|2000000247|N|0.00|0.00|07|24||||||GT||||||||N39.0|E11.65|K57.30||||||||99213|||||||13.72|50.00|29.42|N|||AETNA
002026060100000588|1234567|0987654|N|001|AC123456|03|P|Y||PPO|03|PKG0042|PPO001|N|F|W000000070|Gonzalez|Jackson|M|19940417|59717|AZ|EC|135454860|W000000070|W000000070|Gonzalez|Jackson|M|EE|19940417|202606010000588|ACAS2026060100000588||TCN2026060100000588|SRC2026060100000588|002026060100000588|NY0001|NY0001||2|100000024|DR White MD|2|100000024|PV000024|DR White MD|1135 MEDICAL PLAZA||CA MEDICAL CTR|CA|44825|1|09|P|N|20260512|20260519|20260407|20260407|20260523||||||99395|59|P|Y|03||A|||22||||3|2|2306.99|2306.99|1248.85|0.00|0.00|PR1|CO45||1058.14|1058.14||30.00|30.00|108.91|200.12|200.12|719.11|719.11|0.00|0.00|0.00|1248.85|0.00|0.00|0.00||N|||W000000070|P|W000000070|0|0|0.00|||N|09||2306.99|||N|||||1||09|2000000024|N|0.00|0.00|09|22||||||26||||||||I10|Z79.899|||E66.9||||||99395|||||||200.12|30.00|108.91|N|||AETNA
002026060100000589|1234567|0987654|N|001|AC123456|01|I|Y||PPO|02|PKG0042|PPO001|N|F|W000000072|Jones|Joseph|M|19871028|28543|WA|EE||W000000586|W000000586|Jones|Mia|F|CH|20031222|202606010000589|ACAS2026060100000589||TCN2026060100000589|SRC2026060100000589|002026060100000589|NY0001|NY0001||2|100000259|DR Williams MD|2|100000259|PV000259|DR Williams MD|7355 MEDICAL PLAZA||MI MEDICAL CTR|MI|18858|4|04|P|N|20260417|20260514|20260413|20260415|20260517||||05|683|36415|59|I|Y|02||B|||23|04|0900|122|3|3|1313.38|1313.38|948.77|0.00|0.00|PR1|CO45||364.61|364.61||0.00|0.00|5.39|73.68|73.68|285.54|285.54|0.00|0.00|0.00|948.77|0.00|0.00|0.00||N|||W000000586|P|W000000586|0|1|0.00|||N|04||1313.38||Y||||||1||04|2000000259|N|0.00|0.00|04|23||3|20260413|20260415||GT||||||||Z87.891|K57.30|||||||||36415|||||||73.68|0.00|5.39|N|3||AETNA
002026060100000590|1234567|0987654|N|001|AC123456|01|I|N||PPO|02|PKG0042|PPO001|1|F|W000000311|Smith|Mia|F|19710203|52038|PA|EE||W000000591|W000000591|Smith|Sebastian|M|CH|20170702|202606010000590|ACAS2026060100000590||TCN2026060100000590|SRC2026060100000590|002026060100000590|NY0001|NY0001||2|100000009|DR Rodriguez MD|2|100000009|PV000009|DR Rodriguez MD|5742 MEDICAL PLAZA||MA MEDICAL CTR|MA|62447|4|09|P|P|20260423|20260517|20260320|20260321|20260518||||10|293|99213|25|I|Y|06||N|||32|20|0900|121|2|3|869.78|869.78|240.19|0.00|0.00|PR1|CO45||629.59|629.59||75.00|75.00|57.10|66.52|66.52|430.97|430.97|0.00|0.00|0.00|240.19|0.00|0.00|0.00||N|||W000000591|P|W000000591|0|1|0.00|||1|09||869.78|||Y|||||1||09|2000000009|N|0.00|0.00|09|32||3|20260320|20260321|95|||||||||Z87.891|Z00.00|E66.9||||||||99213|||||||66.52|75.00|57.10|N|3||AETNA
002026060100000591|1234567|0987654|N|001|AC123456|01|I|N||PPO|03|PKG0042|PPO001|1|F|W000000382|Thomas|Joseph|M|19720327|52997|IL|EC||W000000561|W000000561|Thomas|Zoey|F|CH|20090624|202606010000591|ACAS2026060100000591||TCN2026060100000591|SRC2026060100000591|002026060100000591|NY0001|NY0001||2|100000221|DR Lewis MD|2|100000221|PV000221|DR Lewis MD|6148 MEDICAL PLAZA||GA MEDICAL CTR|GA|23427|4|11|P|P|20260506|20260513|20260423|20260424|20260515||||06|392|99203||I|Y|01||B|||31|03|0450|131|1|3|505.93|505.93|151.30|0.00|0.00|PR1|CO45||354.63|354.63||50.00|50.00|96.34|32.10|32.10|176.19|176.19|0.00|0.00|0.00|151.30|0.00|0.00|0.00||N|||W000000561|P|W000000561|0|1|0.00|||1|11||505.93|||Y|||||1||11|2000000221|N|0.00|0.00|11|31|2|1|20260423|20260424|26|TC||||||||S93.401|F41.9|I50.9||||||||99203|||||||32.10|50.00|96.34|N|1||AETNA
002026060100000592|1234567|0987654|N|001|AC123456|01|I|N||PPO|02|PKG0042|PPO001|2|F|W000000199|Clark|Sophia|F|19940227|68249|VA|EE||W000000632|W000000632|Clark|Oliver|M|CH|20110410|202606010000592|ACAS2026060100000592||TCN2026060100000592|SRC2026060100000592|002026060100000592|NY0001|NY0001||2|100000104|DR Davis MD|2|100000104|PV000104|DR Davis MD|8944 MEDICAL PLAZA||VA MEDICAL CTR|VA|86016|4|40|P|P|20260430|20260520|20260423|20260423|20260522||||11|871|99283|AT|I|Y|02||A|||21|04|0300|112|1|3|881.78|881.78|639.76|0.00|0.00|PR1|CO45||242.02|242.02||40.00|40.00|29.85|41.73|41.73|130.44|130.44|0.00|0.00|0.00|639.76|0.00|0.00|0.00||N|||W000000632|P|W000000632|0|1|0.00|||2|40||881.78||N|N|||||1||40|2000000104|N|0.00|0.00|40|21|1|2|20260423|20260423|AT|AT||||||||F41.9|S93.401||G47.33|||||||99283|||||||41.73|40.00|29.85|N|2||AETNA
002026060100000593|1234567|0987654|N|001|AC123456|03|P|N||PPO|03|PKG0042|PPO001|1|F|W000000168|Lee|Logan|M|19650602|99824|NC|EE|797726296|W000000168|W000000168|Lee|Logan|M|EE|19650602|202606010000593|ACAS2026060100000593||TCN2026060100000593|SRC2026060100000593|002026060100000593|NY0001|NY0001||2|100000116|DR Martin MD|2|100000116|PV000116|DR Martin MD|9812 MEDICAL PLAZA||FL MEDICAL CTR|FL|25196|1|11|P|P|20260505|20260526|20260510|20260510|20260530||||||99204|GT|P|Y|02||2|||23||||2|1|652.98|652.98|216.03|0.00|0.00|PR1|CO45||436.95|436.95||40.00|40.00|113.34|56.49|56.49|227.12|227.12|0.00|0.00|0.00|216.03|0.00|0.00|0.00||N|||W000000168|P|W000000168|0|0|0.00|||1|11||652.98||||||||1||11|2000000116|N|0.00|0.00|11|23||||||26||||||||M17.11||||||||||99204|||||||56.49|40.00|113.34|N|||AETNA
002026060100000594|1234567|0987654|N|001|AC123456|03|P|Y||PPO|02|PKG0042|PPO001|N|F|W000000395|Robinson|Lucas|M|19750121|72484|PA|ES||W000000686|W000000686|Robinson|Ella|F|SP|19740207|202606010000594|ACAS2026060100000594||TCN2026060100000594|SRC2026060100000594|002026060100000594|NY0001|NY0001||2|100000006|DR Garcia MD|2|100000006|PV000006|DR Garcia MD|4309 MEDICAL PLAZA||PA MEDICAL CTR|PA|40139|1|06|P|N|20260426|20260513|20260420|20260420|20260517||||||82947||P|Y|07||B|||12||||3|2|378.16|378.16|187.40|0.00|0.00|PR1|CO45||190.76|190.76||0.00|0.00|29.11|35.30|35.30|126.35|126.35|0.00|0.00|0.00|187.40|0.00|0.00|0.00||N|||W000000686|P|W000000686|0|0|0.00|||N|06||378.16||N||Y||||1||06|2000000006|N|0.00|0.00|06|12||||||AT||||||||M79.3||I50.9||||||||82947|||||||35.30|0.00|29.11|N|||AETNA
002026060100000595|1234567|0987654|N|001|AC123456|03|P|Y||PPO|01|PKG0042|PPO001|N|F|W000000225|Ramirez|Aiden|M|19720528|34909|FL|EF|520768375|W000000225|W000000225|Ramirez|Aiden|M|EE|19720528|202606010000595|ACAS2026060100000595||TCN2026060100000595|SRC2026060100000595|002026060100000595|NY0001|NY0001||2|100000211|DR Jackson MD|2|100000211|PV000211|DR Jackson MD|8126 MEDICAL PLAZA||NY MEDICAL CTR|NY|90757|1|01|P|N|20260429|20260519|20260513|20260513|20260523||||||80061|95|P|Y|08||1|||31||||1|2|742.25|742.25|296.17|0.00|0.00|PR1|CO45||446.08|446.08||30.00|30.00|69.18|85.10|85.10|261.80|261.80|0.00|0.00|0.00|296.17|0.00|0.00|0.00||N|||W000000225|P|W000000225|0|0|0.00|||N|01||742.25||Y||N||||1||01|2000000211|N|0.00|0.00|01|31|||||GT|95||||||||Z12.31||E66.9||||||||80061|||||||85.10|30.00|69.18|N|||AETNA
002026060100000596|1234567|0987654|N|001|AC123456|03|P|N||PPO|02|PKG0042|PPO001|1|F|W000000246|Gonzalez|Ava|F|19820118|91913|CO|EC||W000000562|W000000562|Gonzalez|Victoria|F|CH|20141013|202606010000596|ACAS2026060100000596||TCN2026060100000596|SRC2026060100000596|002026060100000596|NY0001|NY0001||2|100000050|DR Moore MD|2|100000050|PV000050|DR Moore MD|6791 MEDICAL PLAZA||NC MEDICAL CTR|NC|52190|1|05|P|P|20260430|20260527|20260407|20260407|20260529||||||99283|59|P|Y|02||A|||12||||1|2|833.48|833.48|255.49|0.00|0.00|PR1|CO45||577.99|577.99||20.00|20.00|0.90|75.05|75.05|482.04|482.04|0.00|0.00|0.00|255.49|0.00|0.00|0.00||N|||W000000562|P|W000000562|0|0|0.00|||1|05||833.48||||||||1||05|2000000050|N|0.00|0.00|05|12|||||59|AT|N|||||||J18.9|K57.30||J44.1|||||||99283|||||||75.05|20.00|0.90|N|||AETNA
002026060100000597|1234567|0987654|N|001|AC123456|01|I|N||PPO|02|PKG0042|PPO001|3|F|W000000175|Thomas|Victoria|F|19770813|78178|TX|EF||W000000406|W000000406|Thomas|Chloe|F|CH|20010810|202606010000597|ACAS2026060100000597||TCN2026060100000597|SRC2026060100000597|002026060100000597|NY0001|NY0001||2|100000198|DR Garcia MD|2|100000198|PV000198|DR Garcia MD|5807 MEDICAL PLAZA||CA MEDICAL CTR|CA|60074|4|03|P|P|20260508|20260525|20260304|20260307|20260529||||04|871|99214|51|I|Y|06||2|||31|20|0370|121|3|3|483.43|483.43|483.43|0.00|0.00||CO45||0.00|0.00||40.00|40.00|0.00|0.00|0.00|0.00|0.00|0.00|0.00|0.00|0.00|0.00|0.00|0.00||N|||W000000406|D|W000000406|0|1|0.00|||3|03||483.43||||||||1||03|2000000198|N|0.00|0.00|03|31|1|4|20260304|20260307|50|50||||||||G47.33|I50.9|I25.10|I50.9|||||||99214|||||||0.00|40.00|0.00|N|4||AETNA
002026060100000598|1234567|0987654|N|001|AC123456|01|I|N||PPO|01|PKG0042|PPO001|3|F|W000000253|Robinson|Elijah|M|19650419|21540|FL|ES||W000000546|W000000546|Robinson|Chloe|F|SP|19790612|202606010000598|ACAS2026060100000598||TCN2026060100000598|SRC2026060100000598|002026060100000598|NY0001|NY0001||2|100000218|DR Sanchez MD|2|100000218|PV000218|DR Sanchez MD|8134 MEDICAL PLAZA||NJ MEDICAL CTR|NJ|50918|4|08|P|P|20260506|20260527|20260412|20260416|20260529||||08|392|99214|26|I|Y|07||F|||24|05|0100|211|2|3|1434.04|1434.04|992.12|0.00|0.00|PR1|CO45||441.92|441.92||75.00|75.00|14.29|69.37|69.37|283.26|283.26|0.00|0.00|0.00|992.12|0.00|0.00|0.00||N|||W000000546|P|W000000546|0|1|0.00|||3|08||1434.04|||N|||||1||08|2000000218|N|0.00|0.00|08|24|5|9|20260412|20260416||||||||||J45.909|E11.9|||||||||99214|||||||69.37|75.00|14.29|N|9||AETNA
002026060100000599|1234567|0987654|N|001|AC123456|03|P|Y||PPO|01|PKG0042|PPO001|N|F|W000000127|Jones|Oliver|M|19751006|25643|NC|EF||W000000440|W000000440|Jones|Liam|M|CH|20050401|202606010000599|ACAS2026060100000599||TCN2026060100000599|SRC2026060100000599|002026060100000599|NY0001|NY0001||2|100000254|DR Robinson MD|2|100000254|PV000254|DR Robinson MD|2289 MEDICAL PLAZA||CO MEDICAL CTR|CO|84805|1|40|P|N|20260427|20260516|20260502|20260502|20260520||||||90847|TC|P|Y|01||M|||13||||1|2|1989.24|1989.24|1489.37|0.00|0.00|PR1|CO45||499.87|499.87||40.00|40.00|71.79|40.23|40.23|347.85|347.85|0.00|0.00|0.00|1489.37|0.00|0.00|0.00||N|||W000000440|P|W000000440|0|0|0.00|||N|40||1989.24||Y|Y|||||1||40|2000000254|N|0.00|0.00|40|13|||||GT|AT|N|||||||F32.9|F32.9||E78.5|||||||90847|||||||40.23|40.00|71.79|N|||AETNA
002026060100000600|1234567|0987654|N|001|AC123456|01|I|N||PPO|03|PKG0042|PPO001|2|F|W000000056|Smith|Avery|F|19731212|45236|VA|ES||W000000450|W000000450|Smith|David|M|SP|19930811|202606010000600|ACAS2026060100000600||TCN2026060100000600|SRC2026060100000600|002026060100000600|NY0001|NY0001||2|100000213|DR Lee MD|2|100000213|PV000213|DR Lee MD|1215 MEDICAL PLAZA||TX MEDICAL CTR|TX|16221|4|03|P|P|20260516|20260530|20260330|20260402|20260602||||02|470|99283|25|I|Y|04||1|||31|03|0200|212|2|3|1516.88|1516.88|760.77|0.00|0.00|PR1|CO45||756.11|756.11||40.00|40.00|59.05|122.00|122.00|535.06|535.06|0.00|0.00|0.00|760.77|0.00|0.00|0.00||N|||W000000450|P|W000000450|0|1|0.00|||2|03||1516.88||Y||||||1||03|2000000213|N|0.00|0.00|03|31|1||20260330|20260402|26|||||||||S93.401||E11.65||||||||99283|||||||122.00|40.00|59.05|N|||AETNA
002026060100000601|1234567|0987654|N|001|AC123456|03|P|N||PPO|01|PKG0042|PPO001|3|F|W000000342|Gonzalez|Emma|F|19940225|24294|PA|EC||W000000432|W000000432|Gonzalez|Ella|F|CH|20110325|202606010000601|ACAS2026060100000601||TCN2026060100000601|SRC2026060100000601|002026060100000601|NY0001|NY0001||2|100000091|DR Clark MD|2|100000091|PV000091|DR Clark MD|7658 MEDICAL PLAZA||NJ MEDICAL CTR|NJ|43838|1|01|P|P|20260420|20260517|20260319|20260319|20260521||||||99203|59|P|Y|06||A|||21||||2|2|525.94|525.94|144.84|0.00|0.00|PR1|CO45||381.10|381.10||50.00|50.00|44.86|63.35|63.35|222.89|222.89|0.00|0.00|0.00|144.84|0.00|0.00|0.00||N|||W000000432|P|W000000432|0|0|0.00|||3|01||525.94|||N|||||1||01|2000000091|N|0.00|0.00|01|21|||||51|||||||||F41.9|N39.0|||||||||99203|||||||63.35|50.00|44.86|N|||AETNA
002026060100000602|1234567|0987654|N|001|AC123456|01|I|N||PPO|02|PKG0042|PPO001|1|F|W000000253|Robinson|Elijah|M|19650419|21540|FL|ES||W000000546|W000000546|Robinson|Chloe|F|SP|19790612|202606010000602|ACAS2026060100000602||TCN2026060100000602|SRC2026060100000602|002026060100000602|NY0001|NY0001||2|100000222|DR Robinson MD|2|100000222|PV000222|DR Robinson MD|1045 MEDICAL PLAZA||GA MEDICAL CTR|GA|79956|4|12|P|P|20260506|20260521|20260417|20260419|20260524||||08|683|97110||I|Y|05||2|||24|04|0300|132|2|1|1264.52|1264.52|586.34|0.00|0.00|PR1|CO45||678.18|678.18||75.00|75.00|109.27|94.62|94.62|399.29|399.29|0.00|0.00|0.00|586.34|0.00|0.00|0.00||N|||W000000546|P|W000000546|0|1|0.00|||1|12||1264.52||N||||||1||12|2000000222|N|0.00|0.00|12|24|7|4|20260417|20260419|TC|26||||||||N39.0||J18.9||||||||97110|||||||94.62|75.00|109.27|N|4||AETNA
002026060100000603|1234567|0987654|N|001|AC123456|03|P|N||PPO|01|PKG0042|PPO001|3|F|W000000197|Rodriguez|Sebastian|M|19830822|17567|OH|EC||W000000518|W000000518|Rodriguez|James|M|SP|19930703|202606010000603|ACAS2026060100000603||TCN2026060100000603|SRC2026060100000603|002026060100000603|NY0001|NY0001||2|100000248|DR White MD|2|100000248|PV000248|DR White MD|5722 MEDICAL PLAZA||PA MEDICAL CTR|PA|76177|1|08|P|P|20260506|20260530|20260506|20260506|20260603||||||90834||P|Y|01||S|||32||||2|3|710.71|710.71|400.51|0.00|0.00|PR1|CO45||310.20|310.20||0.00|0.00|1.35|44.57|44.57|264.28|264.28|0.00|0.00|0.00|400.51|0.00|0.00|0.00||N|||W000000518|P|W000000518|0|0|0.00|||3|08||710.71||Y|N|||||1||08|2000000248|N|0.00|0.00|08|32|||||95|||||||||J45.909|I50.9|J18.9||||||||90834|||||||44.57|0.00|1.35|N|||AETNA
002026060100000604|1234567|0987654|N|001|AC123456|03|P|N||PPO|02|PKG0042|PPO001|1|F|W000000095|Brown|Nora|F|19790626|50299|GA|ES|419761524|W000000095|W000000095|Brown|Nora|F|EE|19790626|202606010000604|ACAS2026060100000604||TCN2026060100000604|SRC2026060100000604|002026060100000604|NY0001|NY0001||2|100000096|DR Young MD|2|100000096|PV000096|DR Young MD|6987 MEDICAL PLAZA||TX MEDICAL CTR|TX|26331|1|06|P|P|20260430|20260520|20260328|20260328|20260524||||||99203|AT|P|Y|01||M|||23||||2|1|232.67|232.67|170.91|0.00|0.00|PR1|CO45||61.76|61.76||20.00|20.00|5.27|7.61|7.61|28.88|28.88|0.00|0.00|0.00|170.91|0.00|0.00|0.00||N|||W000000095|P|W000000095|0|0|0.00|||1|06||232.67||||||||1||06|2000000096|N|0.00|0.00|06|23|||||25|TC||||||||M79.3|||M54.5|||||||99203|||||||7.61|20.00|5.27|N|||AETNA
002026060100000605|1234567|0987654|N|001|AC123456|01|I|N||PPO|03|PKG0042|PPO001|2|F|W000000381|Harris|Oliver|M|19851001|73289|NJ|EE||W000000579|W000000579|Harris|Harper|F|SP|19910908|202606010000605|ACAS2026060100000605||TCN2026060100000605|SRC2026060100000605|002026060100000605|NY0001|NY0001||2|100000038|DR Garcia MD|2|100000038|PV000038|DR Garcia MD|5548 MEDICAL PLAZA||IL MEDICAL CTR|IL|28780|4|08|P|P|20260425|20260517|20260512|20260514|20260518||||02|379|90847||I|Y|02||1|||24|07|0900|211|3|1|1178.29|1178.29|1178.29|0.00|0.00||CO45||0.00|0.00||20.00|20.00|0.00|0.00|0.00|0.00|0.00|0.00|0.00|0.00|0.00|0.00|0.00|0.00||N|||W000000579|D|W000000579|0|1|0.00|||2|08||1178.29||||||||1||08|2000000038|N|0.00|0.00|08|24|4|2|20260512|20260514||||||||||I50.9|J30.9||R51|||||||90847|||||||0.00|20.00|0.00|N|2||AETNA
002026060100000606|1234567|0987654|N|001|AC123456|01|I|N||PPO|03|PKG0042|PPO001|1|F|W000000376|Johnson|Aiden|M|19600127|69916|VA|EE|428909846|W000000376|W000000376|Johnson|Aiden|M|EE|19600127|202606010000606|ACAS2026060100000606||TCN2026060100000606|SRC2026060100000606|002026060100000606|NY0001|NY0001||2|100000268|DR Lopez MD|2|100000268|PV000268|DR Lopez MD|7039 MEDICAL PLAZA||OH MEDICAL CTR|OH|74773|4|38|P|P|20260424|20260518|20260304|20260304|20260520||||10|291|97110|TC|I|Y|06||4|||12|04|0200|112|2|3|753.11|753.11|441.64|0.00|0.00|PR1|CO45||311.47|311.47||50.00|50.00|5.36|59.99|59.99|196.12|196.12|0.00|0.00|0.00|441.64|0.00|0.00|0.00||N|||W000000376|P|W000000376|1|1|0.00|||1|38||753.11||||Y||||1||38|2000000268|N|0.00|0.00|38|12|1|1|20260304|20260304|TC|59||||||||I10|F41.9|N39.0||||||||97110|||||||59.99|50.00|5.36|N|1||AETNA
002026060100000607|1234567|0987654|N|001|AC123456|03|P|N||PPO|02|PKG0042|PPO001|3|F|W000000227|Sanchez|Oliver|M|19730610|37041|CA|EF|113934287|W000000227|W000000227|Sanchez|Oliver|M|EE|19730610|202606010000607|ACAS2026060100000607||TCN2026060100000607|SRC2026060100000607|002026060100000607|NY0001|NY0001||2|100000045|DR Gonzalez MD|2|100000045|PV000045|DR Gonzalez MD|1159 MEDICAL PLAZA||WA MEDICAL CTR|WA|68659|1|50|P|P|20260428|20260521|20260430|20260430|20260524||||||99232||P|Y|05||A|||24||||2|2|6030.08|6030.08|2397.63|0.00|0.00|PR1|CO45||3632.45|3632.45||30.00|30.00|348.05|374.70|374.70|2879.70|2879.70|0.00|0.00|0.00|2397.63|0.00|0.00|0.00||N|||W000000227|P|W000000227|0|0|0.00|||3|50||6030.08||Y||||||1||50|2000000045|N|0.00|0.00|50|24|||||25|||||||||E78.5|J30.9|||||||||99232|||||||374.70|30.00|348.05|N|||AETNA
002026060100000608|1234567|0987654|N|001|AC123456|01|I|N||PPO|01|PKG0042|PPO001|1|F|W000000360|Miller|Evelyn|F|19801028|33497|PA|EF|727659792|W000000360|W000000360|Miller|Evelyn|F|EE|19801028|202606010000608|ACAS2026060100000608||TCN2026060100000608|SRC2026060100000608|002026060100000608|NY0001|NY0001||2|100000179|DR Jackson MD|2|100000179|PV000179|DR Jackson MD|3559 MEDICAL PLAZA||AZ MEDICAL CTR|AZ|54523|4|40|P|P|20260506|20260525|20260428|20260430|20260528||||07|392|99395|TC|I|Y|08||S|||23|02|0450|131|1|3|2295.44|2295.44|924.79|0.00|0.00|PR1|CO45||1370.65|1370.65||50.00|50.00|132.17|272.78|272.78|915.70|915.70|0.00|0.00|0.00|924.79|0.00|0.00|0.00||N|||W000000360|P|W000000360|0|1|0.00|||1|40||2295.44||N||||||1||40|2000000179|N|0.00|0.00|40|23||1|20260428|20260430|50|TC||||||||R05||||||||||99395|||||||272.78|50.00|132.17|N|1||AETNA
002026060100000609|1234567|0987654|N|001|AC123456|03|P|N||PPO|02|PKG0042|PPO001|3|F|W000000100|Brown|Liam|M|19610218|28539|MI|EF||W000000677|W000000677|Brown|Abigail|F|CH|20000627|202606010000609|ACAS2026060100000609||TCN2026060100000609|SRC2026060100000609|002026060100000609|NY0001|NY0001||2|100000071|DR Miller MD|2|100000071|PV000071|DR Miller MD|7609 MEDICAL PLAZA||PA MEDICAL CTR|PA|51264|1|11|P|P|20260508|20260528|20260327|20260327|20260601||||||71046|95|P|Y|08||A|||21||||3|1|1217.41|1217.41|758.52|0.00|0.00|PR1|CO45||458.89|458.89||30.00|30.00|52.23|65.79|65.79|310.87|310.87|0.00|0.00|0.00|758.52|0.00|0.00|0.00||N|||W000000677|P|W000000677|0|0|0.00|||3|11||1217.41||N||||||1||11|2000000071|N|0.00|0.00|11|21||||||59||||||||Z23||||||||||71046|||||||65.79|30.00|52.23|N|||AETNA
002026060100000610|1234567|0987654|N|001|AC123456|03|P|N||PPO|03|PKG0042|PPO001|3|F|W000000130|Rodriguez|James|M|19920922|69476|NC|EE||W000000601|W000000601|Rodriguez|Noah|M|CH|20031016|202606010000610|ACAS2026060100000610||TCN2026060100000610|SRC2026060100000610|002026060100000610|NY0001|NY0001||2|100000038|DR Garcia MD|2|100000038|PV000038|DR Garcia MD|3816 MEDICAL PLAZA||IL MEDICAL CTR|IL|50289|1|08|P|P|20260514|20260531|20260526|20260526|20260603||||||80061|51|P|Y|01||1|||24||||2|3|822.04|822.04|590.32|0.00|0.00|PR1|CO45||231.72|231.72||75.00|75.00|47.60|17.93|17.93|91.19|91.19|0.00|0.00|0.00|590.32|0.00|0.00|0.00||N|||W000000601|P|W000000601|0|0|0.00|||3|08||822.04||Y||||||1||08|2000000038|N|0.00|0.00|08|24|||||25|59||||||||J06.9||||||||||80061|||||||17.93|75.00|47.60|N|||AETNA
002026060100000611|1234567|0987654|N|001|AC123456|01|I|Y||PPO|02|PKG0042|PPO001|N|F|W000000191|Jackson|Liam|M|19900909|53052|PA|ES||W000000584|W000000584|Jackson|Aria|F|SP|19660801|202606010000611|ACAS2026060100000611||TCN2026060100000611|SRC2026060100000611|002026060100000611|NY0001|NY0001||2|100000233|DR Rodriguez MD|2|100000233|PV000233|DR Rodriguez MD|8798 MEDICAL PLAZA||IL MEDICAL CTR|IL|54101|4|08|P|N|20260512|20260525|20260510|20260514|20260529||||09|683|99203|AT|I|Y|08||1|||99|20|0100|212|2|2|764.46|764.46|426.19|0.00|0.00|PR1|CO45||338.27|338.27||50.00|50.00|25.14|46.07|46.07|217.06|217.06|0.00|0.00|0.00|426.19|0.00|0.00|0.00||N|||W000000584|P|W000000584|0|1|0.00|||N|08||764.46||||||||1||08|2000000233|N|0.00|0.00|08|99||3|20260510|20260514|51|51||||||||R05||||||||||99203|||||||46.07|50.00|25.14|N|3||AETNA
002026060100000612|1234567|0987654|N|001|AC123456|03|P|N||PPO|03|PKG0042|PPO001|2|F|W000000324|Brown|Amelia|F|19700116|46262|WA|EE|402892165|W000000324|W000000324|Brown|Amelia|F|EE|19700116|202606010000612|ACAS2026060100000612||TCN2026060100000612|SRC2026060100000612|002026060100000612|NY0001|NY0001||2|100000044|DR Lopez MD|2|100000044|PV000044|DR Lopez MD|9797 MEDICAL PLAZA||FL MEDICAL CTR|FL|51748|1|40|P|P|20260426|20260519|20260517|20260517|20260520||||||99205|59|P|Y|03||4|||22||||1|3|283.40|283.40|167.61|0.00|0.00|PR1|CO45||115.79|115.79||0.00|0.00|15.99|12.98|12.98|86.82|86.82|0.00|0.00|0.00|167.61|0.00|0.00|0.00||N|||W000000324|P|W000000324|0|0|0.00|||2|40||283.40||Y||N||||1||40|2000000044|N|0.00|0.00|40|22|||||59|95||||||||G43.909||S93.401||||||||99205|||||||12.98|0.00|15.99|N|||AETNA
002026060100000613|1234567|0987654|N|001|AC123456|03|P|N||PPO|01|PKG0042|PPO001|2|F|W000000141|Lewis|Riley|F|19930224|67296|OH|EF||W000000549|W000000549|Lewis|Riley|F|SP|19801005|202606010000613|ACAS2026060100000613||TCN2026060100000613|SRC2026060100000613|002026060100000613|NY0001|NY0001||2|100000202|DR Martinez MD|2|100000202|PV000202|DR Martinez MD|8046 MEDICAL PLAZA||FL MEDICAL CTR|FL|94569|1|07|P|P|20260505|20260531|20260424|20260424|20260601||||||99395|26|P|Y|06||M|||24||||3|1|151.69|151.69|60.66|0.00|0.00|PR1|CO45||91.03|91.03||75.00|75.00|17.61|0.00|0.00|0.00|0.00|0.00|0.00|0.00|60.66|0.00|0.00|0.00||N|||W000000549|P|W000000549|0|0|0.00|||2|07||151.69||||||||1||07|2000000202|N|0.00|0.00|07|24||||||TC||||||||G43.909||F32.9||||||||99395|||||||0.00|75.00|17.61|N|||AETNA
002026060100000614|1234567|0987654|N|001|AC123456|03|P|Y||PPO|02|PKG0042|PPO001|N|F|W000000270|Ramirez|Evelyn|F|19651004|79777|IL|EF|139594677|W000000270|W000000270|Ramirez|Evelyn|F|EE|19651004|202606010000614|ACAS2026060100000614||TCN2026060100000614|SRC2026060100000614|002026060100000614|NY0001|NY0001||2|100000208|DR Thomas MD|2|100000208|PV000208|DR Thomas MD|1165 MEDICAL PLAZA||GA MEDICAL CTR|GA|28354|1|38|P|N|20260421|20260513|20260410|20260410|20260517||||||99396||P|Y|05||S|||32||||3|2|316.82|316.82|107.75|0.00|0.00|PR1|CO45||209.07|209.07||75.00|75.00|20.22|25.90|25.90|87.95|87.95|0.00|0.00|0.00|107.75|0.00|0.00|0.00||N|||W000000270|P|W000000270|0|0|0.00|||N|38||316.82|||Y|||||1||38|2000000208|N|0.00|0.00|38|32|||||59|AT||||||||J45.909|G43.909|I50.9|I10|||||||99396|||||||25.90|75.00|20.22|N|||AETNA
002026060100000615|1234567|0987654|N|001|AC123456|03|P|N||PPO|03|PKG0042|PPO001|2|F|W000000392|Smith|Avery|F|19910203|15817|MA|EE||W000000481|W000000481|Smith|Chloe|F|CH|20201125|202606010000615|ACAS2026060100000615||TCN2026060100000615|SRC2026060100000615|002026060100000615|NY0001|NY0001||2|100000019|DR Jackson MD|2|100000019|PV000019|DR Jackson MD|3553 MEDICAL PLAZA||NY MEDICAL CTR|NY|68822|1|04|P|P|20260426|20260520|20260512|20260512|20260522||||||99213|59|P|Y|03||1|||13||||3|1|638.70|638.70|407.99|0.00|0.00|PR1|CO45||230.71|230.71||0.00|0.00|65.67|36.33|36.33|128.71|128.71|0.00|0.00|0.00|407.99|0.00|0.00|0.00||N|||W000000481|P|W000000481|0|0|0.00|||2|04||638.70|||N|||||1||04|2000000019|N|0.00|0.00|04|13|||||TC|95||||||||J45.909|E78.5|||F41.9||||||99213|||||||36.33|0.00|65.67|N|||AETNA
002026060100000616|1234567|0987654|N|001|AC123456|01|I|N||PPO|01|PKG0042|PPO001|2|F|W000000285|Davis|Oliver|M|19820913|63204|NY|EC||W000000448|W000000448|Davis|Elizabeth|F|SP|19931109|202606010000616|ACAS2026060100000616||TCN2026060100000616|SRC2026060100000616|002026060100000616|NY0001|NY0001||2|100000052|DR Martin MD|2|100000052|PV000052|DR Martin MD|9358 MEDICAL PLAZA||FL MEDICAL CTR|FL|86388|4|07|P|P|20260501|20260526|20260428|20260430|20260527||||13|196|99205|26|I|Y|04||A|||12|07|0450|111|1|3|111.08|111.08|53.97|0.00|0.00|PR1|CO45||57.11|57.11||30.00|30.00|16.78|1.29|1.29|9.04|9.04|0.00|0.00|0.00|53.97|0.00|0.00|0.00||N|||W000000448|P|W000000448|0|1|0.00|||2|07||111.08||Y|N|||||1||07|2000000052|N|0.00|0.00|07|12|||20260428|20260430|26|||||||||G43.909|E11.9|||||||||99205|||||||1.29|30.00|16.78|N|||AETNA
002026060100000617|1234567|0987654|N|001|AC123456|01|I|Y||PPO|03|PKG0042|PPO001|N|F|W000000175|Thomas|Victoria|F|19770813|78178|TX|EF|770391009|W000000175|W000000175|Thomas|Victoria|F|EE|19770813|202606010000617|ACAS2026060100000617||TCN2026060100000617|SRC2026060100000617|002026060100000617|NY0001|NY0001||2|100000239|DR Anderson MD|2|100000239|PV000239|DR Anderson MD|1737 MEDICAL PLAZA||CO MEDICAL CTR|CO|50572|4|40|P|N|20260429|20260513|20260323|20260325|20260515||||09|470|80061|GT|I|Y|04||S|||22|05|0730|211|2|3|418.77|418.77|305.57|0.00|0.00|PR1|CO45||113.20|113.20||75.00|75.00|4.06|6.86|6.86|27.28|27.28|0.00|0.00|0.00|305.57|0.00|0.00|0.00||N|||W000000175|P|W000000175|0|1|0.00|||N|40||418.77||Y||||||1||40|2000000239|N|0.00|0.00|40|22|1|9|20260323|20260325|51|AT||||||||I25.10||I50.9||||||||80061|||||||6.86|75.00|4.06|N|9||AETNA
002026060100000618|1234567|0987654|N|001|AC123456|03|P|Y||PPO|01|PKG0042|PPO001|N|F|W000000187|Robinson|Abigail|F|19880604|64284|AZ|EC|939177758|W000000187|W000000187|Robinson|Abigail|F|EE|19880604|202606010000618|ACAS2026060100000618||TCN2026060100000618|SRC2026060100000618|002026060100000618|NY0001|NY0001||2|100000153|DR Harris MD|2|100000153|PV000153|DR Harris MD|9287 MEDICAL PLAZA||MI MEDICAL CTR|MI|43420|1|03|P|N|20260522|20260528|20260309|20260309|20260531||||||90847|AT|P|Y|05||1|||21||||3|2|538.90|538.90|346.44|0.00|0.00|PR1|CO45||192.46|192.46||75.00|75.00|19.85|22.31|22.31|75.30|75.30|0.00|0.00|0.00|346.44|0.00|0.00|0.00||N|||W000000187|P|W000000187|0|0|0.00|||N|03||538.90||Y||||||1||03|2000000153|N|0.00|0.00|03|21|||||AT|||||||||S93.401|S93.401||F32.9|J06.9||||||90847|||||||22.31|75.00|19.85|N|||AETNA
002026060100000619|1234567|0987654|N|001|AC123456|03|P|N||PPO|01|PKG0042|PPO001|2|F|W000000043|Ramirez|David|M|19770227|79657|NJ|EF|814387658|W000000043|W000000043|Ramirez|David|M|EE|19770227|202606010000619|ACAS2026060100000619||TCN2026060100000619|SRC2026060100000619|002026060100000619|NY0001|NY0001||2|100000037|DR Jones MD|2|100000037|PV000037|DR Jones MD|3296 MEDICAL PLAZA||TX MEDICAL CTR|TX|69780|1|07|P|P|20260430|20260513|20260526|20260526|20260515||||||82947|AT|P|Y|01||1|||32||||2|3|553.85|553.85|204.44|0.00|0.00|PR1|CO45||349.41|349.41||30.00|30.00|21.80|66.36|66.36|231.25|231.25|0.00|0.00|0.00|204.44|0.00|0.00|0.00||N|||W000000043|P|W000000043|0|0|0.00|||2|07||553.85||||||||1||07|2000000037|N|0.00|0.00|07|32|||||GT|TC||||||||E11.65|Z23||R05|||||||82947|||||||66.36|30.00|21.80|N|||AETNA
002026060100000620|1234567|0987654|N|001|AC123456|01|I|N||PPO|01|PKG0042|PPO001|1|F|W000000098|Taylor|Alexander|M|19850323|42178|TX|EE|883113461|W000000098|W000000098|Taylor|Alexander|M|EE|19850323|202606010000620|ACAS2026060100000620||TCN2026060100000620|SRC2026060100000620|002026060100000620|NY0001|NY0001||2|100000298|DR Martinez MD|2|100000298|PV000298|DR Martinez MD|2872 MEDICAL PLAZA||GA MEDICAL CTR|GA|96917|4|38|P|P|20260503|20260526|20260404|20260406|20260529||||03|378|97110||I|Y|04||F|||22|07|0636|132|1|2|379.00|379.00|133.90|0.00|0.00|PR1|CO45||245.10|245.10||40.00|40.00|13.73|31.35|31.35|160.02|160.02|0.00|0.00|0.00|133.90|0.00|0.00|0.00||N|||W000000098|P|W000000098|0|1|0.00|||1|38||379.00||N|N|Y||||1||38|2000000298|N|0.00|0.00|38|22|1|4|20260404|20260406|95|51||||||||I50.9|R51|N39.0||||||||97110|||||||31.35|40.00|13.73|N|4||AETNA
002026060100000621|1234567|0987654|N|001|AC123456|01|I|N||PPO|02|PKG0042|PPO001|1|F|W000000304|Walker|Logan|M|19931112|85991|MI|EF|724856655|W000000304|W000000304|Walker|Logan|M|EE|19931112|202606010000621|ACAS2026060100000621||TCN2026060100000621|SRC2026060100000621|002026060100000621|NY0001|NY0001||2|100000080|DR Thomas MD|2|100000080|PV000080|DR Thomas MD|2594 MEDICAL PLAZA||OH MEDICAL CTR|OH|66672|4|05|P|P|20260429|20260524|20260525|20260525|20260525||||07|195|93000||I|Y|04||2|||23|04|0110|122|2|2|497.56|497.56|180.02|0.00|0.00|PR1|CO45||317.54|317.54||0.00|0.00|46.77|29.03|29.03|241.74|241.74|0.00|0.00|0.00|180.02|0.00|0.00|0.00||N|||W000000304|P|W000000304|0|1|0.00|||1|05||497.56||Y|Y|||||1||05|2000000080|N|0.00|0.00|05|23|4|3|20260525|20260525|TC|59||||||||I10|E11.9|||||||||93000|||||||29.03|0.00|46.77|N|3||AETNA
002026060100000622|1234567|0987654|N|001|AC123456|03|P|N||PPO|03|PKG0042|PPO001|3|F|W000000335|Lee|Charlotte|F|19720917|42065|WA|ES|223448158|W000000335|W000000335|Lee|Charlotte|F|EE|19720917|202606010000622|ACAS2026060100000622||TCN2026060100000622|SRC2026060100000622|002026060100000622|NY0001|NY0001||2|100000002|DR Johnson MD|2|100000002|PV000002|DR Johnson MD|694 MEDICAL PLAZA||PA MEDICAL CTR|PA|77306|1|02|P|P|20260506|20260523|20260413|20260413|20260524||||||99214|25|P|Y|06||S|||21||||3|1|2879.32|2879.32|1954.50|0.00|0.00|PR1|CO45||924.82|924.82||40.00|40.00|156.43|174.58|174.58|553.81|553.81|0.00|0.00|0.00|1954.50|0.00|0.00|0.00||N|||W000000335|P|W000000335|0|0|0.00|||3|02||2879.32||Y||N||||1||02|2000000002|N|0.00|0.00|02|21|||||25|AT||||||||Z00.00|N39.0|E78.5||||||||99214|||||||174.58|40.00|156.43|N|||AETNA
002026060100000623|1234567|0987654|N|001|AC123456|03|P|Y||PPO|01|PKG0042|PPO001|N|F|W000000116|Williams|Evelyn|F|19660412|69479|WA|EF|521125899|W000000116|W000000116|Williams|Evelyn|F|EE|19660412|202606010000623|ACAS2026060100000623||TCN2026060100000623|SRC2026060100000623|002026060100000623|NY0001|NY0001||2|100000278|DR Perez MD|2|100000278|PV000278|DR Perez MD|7589 MEDICAL PLAZA||VA MEDICAL CTR|VA|42988|1|08|P|N|20260419|20260513|20260314|20260314|20260514||||||99395|50|P|Y|02||S|||99||||1|3|1167.74|1167.74|554.07|0.00|0.00|PR1|CO45||613.67|613.67||40.00|40.00|78.36|78.94|78.94|416.37|416.37|0.00|0.00|0.00|554.07|0.00|0.00|0.00||N|||W000000116|P|W000000116|0|0|0.00|||N|08||1167.74||||||||1||08|2000000278|N|0.00|0.00|08|99|||||TC|59||||||||R05||||||||||99395|||||||78.94|40.00|78.36|N|||AETNA
002026060100000624|1234567|0987654|N|001|AC123456|01|I|N||PPO|03|PKG0042|PPO001|1|F|W000000292|Williams|Mia|F|19651009|50694|CA|ES|350115121|W000000292|W000000292|Williams|Mia|F|EE|19651009|202606010000624|ACAS2026060100000624||TCN2026060100000624|SRC2026060100000624|002026060100000624|NY0001|NY0001||2|100000005|DR Jones MD|2|100000005|PV000005|DR Jones MD|1806 MEDICAL PLAZA||CA MEDICAL CTR|CA|80283|4|05|P|P|20260521|20260527|20260321|20260324|20260528||||14|293|99395||I|Y|05||A|||21|03|0300|112|3|2|413.12|413.12|222.53|0.00|0.00|PR1|CO45||190.59|190.59||30.00|30.00|15.58|22.35|22.35|122.66|122.66|0.00|0.00|0.00|222.53|0.00|0.00|0.00||N|||W000000292|P|W000000292|0|1|0.00|||1|05||413.12||||||||1||05|2000000005|N|0.00|0.00|05|21|4|9|20260321|20260324|26|||||||||M54.5|M17.11|||||||||99395|||||||22.35|30.00|15.58|N|9||AETNA
002026060100000625|1234567|0987654|N|001|AC123456|03|P|N||PPO|03|PKG0042|PPO001|2|F|W000000231|White|Ethan|M|19640910|40091|NY|EF||W000000423|W000000423|White|Charlotte|F|CH|20040215|202606010000625|ACAS2026060100000625||TCN2026060100000625|SRC2026060100000625|002026060100000625|NY0001|NY0001||2|100000167|DR Miller MD|2|100000167|PV000167|DR Miller MD|6977 MEDICAL PLAZA||OH MEDICAL CTR|OH|72755|1|02|P|P|20260422|20260513|20260508|20260508|20260517||||||71046||P|Y|03||F|||23||||1|3|627.60|627.60|159.57|0.00|0.00|PR1|CO45||468.03|468.03||20.00|20.00|39.12|87.48|87.48|321.43|321.43|0.00|0.00|0.00|159.57|0.00|0.00|0.00||N|||W000000423|P|W000000423|0|0|0.00|||2|02||627.60||N|N|||||1||02|2000000167|N|0.00|0.00|02|23|||||95|50||||||||I10|F32.9|||I25.10||||||71046|||||||87.48|20.00|39.12|N|||AETNA
002026060100000626|1234567|0987654|N|001|AC123456|03|P|N||PPO|01|PKG0042|PPO001|3|F|W000000163|White|Ethan|M|19730503|37364|PA|EE|596949447|W000000163|W000000163|White|Ethan|M|EE|19730503|202606010000626|ACAS2026060100000626||TCN2026060100000626|SRC2026060100000626|002026060100000626|NY0001|NY0001||2|100000298|DR Martinez MD|2|100000298|PV000298|DR Martinez MD|379 MEDICAL PLAZA||GA MEDICAL CTR|GA|16635|1|38|P|P|20260504|20260525|20260506|20260506|20260526||||||80053|50|P|Y|02||1|||24||||2|2|649.33|649.33|274.64|0.00|0.00|PR1|CO45||374.69|374.69||50.00|50.00|111.52|29.76|29.76|183.41|183.41|0.00|0.00|0.00|274.64|0.00|0.00|0.00||N|||W000000163|P|W000000163|0|0|0.00|||3|38||649.33||Y|N|||||1||38|2000000298|N|0.00|0.00|38|24|||||26|AT||||||||I25.10|K57.30|||||||||80053|||||||29.76|50.00|111.52|N|||AETNA
002026060100000627|1234567|0987654|N|001|AC123456|03|P|N||PPO|02|PKG0042|PPO001|3|F|W000000237|Martin|Sofia|F|19830223|91566|FL|EC|241337941|W000000237|W000000237|Martin|Sofia|F|EE|19830223|202606010000627|ACAS2026060100000627||TCN2026060100000627|SRC2026060100000627|002026060100000627|NY0001|NY0001||2|100000174|DR Wilson MD|2|100000174|PV000174|DR Wilson MD|6872 MEDICAL PLAZA||VA MEDICAL CTR|VA|25380|1|09|P|P|20260509|20260526|20260322|20260322|20260527||||||99205|GT|P|Y|06||A|||11||||3|2|346.28|346.28|97.79|0.00|0.00|PR1|CO45||248.49|248.49||30.00|30.00|68.86|33.70|33.70|115.93|115.93|0.00|0.00|0.00|97.79|0.00|0.00|0.00||N|||W000000237|P|W000000237|0|0|0.00|||3|09||346.28||||||||1||09|2000000174|N|0.00|0.00|09|11|||||50|25|N|||||||E78.5|||K57.30|||||||99205|||||||33.70|30.00|68.86|N|||AETNA
002026060100000628|1234567|0987654|N|001|AC123456|01|I|N||PPO|03|PKG0042|PPO001|1|F|W000000258|Martinez|Sebastian|M|19740402|98983|CO|EC|945378374|W000000258|W000000258|Martinez|Sebastian|M|EE|19740402|202606010000628|ACAS2026060100000628||TCN2026060100000628|SRC2026060100000628|002026060100000628|NY0001|NY0001||2|100000176|DR Thomas MD|2|100000176|PV000176|DR Thomas MD|5967 MEDICAL PLAZA||OH MEDICAL CTR|OH|22342|4|11|P|P|20260427|20260519|20260319|20260323|20260522||||14|292|36415||I|Y|04||A|||99|03|0100|121|3|2|345.93|345.93|234.31|0.00|0.00|PR1|CO45||111.62|111.62||20.00|20.00|2.54|9.92|9.92|79.16|79.16|0.00|0.00|0.00|234.31|0.00|0.00|0.00||N|||W000000258|P|W000000258|0|1|0.00|||1|11||345.93||||||||1||11|2000000176|N|0.00|0.00|11|99|1|3|20260319|20260323|GT|25||||||||Z79.899|Z00.00|||||||||36415|||||||9.92|20.00|2.54|N|3||AETNA
002026060100000629|1234567|0987654|N|001|AC123456|01|I|N||PPO|01|PKG0042|PPO001|2|F|W000000354|Taylor|Evelyn|F|19790527|57931|MA|EF|323805672|W000000354|W000000354|Taylor|Evelyn|F|EE|19790527|202606010000629|ACAS2026060100000629||TCN2026060100000629|SRC2026060100000629|002026060100000629|NY0001|NY0001||2|100000117|DR Lee MD|2|100000117|PV000117|DR Lee MD|9407 MEDICAL PLAZA||VA MEDICAL CTR|VA|60699|4|12|P|P|20260501|20260518|20260504|20260507|20260522||||13|195|99205||I|Y|04||F|||32|20|0370|132|1|1|1570.18|1570.18|823.66|0.00|0.00|PR1|CO45||746.52|746.52||30.00|30.00|147.04|120.22|120.22|449.26|449.26|0.00|0.00|0.00|823.66|0.00|0.00|0.00||N|||W000000354|P|W000000354|0|1|0.00|||2|12||1570.18||||N||||1||12|2000000117|N|0.00|0.00|12|32|4|2|20260504|20260507||50||||||||I25.10|Z12.31|Z00.00||||||||99205|||||||120.22|30.00|147.04|N|2||AETNA
002026060100000630|1234567|0987654|N|001|AC123456|03|P|N||PPO|03|PKG0042|PPO001|2|F|W000000257|Smith|Emily|F|19820107|31826|MI|ES|796754602|W000000257|W000000257|Smith|Emily|F|EE|19820107|202606010000630|ACAS2026060100000630||TCN2026060100000630|SRC2026060100000630|002026060100000630|NY0001|NY0001||2|100000039|DR Miller MD|2|100000039|PV000039|DR Miller MD|4277 MEDICAL PLAZA||TX MEDICAL CTR|TX|71197|1|09|P|P|20260507|20260525|20260527|20260527|20260528||||||71046|25|P|Y|06||M|||31||||3|2|465.53|465.53|169.54|0.00|0.00|PR1|CO45||295.99|295.99||30.00|30.00|40.57|55.20|55.20|170.22|170.22|0.00|0.00|0.00|169.54|0.00|0.00|0.00||N|||W000000257|P|W000000257|0|0|0.00|||2|09||465.53||Y||||||1||09|2000000039|N|0.00|0.00|09|31||||||59||||||||E11.65|Z79.899|||||||||71046|||||||55.20|30.00|40.57|N|||AETNA
002026060100000631|1234567|0987654|N|001|AC123456|03|P|N||PPO|01|PKG0042|PPO001|3|F|W000000024|Jackson|Sebastian|M|19901220|62551|NY|EE||W000000516|W000000516|Jackson|William|M|CH|20011115|202606010000631|ACAS2026060100000631||TCN2026060100000631|SRC2026060100000631|002026060100000631|NY0001|NY0001||2|100000172|DR Lopez MD|2|100000172|PV000172|DR Lopez MD|8284 MEDICAL PLAZA||OH MEDICAL CTR|OH|64811|1|07|P|P|20260509|20260529|20260420|20260420|20260530||||||99203|TC|P|Y|01||B|||21||||1|1|262.31|262.31|262.31|0.00|0.00||CO45||0.00|0.00||20.00|20.00|0.00|0.00|0.00|0.00|0.00|0.00|0.00|0.00|0.00|0.00|0.00|0.00||N|||W000000516|D|W000000516|0|0|0.00|||3|07||262.31||Y|N|Y||||1||07|2000000172|N|0.00|0.00|07|21||||||GT||||||||I25.10|E78.5|G43.909||||||||99203|||||||0.00|20.00|0.00|N|||AETNA
002026060100000632|1234567|0987654|N|001|AC123456|03|P|N||PPO|02|PKG0042|PPO001|2|F|W000000230|Smith|Sebastian|M|19850203|72684|GA|EE|847458343|W000000230|W000000230|Smith|Sebastian|M|EE|19850203|202606010000632|ACAS2026060100000632||TCN2026060100000632|SRC2026060100000632|002026060100000632|NY0001|NY0001||2|100000270|DR Wilson MD|2|100000270|PV000270|DR Wilson MD|5667 MEDICAL PLAZA||NJ MEDICAL CTR|NJ|68507|1|50|P|P|20260430|20260524|20260405|20260405|20260525||||||80061|26|P|Y|05||N|||11||||2|3|641.19|641.19|278.11|0.00|0.00|PR1|CO45||363.08|363.08||40.00|40.00|65.02|61.57|61.57|196.49|196.49|0.00|0.00|0.00|278.11|0.00|0.00|0.00||N|||W000000230|P|W000000230|0|0|0.00|||2|50||641.19||Y||||||1||50|2000000270|N|0.00|0.00|50|11|||||AT|TC||||||||R51||||||||||80061|||||||61.57|40.00|65.02|N|||AETNA
002026060100000633|1234567|0987654|N|001|AC123456|03|P|Y||PPO|01|PKG0042|PPO001|N|F|W000000304|Walker|Logan|M|19931112|85991|MI|EF|724856655|W000000304|W000000304|Walker|Logan|M|EE|19931112|202606010000633|ACAS2026060100000633||TCN2026060100000633|SRC2026060100000633|002026060100000633|NY0001|NY0001||2|100000028|DR Ramirez MD|2|100000028|PV000028|DR Ramirez MD|9892 MEDICAL PLAZA||CA MEDICAL CTR|CA|40762|1|38|P|N|20260510|20260521|20260420|20260420|20260523||||||99205||P|Y|04||F|||11||||1|2|735.32|735.32|363.36|0.00|0.00|PR1|CO45||371.96|371.96||75.00|75.00|99.23|45.60|45.60|152.13|152.13|0.00|0.00|0.00|363.36|0.00|0.00|0.00||N|||W000000304|P|W000000304|0|0|0.00|||N|38||735.32||Y||||||1||38|2000000028|N|0.00|0.00|38|11|||||59|||||||||J18.9||Z79.899|E11.65|N39.0||||||99205|||||||45.60|75.00|99.23|N|||AETNA
002026060100000634|1234567|0987654|N|001|AC123456|03|P|Y||PPO|01|PKG0042|PPO001|N|F|W000000266|Gonzalez|Victoria|F|19740612|65215|TX|ES|623466248|W000000266|W000000266|Gonzalez|Victoria|F|EE|19740612|202606010000634|ACAS2026060100000634||TCN2026060100000634|SRC2026060100000634|002026060100000634|NY0001|NY0001||2|100000265|DR Rodriguez MD|2|100000265|PV000265|DR Rodriguez MD|6595 MEDICAL PLAZA||IL MEDICAL CTR|IL|19911|1|10|P|N|20260519|20260531|20260309|20260309|20260603||||||97110||P|Y|05||S|||32||||1|1|124.36|124.36|31.59|0.00|0.00|PR1|CO45||92.77|92.77||50.00|50.00|1.86|5.80|5.80|35.11|35.11|0.00|0.00|0.00|31.59|0.00|0.00|0.00||N|||W000000266|P|W000000266|0|0|0.00|||N|10||124.36||||||||1||10|2000000265|N|0.00|0.00|10|32|||||TC|51||||||||J44.1|E66.9|E78.5||||||||97110|||||||5.80|50.00|1.86|N|||AETNA
002026060100000635|1234567|0987654|N|001|AC123456|03|P|N||PPO|02|PKG0042|PPO001|2|F|W000000129|Brown|Liam|M|19910613|52557|AZ|ES|832418062|W000000129|W000000129|Brown|Liam|M|EE|19910613|202606010000635|ACAS2026060100000635||TCN2026060100000635|SRC2026060100000635|002026060100000635|NY0001|NY0001||2|100000125|DR Lewis MD|2|100000125|PV000125|DR Lewis MD|4393 MEDICAL PLAZA||FL MEDICAL CTR|FL|70427|1|05|P|P|20260515|20260530|20260319|20260319|20260602||||||80053||P|Y|08||S|||99||||1|2|642.50|642.50|426.02|0.00|0.00|PR1|CO45||216.48|216.48||20.00|20.00|22.70|42.58|42.58|131.20|131.20|0.00|0.00|0.00|426.02|0.00|0.00|0.00||N|||W000000129|P|W000000129|0|0|0.00|||2|05||642.50|||Y|N||||1||05|2000000125|N|0.00|0.00|05|99|||||25|||||||||F32.9|R51|Z23||||||||80053|||||||42.58|20.00|22.70|N|||AETNA
002026060100000636|1234567|0987654|N|001|AC123456|03|P|N||PPO|01|PKG0042|PPO001|2|F|W000000392|Smith|Avery|F|19910203|15817|MA|EE||W000000481|W000000481|Smith|Chloe|F|CH|20201125|202606010000636|ACAS2026060100000636||TCN2026060100000636|SRC2026060100000636|002026060100000636|NY0001|NY0001||2|100000161|DR Smith MD|2|100000161|PV000161|DR Smith MD|6109 MEDICAL PLAZA||VA MEDICAL CTR|VA|42179|1|11|P|P|20260504|20260514|20260322|20260322|20260516||||||90834|95|P|Y|08||A|||99||||3|3|1391.01|1391.01|392.72|0.00|0.00|PR1|CO45||998.29|998.29||30.00|30.00|295.14|161.01|161.01|512.14|512.14|0.00|0.00|0.00|392.72|0.00|0.00|0.00||N|||W000000481|P|W000000481|0|0|0.00|||2|11||1391.01||Y|N|||||1||11|2000000161|N|0.00|0.00|11|99||||||59||||||||Z87.891|E78.5||M79.3|||||||90834|||||||161.01|30.00|295.14|N|||AETNA
002026060100000637|1234567|0987654|N|001|AC123456|03|P|N||PPO|03|PKG0042|PPO001|1|F|W000000165|Clark|Scarlett|F|19770119|72716|VA|EF|699108661|W000000165|W000000165|Clark|Scarlett|F|EE|19770119|202606010000637|ACAS2026060100000637||TCN2026060100000637|SRC2026060100000637|002026060100000637|NY0001|NY0001||2|100000050|DR Moore MD|2|100000050|PV000050|DR Moore MD|3963 MEDICAL PLAZA||CA MEDICAL CTR|CA|21061|1|05|P|P|20260518|20260531|20260526|20260526|20260603||||||99205||P|Y|02||4|||12||||1|3|976.08|976.08|536.08|0.00|0.00|PR1|CO45||440.00|440.00||40.00|40.00|24.06|67.73|67.73|308.21|308.21|0.00|0.00|0.00|536.08|0.00|0.00|0.00||N|||W000000165|P|W000000165|0|0|0.00|||1|05||976.08||||||||1||05|2000000050|N|0.00|0.00|05|12||||||GT||||||||I10|S93.401|Z23||||||||99205|||||||67.73|40.00|24.06|N|||AETNA
002026060100000638|1234567|0987654|N|001|AC123456|03|P|N||PPO|03|PKG0042|PPO001|2|F|W000000208|Walker|Samuel|M|19770515|99952|IL|EF|223742015|W000000208|W000000208|Walker|Samuel|M|EE|19770515|202606010000638|ACAS2026060100000638||TCN2026060100000638|SRC2026060100000638|002026060100000638|NY0001|NY0001||2|100000187|DR Clark MD|2|100000187|PV000187|DR Clark MD|327 MEDICAL PLAZA||CA MEDICAL CTR|CA|73996|1|07|P|P|20260511|20260524|20260316|20260316|20260527||||||99232|26|P|Y|08||S|||23||||3|3|4426.33|4426.33|2284.00|0.00|0.00|PR1|CO45||2142.33|2142.33||50.00|50.00|81.84|322.30|322.30|1688.19|1688.19|0.00|0.00|0.00|2284.00|0.00|0.00|0.00||N|||W000000208|P|W000000208|0|0|0.00|||2|07||4426.33||Y|Y|N||||1||07|2000000187|N|0.00|0.00|07|23|||||95|51||||||||J44.1|Z23|Z79.899||||||||99232|||||||322.30|50.00|81.84|N|||AETNA
002026060100000639|1234567|0987654|N|001|AC123456|01|I|N||PPO|01|PKG0042|PPO001|2|F|W000000045|Lopez|Chloe|F|19720812|55613|OH|EF||W000000555|W000000555|Lopez|Scarlett|F|SP|19760814|202606010000639|ACAS2026060100000639||TCN2026060100000639|SRC2026060100000639|002026060100000639|NY0001|NY0001||2|100000055|DR Thompson MD|2|100000055|PV000055|DR Thompson MD|8238 MEDICAL PLAZA||FL MEDICAL CTR|FL|90316|4|10|P|P|20260505|20260517|20260324|20260328|20260519||||08|379|99205|AT|I|Y|02||A|||11|07|0730|212|2|2|1926.47|1926.47|935.68|0.00|0.00|PR1|CO45||990.79|990.79||50.00|50.00|216.68|84.28|84.28|639.83|639.83|0.00|0.00|0.00|935.68|0.00|0.00|0.00||N|||W000000555|P|W000000555|0|1|0.00|||2|10||1926.47||||||||1||10|2000000055|N|0.00|0.00|10|11|1||20260324|20260328|50|||||||||F32.9||J18.9||||||||99205|||||||84.28|50.00|216.68|N|||AETNA
002026060100000640|1234567|0987654|N|001|AC123456|03|P|N||PPO|03|PKG0042|PPO001|2|F|W000000312|Lewis|Emily|F|19850905|68052|VA|EC||W000000665|W000000665|Lewis|Avery|F|CH|20020805|202606010000640|ACAS2026060100000640||TCN2026060100000640|SRC2026060100000640|002026060100000640|NY0001|NY0001||2|100000082|DR Moore MD|2|100000082|PV000082|DR Moore MD|2281 MEDICAL PLAZA||NY MEDICAL CTR|NY|44906|1|07|P|P|20260510|20260525|20260424|20260424|20260527||||||80061|51|P|Y|08||M|||22||||1|2|2279.23|2279.23|1407.01|0.00|0.00|PR1|CO45||872.22|872.22||30.00|30.00|203.43|120.47|120.47|518.32|518.32|0.00|0.00|0.00|1407.01|0.00|0.00|0.00||N|||W000000665|P|W000000665|0|0|0.00|||2|07||2279.23||N||||||1||07|2000000082|N|0.00|0.00|07|22|||||AT|||||||||I50.9|Z87.891||G43.909|||||||80061|||||||120.47|30.00|203.43|N|||AETNA
002026060100000641|1234567|0987654|N|001|AC123456|03|P|N||PPO|01|PKG0042|PPO001|3|F|W000000205|Taylor|William|M|19660217|98641|MA|EF||W000000470|W000000470|Taylor|Noah|M|CH|20100503|202606010000641|ACAS2026060100000641||TCN2026060100000641|SRC2026060100000641|002026060100000641|NY0001|NY0001||2|100000217|DR Harris MD|2|100000217|PV000217|DR Harris MD|8483 MEDICAL PLAZA||MI MEDICAL CTR|MI|43723|1|07|P|P|20260505|20260522|20260407|20260407|20260526||||||99203||P|Y|04||1|||99||||1|1|7187.32|7187.32|1927.43|0.00|0.00|PR1|CO45||5259.89|5259.89||20.00|20.00|1060.83|857.05|857.05|3322.01|3322.01|0.00|0.00|0.00|1927.43|0.00|0.00|0.00||N|||W000000470|P|W000000470|0|0|0.00|||3|07||7187.32|||N|||||1||07|2000000217|N|0.00|0.00|07|99|||||GT|TC||||||||E78.5|K57.30||F32.9|||||||99203|||||||857.05|20.00|1060.83|N|||AETNA
002026060100000642|1234567|0987654|N|001|AC123456|01|I|N||PPO|01|PKG0042|PPO001|2|F|W000000145|Wilson|Nora|F|19800909|62572|NC|EF||W000000642|W000000642|Wilson|Jacob|M|CH|20090525|202606010000642|ACAS2026060100000642||TCN2026060100000642|SRC2026060100000642|002026060100000642|NY0001|NY0001||2|100000016|DR Thomas MD|2|100000016|PV000016|DR Thomas MD|1548 MEDICAL PLAZA||FL MEDICAL CTR|FL|91439|4|01|P|P|20260508|20260530|20260318|20260321|20260603||||04|871|82947||I|Y|01||2|||99|07|0900|131|3|1|1267.03|1267.03|372.83|0.00|0.00|PR1|CO45||894.20|894.20||40.00|40.00|208.22|103.74|103.74|542.24|542.24|0.00|0.00|0.00|372.83|0.00|0.00|0.00||N|||W000000642|P|W000000642|0|1|0.00|||2|01||1267.03||N||||||1||01|2000000016|N|0.00|0.00|01|99|1|9|20260318|20260321|50|95|Y|||||||F41.9|||M54.5|Z00.00||||||82947|||||||103.74|40.00|208.22|N|9||AETNA
002026060100000643|1234567|0987654|N|001|AC123456|03|P|Y||PPO|02|PKG0042|PPO001|N|F|W000000247|Harris|Ethan|M|19850615|98493|FL|EE||W000000598|W000000598|Harris|Chloe|F|CH|20030426|202606010000643|ACAS2026060100000643||TCN2026060100000643|SRC2026060100000643|002026060100000643|NY0001|NY0001||2|100000135|DR Miller MD|2|100000135|PV000135|DR Miller MD|7269 MEDICAL PLAZA||MA MEDICAL CTR|MA|24467|1|50|P|N|20260504|20260516|20260311|20260311|20260518||||||99396||P|Y|03||2|||31||||2|2|764.03|764.03|201.36|0.00|0.00|PR1|CO45||562.67|562.67||0.00|0.00|117.10|71.69|71.69|373.88|373.88|0.00|0.00|0.00|201.36|0.00|0.00|0.00||N|||W000000598|P|W000000598|0|0|0.00|||N|50||764.03||||||||1||50|2000000135|N|0.00|0.00|50|31|||||AT|||||||||J30.9|||F41.9|||||||99396|||||||71.69|0.00|117.10|N|||AETNA
002026060100000644|1234567|0987654|N|001|AC123456|01|I|N||PPO|01|PKG0042|PPO001|3|F|W000000337|Jones|William|M|19821219|73968|NY|EC|841467895|W000000337|W000000337|Jones|William|M|EE|19821219|202606010000644|ACAS2026060100000644||TCN2026060100000644|SRC2026060100000644|002026060100000644|NY0001|NY0001||2|100000179|DR Jackson MD|2|100000179|PV000179|DR Jackson MD|8972 MEDICAL PLAZA||IL MEDICAL CTR|IL|91374|4|40|P|P|20260423|20260519|20260411|20260412|20260521||||14|872|82947|GT|I|Y|04||1|||11|20|0200|131|3|2|1521.85|1521.85|382.81|0.00|0.00|PR1|CO45||1139.04|1139.04||50.00|50.00|46.39|193.93|193.93|848.72|848.72|0.00|0.00|0.00|382.81|0.00|0.00|0.00||N|||W000000337|P|W000000337|0|1|0.00|||3|40||1521.85|||Y|||||1||40|2000000179|N|0.00|0.00|40|11|7||20260411|20260412||59||||||||S93.401|Z79.899|||Z23||||||82947|||||||193.93|50.00|46.39|N|||AETNA
002026060100000645|1234567|0987654|N|001|AC123456|01|I|N||PPO|03|PKG0042|PPO001|3|F|W000000075|Thomas|Riley|F|19670608|12834|NY|EF||W000000540|W000000540|Thomas|Liam|M|CH|20121125|202606010000645|ACAS2026060100000645||TCN2026060100000645|SRC2026060100000645|002026060100000645|NY0001|NY0001||2|100000040|DR Davis MD|2|100000040|PV000040|DR Davis MD|9406 MEDICAL PLAZA||MA MEDICAL CTR|MA|88376|4|10|P|P|20260429|20260515|20260524|20260526|20260516||||05|379|99203||I|Y|05||N|||99|20|0636|212|3|1|413.50|413.50|171.64|0.00|0.00|PR1|CO45||241.86|241.86||75.00|75.00|44.13|12.78|12.78|109.95|109.95|0.00|0.00|0.00|171.64|0.00|0.00|0.00||N|||W000000540|P|W000000540|0|1|0.00|||3|10||413.50||N||N||||1||10|2000000040|N|0.00|0.00|10|99||4|20260524|20260526|26||Y|||||||J44.1||F41.9|Z87.891|||||||99203|||||||12.78|75.00|44.13|N|4||AETNA
002026060100000646|1234567|0987654|N|001|AC123456|03|P|N||PPO|02|PKG0042|PPO001|2|F|W000000230|Smith|Sebastian|M|19850203|72684|GA|EE|847458343|W000000230|W000000230|Smith|Sebastian|M|EE|19850203|202606010000646|ACAS2026060100000646||TCN2026060100000646|SRC2026060100000646|002026060100000646|NY0001|NY0001||2|100000089|DR Harris MD|2|100000089|PV000089|DR Harris MD|5555 MEDICAL PLAZA||WA MEDICAL CTR|WA|40300|1|40|P|P|20260422|20260515|20260405|20260405|20260518||||||36415|26|P|Y|08||B|||12||||1|2|728.90|728.90|382.06|0.00|0.00|PR1|CO45||346.84|346.84||50.00|50.00|80.84|52.63|52.63|163.37|163.37|0.00|0.00|0.00|382.06|0.00|0.00|0.00||N|||W000000230|P|W000000230|0|0|0.00|||2|40||728.90||Y|N|||||1||40|2000000089|N|0.00|0.00|40|12||||||||||||||M79.3|J18.9|J44.1|G43.909|||||||36415|||||||52.63|50.00|80.84|N|||AETNA
002026060100000647|1234567|0987654|N|001|AC123456|01|I|N||PPO|02|PKG0042|PPO001|3|F|W000000323|Brown|Michael|M|19610106|22714|PA|EC|634257442|W000000323|W000000323|Brown|Michael|M|EE|19610106|202606010000647|ACAS2026060100000647||TCN2026060100000647|SRC2026060100000647|002026060100000647|NY0001|NY0001||2|100000104|DR Davis MD|2|100000104|PV000104|DR Davis MD|7778 MEDICAL PLAZA||NY MEDICAL CTR|NY|68136|4|40|P|P|20260518|20260525|20260331|20260401|20260529||||04|196|80053||I|Y|07||S|||22|07|0730|131|3|3|383.54|383.54|124.51|0.00|0.00|PR1|CO45||259.03|259.03||30.00|30.00|67.26|23.21|23.21|138.56|138.56|0.00|0.00|0.00|124.51|0.00|0.00|0.00||N|||W000000323|P|W000000323|0|1|0.00|||3|40||383.54||Y|Y|||||1||40|2000000104|N|0.00|0.00|40|22|2|4|20260331|20260401||50||||||||J44.1|G47.33|||J30.9||||||80053|||||||23.21|30.00|67.26|N|4||AETNA
002026060100000648|1234567|0987654|N|001|AC123456|03|P|N||PPO|02|PKG0042|PPO001|3|F|W000000375|Jackson|Amelia|F|19730909|82430|NY|EE|213171055|W000000375|W000000375|Jackson|Amelia|F|EE|19730909|202606010000648|ACAS2026060100000648||TCN2026060100000648|SRC2026060100000648|002026060100000648|NY0001|NY0001||2|100000200|DR Davis MD|2|100000200|PV000200|DR Davis MD|9334 MEDICAL PLAZA||NJ MEDICAL CTR|NJ|50630|1|05|P|P|20260522|20260531|20260522|20260522|20260602||||||93000|TC|P|Y|08||B|||12||||3|1|932.89|932.89|688.56|0.00|0.00|PR1|CO45||244.33|244.33||50.00|50.00|18.05|21.35|21.35|154.93|154.93|0.00|0.00|0.00|688.56|0.00|0.00|0.00||N|||W000000375|P|W000000375|0|0|0.00|||3|05||932.89||||||||1||05|2000000200|N|0.00|0.00|05|12||||||50||||||||R51|F41.9|||||||||93000|||||||21.35|50.00|18.05|N|||AETNA
002026060100000649|1234567|0987654|N|001|AC123456|03|P|N||PPO|02|PKG0042|PPO001|2|F|W000000106|Rodriguez|Matthew|M|19670507|98809|MA|EC||W000000673|W000000673|Rodriguez|Avery|F|CH|20170527|202606010000649|ACAS2026060100000649||TCN2026060100000649|SRC2026060100000649|002026060100000649|NY0001|NY0001||2|100000294|DR Garcia MD|2|100000294|PV000294|DR Garcia MD|8948 MEDICAL PLAZA||PA MEDICAL CTR|PA|75773|1|09|P|P|20260509|20260525|20260319|20260319|20260526||||||36415||P|Y|08||1|||32||||2|2|382.17|382.17|127.19|0.00|0.00|PR1|CO45||254.98|254.98||40.00|40.00|9.75|20.69|20.69|184.54|184.54|0.00|0.00|0.00|127.19|0.00|0.00|0.00||N|||W000000673|P|W000000673|0|0|0.00|||2|09||382.17||||||||1||09|2000000294|N|0.00|0.00|09|32|||||||N|||||||E11.65|Z79.899||J45.909|K57.30||||||36415|||||||20.69|40.00|9.75|N|||AETNA
002026060100000650|1234567|0987654|N|001|AC123456|03|P|N||PPO|02|PKG0042|PPO001|2|F|W000000215|Brown|David|M|19610928|37254|WA|EF||W000000594|W000000594|Brown|Alexander|M|CH|20200506|202606010000650|ACAS2026060100000650||TCN2026060100000650|SRC2026060100000650|002026060100000650|NY0001|NY0001||2|100000251|DR Clark MD|2|100000251|PV000251|DR Clark MD|8378 MEDICAL PLAZA||VA MEDICAL CTR|VA|80303|1|11|P|P|20260515|20260529|20260510|20260510|20260602||||||99395|GT|P|Y|06||2|||12||||3|1|370.97|370.97|185.99|0.00|0.00|PR1|CO45||184.98|184.98||40.00|40.00|43.35|23.23|23.23|78.40|78.40|0.00|0.00|0.00|185.99|0.00|0.00|0.00||N|||W000000594|P|W000000594|0|0|0.00|||2|11||370.97||Y||||||1||11|2000000251|N|0.00|0.00|11|12|||||95|95||||||||J30.9||||M17.11||||||99395|||||||23.23|40.00|43.35|N|||AETNA
002026060100000651|1234567|0987654|N|001|AC123456|01|I|Y||PPO|02|PKG0042|PPO001|N|F|W000000343|Moore|David|M|19730622|63368|PA|EE|296491483|W000000343|W000000343|Moore|David|M|EE|19730622|202606010000651|ACAS2026060100000651||TCN2026060100000651|SRC2026060100000651|002026060100000651|NY0001|NY0001||2|100000057|DR Harris MD|2|100000057|PV000057|DR Harris MD|8089 MEDICAL PLAZA||TX MEDICAL CTR|TX|54723|4|12|P|N|20260504|20260521|20260313|20260314|20260524||||01|291|99396|51|I|Y|03||B|||32|04|0450|122|1|1|945.25|945.25|390.76|0.00|0.00|PR1|CO45||554.49|554.49||75.00|75.00|42.68|100.24|100.24|336.57|336.57|0.00|0.00|0.00|390.76|0.00|0.00|0.00||N|||W000000343|P|W000000343|0|1|0.00|||N|12||945.25||N|N|||||1||12|2000000057|N|0.00|0.00|12|32|2|1|20260313|20260314||59||||||||Z87.891|Z79.899|||||||||99396|||||||100.24|75.00|42.68|N|1||AETNA
002026060100000652|1234567|0987654|N|001|AC123456|01|I|N||PPO|02|PKG0042|PPO001|3|F|W000000144|Jackson|Emily|F|19601211|38734|NY|EF||W000000457|W000000457|Jackson|Isabella|F|CH|20070412|202606010000652|ACAS2026060100000652||TCN2026060100000652|SRC2026060100000652|002026060100000652|NY0001|NY0001||2|100000006|DR Garcia MD|2|100000006|PV000006|DR Garcia MD|9380 MEDICAL PLAZA||NJ MEDICAL CTR|NJ|13066|4|06|P|P|20260521|20260529|20260411|20260413|20260601||||03|379|99283|59|I|Y|05||2|||11|05|0730|112|1|2|591.67|591.67|333.10|0.00|0.00|PR1|CO45||258.57|258.57||20.00|20.00|2.48|26.98|26.98|209.11|209.11|0.00|0.00|0.00|333.10|0.00|0.00|0.00||N|||W000000457|P|W000000457|0|1|0.00|||3|06||591.67||Y||||||1||06|2000000006|N|0.00|0.00|06|11|5|3|20260411|20260413|25|50||||||||J06.9||||||||||99283|||||||26.98|20.00|2.48|N|3||AETNA
002026060100000653|1234567|0987654|N|001|AC123456|01|I|N||PPO|01|PKG0042|PPO001|1|F|W000000142|Jones|Daniel|M|19600420|47183|FL|EF|837984015|W000000142|W000000142|Jones|Daniel|M|EE|19600420|202606010000653|ACAS2026060100000653||TCN2026060100000653|SRC2026060100000653|002026060100000653|NY0001|NY0001||2|100000016|DR Thomas MD|2|100000016|PV000016|DR Thomas MD|7946 MEDICAL PLAZA||NJ MEDICAL CTR|NJ|82208|4|01|P|P|20260428|20260514|20260430|20260504|20260515||||12|392|99283|AT|I|Y|03||B|||32|07|0110|212|1|3|129.23|129.23|73.10|0.00|0.00|PR1|CO45||56.13|56.13||50.00|50.00|13.90|0.00|0.00|0.00|0.00|0.00|0.00|0.00|73.10|0.00|0.00|0.00||N|||W000000142|P|W000000142|0|1|0.00|||1|01||129.23||N|Y|||||1||01|2000000016|N|0.00|0.00|01|32|2||20260430|20260504|59|||||||||M17.11|J45.909|||||||||99283|||||||0.00|50.00|13.90|N|||AETNA
002026060100000654|1234567|0987654|N|001|AC123456|01|I|N||PPO|01|PKG0042|PPO001|3|F|W000000303|Wilson|Samuel|M|19730228|31300|MI|EC||W000000564|W000000564|Wilson|Ethan|M|CH|20130120|202606010000654|ACAS2026060100000654||TCN2026060100000654|SRC2026060100000654|002026060100000654|NY0001|NY0001||2|100000179|DR Jackson MD|2|100000179|PV000179|DR Jackson MD|7181 MEDICAL PLAZA||NC MEDICAL CTR|NC|37729|4|40|P|P|20260428|20260520|20260523|20260523|20260523||||10|379|99205|25|I|Y|01||M|||21|05|0250|111|3|1|193.02|193.02|141.70|0.00|0.00|PR1|CO45||51.32|51.32||50.00|50.00|7.79|0.00|0.00|0.00|0.00|0.00|0.00|0.00|141.70|0.00|0.00|0.00||N|||W000000564|P|W000000564|0|1|0.00|||3|40||193.02||||||||1||40|2000000179|N|0.00|0.00|40|21|7|1|20260523|20260523||AT||||||||F41.9|Z12.31|||||||||99205|||||||0.00|50.00|7.79|N|1||AETNA
002026060100000655|1234567|0987654|N|001|AC123456|03|P|N||PPO|01|PKG0042|PPO001|3|F|W000000388|Lopez|Henry|M|19761211|32831|NJ|EE|640423471|W000000388|W000000388|Lopez|Henry|M|EE|19761211|202606010000655|ACAS2026060100000655||TCN2026060100000655|SRC2026060100000655|002026060100000655|NY0001|NY0001||2|100000047|DR Anderson MD|2|100000047|PV000047|DR Anderson MD|8274 MEDICAL PLAZA||OH MEDICAL CTR|OH|93772|1|02|P|P|20260504|20260527|20260526|20260526|20260529||||||71046|AT|P|Y|08||4|||22||||1|1|250.84|250.84|134.98|0.00|0.00|PR1|CO45||115.86|115.86||40.00|40.00|11.35|8.25|8.25|56.26|56.26|0.00|0.00|0.00|134.98|0.00|0.00|0.00||N|||W000000388|P|W000000388|0|0|0.00|||3|02||250.84||Y||N||||1||02|2000000047|N|0.00|0.00|02|22||||||GT||||||||Z79.899|M17.11|J18.9||||||||71046|||||||8.25|40.00|11.35|N|||AETNA
002026060100000656|1234567|0987654|N|001|AC123456|03|P|N||PPO|03|PKG0042|PPO001|3|F|W000000373|Rodriguez|Isabella|F|19730623|17957|WA|EC|473612448|W000000373|W000000373|Rodriguez|Isabella|F|EE|19730623|202606010000656|ACAS2026060100000656||TCN2026060100000656|SRC2026060100000656|002026060100000656|NY0001|NY0001||2|100000070|DR Garcia MD|2|100000070|PV000070|DR Garcia MD|6369 MEDICAL PLAZA||CA MEDICAL CTR|CA|76916|1|10|P|P|20260503|20260514|20260325|20260325|20260518||||||80053||P|Y|07||B|||12||||3|3|314.03|314.03|171.40|0.00|0.00|PR1|CO45||142.63|142.63||0.00|0.00|0.49|29.90|29.90|112.24|112.24|0.00|0.00|0.00|171.40|0.00|0.00|0.00||N|||W000000373|P|W000000373|0|0|0.00|||3|10||314.03||Y|Y|||||1||10|2000000070|N|0.00|0.00|10|12||||||59||||||||Z12.31|J44.1|E78.5||||||||80053|||||||29.90|0.00|0.49|N|||AETNA
002026060100000657|1234567|0987654|N|001|AC123456|01|I|N||PPO|01|PKG0042|PPO001|2|F|W000000370|Young|Samuel|M|19920418|88348|AZ|ES||W000000537|W000000537|Young|Scarlett|F|CH|20121109|202606010000657|ACAS2026060100000657||TCN2026060100000657|SRC2026060100000657|002026060100000657|NY0001|NY0001||2|100000255|DR Walker MD|2|100000255|PV000255|DR Walker MD|4005 MEDICAL PLAZA||NJ MEDICAL CTR|NJ|46095|4|50|P|P|20260504|20260517|20260425|20260429|20260520||||04|378|97110||I|Y|08||B|||13|05|0450|111|3|1|946.02|946.02|603.19|0.00|0.00|PR1|CO45||342.83|342.83||50.00|50.00|3.63|31.44|31.44|257.76|257.76|0.00|0.00|0.00|603.19|0.00|0.00|0.00||N|||W000000537|P|W000000537|0|1|0.00|||2|50||946.02||||||||1||50|2000000255|N|0.00|0.00|50|13|1|1|20260425|20260429||GT||||||||I50.9||||||||||97110|||||||31.44|50.00|3.63|N|1||AETNA
002026060100000658|1234567|0987654|N|001|AC123456|03|P|Y||PPO|02|PKG0042|PPO001|N|F|W000000012|Lewis|Mia|F|19911214|12787|MI|ES||W000000444|W000000444|Lewis|David|M|CH|20201216|202606010000658|ACAS2026060100000658||TCN2026060100000658|SRC2026060100000658|002026060100000658|NY0001|NY0001||2|100000263|DR Miller MD|2|100000263|PV000263|DR Miller MD|3568 MEDICAL PLAZA||NY MEDICAL CTR|NY|10923|1|08|P|N|20260505|20260523|20260317|20260317|20260525||||||99232||P|Y|05||M|||24||||1|1|801.19|801.19|501.82|0.00|0.00|PR1|CO45||299.37|299.37||20.00|20.00|71.19|37.98|37.98|170.20|170.20|0.00|0.00|0.00|501.82|0.00|0.00|0.00||N|||W000000444|P|W000000444|0|0|0.00|||N|08||801.19||Y||Y||||1||08|2000000263|N|0.00|0.00|08|24|||||TC|AT||||||||E11.9||E78.5||||||||99232|||||||37.98|20.00|71.19|N|||AETNA
002026060100000659|1234567|0987654|N|001|AC123456|03|P|N||PPO|01|PKG0042|PPO001|2|F|W000000051|Rodriguez|Amelia|F|19700803|39957|CO|EE|904475606|W000000051|W000000051|Rodriguez|Amelia|F|EE|19700803|202606010000659|ACAS2026060100000659||TCN2026060100000659|SRC2026060100000659|002026060100000659|NY0001|NY0001||2|100000252|DR Ramirez MD|2|100000252|PV000252|DR Ramirez MD|1602 MEDICAL PLAZA||PA MEDICAL CTR|PA|53314|1|12|P|P|20260512|20260529|20260508|20260508|20260530||||||99205|AT|P|Y|01||N|||22||||2|3|1644.99|1644.99|753.29|0.00|0.00|PR1|CO45||891.70|891.70||75.00|75.00|131.00|107.94|107.94|577.76|577.76|0.00|0.00|0.00|753.29|0.00|0.00|0.00||N|||W000000051|P|W000000051|0|0|0.00|||2|12||1644.99||||||||1||12|2000000252|N|0.00|0.00|12|22||||||51||||||||R51|S93.401|M79.3||||||||99205|||||||107.94|75.00|131.00|N|||AETNA
002026060100000660|1234567|0987654|N|001|AC123456|01|I|N||PPO|03|PKG0042|PPO001|1|F|W000000202|Miller|Carter|M|19750610|49187|TX|ES|407986662|W000000202|W000000202|Miller|Carter|M|EE|19750610|202606010000660|ACAS2026060100000660||TCN2026060100000660|SRC2026060100000660|002026060100000660|NY0001|NY0001||2|100000077|DR Gonzalez MD|2|100000077|PV000077|DR Gonzalez MD|8247 MEDICAL PLAZA||GA MEDICAL CTR|GA|17187|4|02|P|P|20260501|20260525|20260310|20260314|20260527||||14|195|99213||I|Y|08||2|||23|02|0110|212|3|1|1261.28|1261.28|745.56|0.00|0.00|PR1|CO45||515.72|515.72||50.00|50.00|23.16|75.12|75.12|367.44|367.44|0.00|0.00|0.00|745.56|0.00|0.00|0.00||N|||W000000202|P|W000000202|0|1|0.00|||1|02||1261.28||N|Y|||||1||02|2000000077|N|0.00|0.00|02|23|7|3|20260310|20260314|TC||N|||||||G47.33|J18.9||F32.9|||||||99213|||||||75.12|50.00|23.16|N|3||AETNA
002026060100000661|1234567|0987654|N|001|AC123456|01|I|Y||PPO|01|PKG0042|PPO001|N|F|W000000124|Young|Scarlett|F|19610205|58671|MA|EE|372458074|W000000124|W000000124|Young|Scarlett|F|EE|19610205|202606010000661|ACAS2026060100000661||TCN2026060100000661|SRC2026060100000661|002026060100000661|NY0001|NY0001||2|100000186|DR Sanchez MD|2|100000186|PV000186|DR Sanchez MD|2400 MEDICAL PLAZA||AZ MEDICAL CTR|AZ|41390|4|06|P|N|20260506|20260520|20260308|20260308|20260524||||12|378|99214|TC|I|Y|06||A|||22|20|0110|111|1|2|1654.27|1654.27|553.97|0.00|0.00|PR1|CO45||1100.30|1100.30||30.00|30.00|118.34|155.85|155.85|796.11|796.11|0.00|0.00|0.00|553.97|0.00|0.00|0.00||N|||W000000124|P|W000000124|0|1|0.00|||N|06||1654.27||Y||||||1||06|2000000186|N|0.00|0.00|06|22|5|1|20260308|20260308||||||||||Z12.31|G43.909|||||||||99214|||||||155.85|30.00|118.34|N|1||AETNA
002026060100000662|1234567|0987654|N|001|AC123456|03|P|N||PPO|01|PKG0042|PPO001|1|F|W000000115|Smith|Sofia|F|19890507|95285|FL|EE||W000000515|W000000515|Smith|Jacob|M|CH|20110501|202606010000662|ACAS2026060100000662||TCN2026060100000662|SRC2026060100000662|002026060100000662|NY0001|NY0001||2|100000184|DR White MD|2|100000184|PV000184|DR White MD|7860 MEDICAL PLAZA||NY MEDICAL CTR|NY|42356|1|04|P|P|20260426|20260517|20260519|20260519|20260521||||||99214|AT|P|Y|02||M|||31||||2|1|1115.59|1115.59|774.56|0.00|0.00|PR1|CO45||341.03|341.03||30.00|30.00|16.91|36.17|36.17|257.95|257.95|0.00|0.00|0.00|774.56|0.00|0.00|0.00||N|||W000000515|P|W000000515|0|0|0.00|||1|04||1115.59||||Y||||1||04|2000000184|N|0.00|0.00|04|31|||||25|50||||||||Z79.899||I10||||||||99214|||||||36.17|30.00|16.91|N|||AETNA
002026060100000663|1234567|0987654|N|001|AC123456|03|P|N||PPO|03|PKG0042|PPO001|3|F|W000000025|Sanchez|Matthew|M|19680224|55735|NC|EF|864485111|W000000025|W000000025|Sanchez|Matthew|M|EE|19680224|202606010000663|ACAS2026060100000663||TCN2026060100000663|SRC2026060100000663|002026060100000663|NY0001|NY0001||2|100000056|DR White MD|2|100000056|PV000056|DR White MD|414 MEDICAL PLAZA||WA MEDICAL CTR|WA|51991|1|11|P|P|20260430|20260527|20260403|20260403|20260529||||||99205|26|P|Y|03||M|||24||||2|1|794.91|794.91|366.59|0.00|0.00|PR1|CO45||428.32|428.32||0.00|0.00|14.50|55.06|55.06|358.76|358.76|0.00|0.00|0.00|366.59|0.00|0.00|0.00||N|||W000000025|P|W000000025|0|0|0.00|||3|11||794.91||||Y||||1||11|2000000056|N|0.00|0.00|11|24||||||GT||||||||Z23||G43.909||I25.10||||||99205|||||||55.06|0.00|14.50|N|||AETNA
002026060100000664|1234567|0987654|N|001|AC123456|01|I|Y||PPO|01|PKG0042|PPO001|N|F|W000000142|Jones|Daniel|M|19600420|47183|FL|EF|837984015|W000000142|W000000142|Jones|Daniel|M|EE|19600420|202606010000664|ACAS2026060100000664||TCN2026060100000664|SRC2026060100000664|002026060100000664|NY0001|NY0001||2|100000167|DR Miller MD|2|100000167|PV000167|DR Miller MD|9149 MEDICAL PLAZA||MA MEDICAL CTR|MA|84162|4|02|P|N|20260505|20260517|20260309|20260310|20260520||||09|293|82947||I|Y|06||A|||11|03|0450|131|1|2|1693.32|1693.32|1134.49|0.00|0.00|PR1|CO45||558.83|558.83||30.00|30.00|46.32|52.94|52.94|429.57|429.57|0.00|0.00|0.00|1134.49|0.00|0.00|0.00||N|||W000000142|P|W000000142|0|1|0.00|||N|02||1693.32||N||||||1||02|2000000167|N|0.00|0.00|02|11|1|3|20260309|20260310||26||||||||G47.33|F32.9|||Z00.00||||||82947|||||||52.94|30.00|46.32|N|3||AETNA
002026060100000665|1234567|0987654|N|001|AC123456|03|P|N||PPO|03|PKG0042|PPO001|3|F|W000000239|Smith|William|M|19661117|71345|OH|EF||W000000419|W000000419|Smith|Jackson|M|CH|20130219|202606010000665|ACAS2026060100000665||TCN2026060100000665|SRC2026060100000665|002026060100000665|NY0001|NY0001||2|100000158|DR Robinson MD|2|100000158|PV000158|DR Robinson MD|2488 MEDICAL PLAZA||FL MEDICAL CTR|FL|84727|1|08|P|P|20260501|20260526|20260430|20260430|20260528||||||99395||P|Y|01||N|||32||||3|1|1453.17|1453.17|706.07|0.00|0.00|PR1|CO45||747.10|747.10||0.00|0.00|123.16|73.18|73.18|550.76|550.76|0.00|0.00|0.00|706.07|0.00|0.00|0.00||N|||W000000419|P|W000000419|0|0|0.00|||3|08||1453.17||N||||||1||08|2000000158|N|0.00|0.00|08|32|||||TC|26||||||||F32.9||||Z12.31||||||99395|||||||73.18|0.00|123.16|N|||AETNA
002026060100000666|1234567|0987654|N|001|AC123456|03|P|N||PPO|01|PKG0042|PPO001|3|F|W000000144|Jackson|Emily|F|19601211|38734|NY|EF||W000000487|W000000487|Jackson|Ava|F|CH|20020113|202606010000666|ACAS2026060100000666||TCN2026060100000666|SRC2026060100000666|002026060100000666|NY0001|NY0001||2|100000119|DR Thompson MD|2|100000119|PV000119|DR Thompson MD|4636 MEDICAL PLAZA||AZ MEDICAL CTR|AZ|43557|1|40|P|P|20260514|20260527|20260522|20260522|20260529||||||99291|TC|P|Y|08||M|||32||||2|3|915.69|915.69|433.79|0.00|0.00|PR1|CO45||481.90|481.90||75.00|75.00|30.36|92.89|92.89|283.65|283.65|0.00|0.00|0.00|433.79|0.00|0.00|0.00||N|||W000000487|P|W000000487|0|0|0.00|||3|40||915.69||N|Y|||||1||40|2000000119|N|0.00|0.00|40|32|||||51|||||||||S93.401|S93.401|J18.9||||||||99291|||||||92.89|75.00|30.36|N|||AETNA
002026060100000667|1234567|0987654|N|001|AC123456|03|P|N||PPO|01|PKG0042|PPO001|2|F|W000000353|Thomas|William|M|19901020|14902|WA|EC|658153853|W000000353|W000000353|Thomas|William|M|EE|19901020|202606010000667|ACAS2026060100000667||TCN2026060100000667|SRC2026060100000667|002026060100000667|NY0001|NY0001||2|100000226|DR Johnson MD|2|100000226|PV000226|DR Johnson MD|1914 MEDICAL PLAZA||AZ MEDICAL CTR|AZ|11652|1|01|P|P|20260510|20260523|20260314|20260314|20260527||||||80053|AT|P|Y|06||M|||32||||2|3|1959.43|1959.43|840.30|0.00|0.00|PR1|CO45||1119.13|1119.13||40.00|40.00|115.38|136.82|136.82|826.93|826.93|0.00|0.00|0.00|840.30|0.00|0.00|0.00||N|||W000000353|P|W000000353|0|0|0.00|||2|01||1959.43||||||||1||01|2000000226|N|0.00|0.00|01|32|||||TC|TC||||||||K57.30||||||||||80053|||||||136.82|40.00|115.38|N|||AETNA
002026060100000668|1234567|0987654|N|001|AC123456|01|I|Y||PPO|02|PKG0042|PPO001|N|F|W000000192|Moore|Charlotte|F|19921104|51656|TX|EE||W000000603|W000000603|Moore|Zoey|F|CH|20041209|202606010000668|ACAS2026060100000668||TCN2026060100000668|SRC2026060100000668|002026060100000668|NY0001|NY0001||2|100000204|DR Lopez MD|2|100000204|PV000204|DR Lopez MD|2807 MEDICAL PLAZA||TX MEDICAL CTR|TX|17748|4|09|P|N|20260507|20260528|20260417|20260420|20260601||||14|291|36415|TC|I|Y|03||M|||13|04|0110|122|2|3|90.57|90.57|90.57|0.00|0.00||CO45||0.00|0.00||20.00|20.00|0.00|0.00|0.00|0.00|0.00|0.00|0.00|0.00|0.00|0.00|0.00|0.00||N|||W000000603|D|W000000603|0|1|0.00|||N|09||90.57||N||||||1||09|2000000204|N|0.00|0.00|09|13|1|1|20260417|20260420||50|Y|||||||E66.9|||M79.3|||||||36415|||||||0.00|20.00|0.00|N|1||AETNA
002026060100000669|1234567|0987654|N|001|AC123456|01|I|N||PPO|01|PKG0042|PPO001|2|F|W000000247|Harris|Ethan|M|19850615|98493|FL|EE||W000000644|W000000644|Harris|Jacob|M|CH|20030117|202606010000669|ACAS2026060100000669||TCN2026060100000669|SRC2026060100000669|002026060100000669|NY0001|NY0001||2|100000160|DR Young MD|2|100000160|PV000160|DR Young MD|9955 MEDICAL PLAZA||PA MEDICAL CTR|PA|35966|4|10|P|P|20260504|20260524|20260525|20260525|20260525||||12|293|90834|25|I|Y|03||4|||99|04|0636|112|1|2|519.62|519.62|257.35|0.00|0.00|PR1|CO45||262.27|262.27||50.00|50.00|33.05|21.34|21.34|157.88|157.88|0.00|0.00|0.00|257.35|0.00|0.00|0.00||N|||W000000644|P|W000000644|0|1|0.00|||2|10||519.62||||||||1||10|2000000160|N|0.00|0.00|10|99|2|9|20260525|20260525|25|25||||||||K21.0|J30.9|||J30.9||||||90834|||||||21.34|50.00|33.05|N|9||AETNA
002026060100000670|1234567|0987654|N|001|AC123456|03|P|N||PPO|03|PKG0042|PPO001|3|F|W000000093|Gonzalez|Oliver|M|19690607|34871|MI|EC|513185973|W000000093|W000000093|Gonzalez|Oliver|M|EE|19690607|202606010000670|ACAS2026060100000670||TCN2026060100000670|SRC2026060100000670|002026060100000670|NY0001|NY0001||2|100000218|DR Sanchez MD|2|100000218|PV000218|DR Sanchez MD|4207 MEDICAL PLAZA||MI MEDICAL CTR|MI|52621|1|08|P|P|20260507|20260525|20260317|20260317|20260529||||||99203||P|Y|08||1|||32||||3|3|512.90|512.90|338.27|0.00|0.00|PR1|CO45||174.63|174.63||0.00|0.00|6.74|35.81|35.81|132.08|132.08|0.00|0.00|0.00|338.27|0.00|0.00|0.00||N|||W000000093|P|W000000093|0|0|0.00|||3|08||512.90||||||||1||08|2000000218|N|0.00|0.00|08|32|||||50|50||||||||Z12.31|F32.9|F41.9||||||||99203|||||||35.81|0.00|6.74|N|||AETNA
002026060100000671|1234567|0987654|N|001|AC123456|03|P|N||PPO|01|PKG0042|PPO001|3|F|W000000390|Rodriguez|Jackson|M|19810417|54367|GA|ES||W000000667|W000000667|Rodriguez|David|M|CH|20061121|202606010000671|ACAS2026060100000671||TCN2026060100000671|SRC2026060100000671|002026060100000671|NY0001|NY0001||2|100000229|DR Jones MD|2|100000229|PV000229|DR Jones MD|9523 MEDICAL PLAZA||MI MEDICAL CTR|MI|40089|1|04|P|P|20260516|20260526|20260331|20260331|20260527||||||80061||P|Y|05||F|||22||||2|1|1771.85|1771.85|918.69|0.00|0.00|PR1|CO45||853.16|853.16||40.00|40.00|9.95|191.66|191.66|611.55|611.55|0.00|0.00|0.00|918.69|0.00|0.00|0.00||N|||W000000667|P|W000000667|0|0|0.00|||3|04||1771.85||N|N|||||1||04|2000000229|N|0.00|0.00|04|22|||||59|25||||||||K57.30|E11.9|||||||||80061|||||||191.66|40.00|9.95|N|||AETNA
002026060100000672|1234567|0987654|N|001|AC123456|03|P|Y||PPO|02|PKG0042|PPO001|N|F|W000000063|Taylor|Matthew|M|19670226|60346|IL|EC||W000000431|W000000431|Taylor|Mason|M|CH|20070325|202606010000672|ACAS2026060100000672||TCN2026060100000672|SRC2026060100000672|002026060100000672|NY0001|NY0001||2|100000171|DR Hernandez MD|2|100000171|PV000171|DR Hernandez MD|7436 MEDICAL PLAZA||IL MEDICAL CTR|IL|13080|1|06|P|N|20260510|20260517|20260522|20260522|20260519||||||99396|TC|P|Y|08||1|||24||||3|3|2529.27|2529.27|1425.21|0.00|0.00|PR1|CO45||1104.06|1104.06||0.00|0.00|11.74|238.63|238.63|853.69|853.69|0.00|0.00|0.00|1425.21|0.00|0.00|0.00||N|||W000000431|P|W000000431|0|0|0.00|||N|06||2529.27|||Y|||||1||06|2000000171|N|0.00|0.00|06|24|||||59|||||||||N39.0|J44.1|N39.0||||||||99396|||||||238.63|0.00|11.74|N|||AETNA
002026060100000673|1234567|0987654|N|001|AC123456|03|P|N||PPO|03|PKG0042|PPO001|2|F|W000000095|Brown|Nora|F|19790626|50299|GA|ES||W000000446|W000000446|Brown|Riley|F|CH|20190611|202606010000673|ACAS2026060100000673||TCN2026060100000673|SRC2026060100000673|002026060100000673|NY0001|NY0001||2|100000081|DR Taylor MD|2|100000081|PV000081|DR Taylor MD|369 MEDICAL PLAZA||OH MEDICAL CTR|OH|43619|1|06|P|P|20260428|20260525|20260506|20260506|20260527||||||80053||P|Y|05||N|||24||||3|2|193.90|193.90|80.84|0.00|0.00|PR1|CO45||113.06|113.06||0.00|0.00|11.88|19.42|19.42|81.76|81.76|0.00|0.00|0.00|80.84|0.00|0.00|0.00||N|||W000000446|P|W000000446|0|0|0.00|||2|06||193.90||||||||1||06|2000000081|N|0.00|0.00|06|24|||||AT|||||||||J06.9|Z87.891|||||||||80053|||||||19.42|0.00|11.88|N|||AETNA
002026060100000674|1234567|0987654|N|001|AC123456|01|I|Y||PPO|01|PKG0042|PPO001|N|F|W000000067|Harris|Sebastian|M|19731011|48205|WA|EC|677404226|W000000067|W000000067|Harris|Sebastian|M|EE|19731011|202606010000674|ACAS2026060100000674||TCN2026060100000674|SRC2026060100000674|002026060100000674|NY0001|NY0001||2|100000228|DR Brown MD|2|100000228|PV000228|DR Brown MD|1664 MEDICAL PLAZA||MI MEDICAL CTR|MI|43758|4|03|P|N|20260422|20260518|20260526|20260526|20260522||||01|291|99232|50|I|Y|03||1|||13|20|0900|122|2|2|2207.23|2207.23|1175.55|0.00|0.00|PR1|CO45||1031.68|1031.68||20.00|20.00|222.47|175.19|175.19|614.02|614.02|0.00|0.00|0.00|1175.55|0.00|0.00|0.00||N|||W000000067|P|W000000067|0|1|0.00|||N|03||2207.23|||Y|||||1||03|2000000228|N|0.00|0.00|03|13|5|9|20260526|20260526|TC|GT||||||||M54.5|Z23|R51|J18.9|||||||99232|||||||175.19|20.00|222.47|N|9||AETNA
002026060100000675|1234567|0987654|N|001|AC123456|03|P|Y||PPO|02|PKG0042|PPO001|N|F|W000000182|Williams|Sebastian|M|19750911|78402|PA|EC||W000000436|W000000436|Williams|James|M|CH|20140713|202606010000675|ACAS2026060100000675||TCN2026060100000675|SRC2026060100000675|002026060100000675|NY0001|NY0001||2|100000216|DR White MD|2|100000216|PV000216|DR White MD|6438 MEDICAL PLAZA||WA MEDICAL CTR|WA|99445|1|06|P|N|20260421|20260518|20260307|20260307|20260521||||||80061|26|P|Y|02||1|||24||||3|3|245.74|245.74|88.55|0.00|0.00|PR1|CO45||157.19|157.19||20.00|20.00|6.19|21.04|21.04|109.96|109.96|0.00|0.00|0.00|88.55|0.00|0.00|0.00||N|||W000000436|P|W000000436|0|0|0.00|||N|06||245.74||||||||1||06|2000000216|N|0.00|0.00|06|24||||||51||||||||F32.9|Z79.899|Z12.31||||||||80061|||||||21.04|20.00|6.19|N|||AETNA
002026060100000676|1234567|0987654|N|001|AC123456|03|P|N||PPO|01|PKG0042|PPO001|3|F|W000000323|Brown|Michael|M|19610106|22714|PA|EC||W000000509|W000000509|Brown|William|M|CH|20190214|202606010000676|ACAS2026060100000676||TCN2026060100000676|SRC2026060100000676|002026060100000676|NY0001|NY0001||2|100000296|DR Davis MD|2|100000296|PV000296|DR Davis MD|2608 MEDICAL PLAZA||TX MEDICAL CTR|TX|25304|1|11|P|P|20260502|20260519|20260525|20260525|20260522||||||99291||P|Y|08||N|||32||||2|1|252.14|252.14|135.40|0.00|0.00|PR1|CO45||116.74|116.74||50.00|50.00|27.56|8.97|8.97|30.21|30.21|0.00|0.00|0.00|135.40|0.00|0.00|0.00||N|||W000000509|P|W000000509|0|0|0.00|||3|11||252.14||Y|N|||||1||11|2000000296|N|0.00|0.00|11|32|||||TC|||||||||R51|M17.11|K57.30|J45.909|||||||99291|||||||8.97|50.00|27.56|N|||AETNA
002026060100000677|1234567|0987654|N|001|AC123456|03|P|N||PPO|02|PKG0042|PPO001|2|F|W000000059|Thomas|Sebastian|M|19820304|58215|CO|ES||W000000407|W000000407|Thomas|William|M|CH|20050624|202606010000677|ACAS2026060100000677||TCN2026060100000677|SRC2026060100000677|002026060100000677|NY0001|NY0001||2|100000045|DR Gonzalez MD|2|100000045|PV000045|DR Gonzalez MD|8786 MEDICAL PLAZA||MI MEDICAL CTR|MI|54337|1|50|P|P|20260429|20260526|20260321|20260321|20260527||||||99205|GT|P|Y|08||S|||31||||3|1|545.04|545.04|344.53|0.00|0.00|PR1|CO45||200.51|200.51||75.00|75.00|43.05|18.12|18.12|64.34|64.34|0.00|0.00|0.00|344.53|0.00|0.00|0.00||N|||W000000407|P|W000000407|0|0|0.00|||2|50||545.04|||Y|||||1||50|2000000045|N|0.00|0.00|50|31|||||95|AT||||||||J45.909|N39.0|Z79.899||||||||99205|||||||18.12|75.00|43.05|N|||AETNA
002026060100000678|1234567|0987654|N|001|AC123456|03|P|N||PPO|03|PKG0042|PPO001|1|F|W000000060|Davis|Sophia|F|19790724|80545|MI|EC|918845295|W000000060|W000000060|Davis|Sophia|F|EE|19790724|202606010000678|ACAS2026060100000678||TCN2026060100000678|SRC2026060100000678|002026060100000678|NY0001|NY0001||2|100000126|DR Robinson MD|2|100000126|PV000126|DR Robinson MD|4614 MEDICAL PLAZA||NJ MEDICAL CTR|NJ|54904|1|06|P|P|20260430|20260516|20260414|20260414|20260519||||||85025||P|Y|05||F|||11||||3|3|507.51|507.51|311.18|0.00|0.00|PR1|CO45||196.33|196.33||50.00|50.00|0.23|14.65|14.65|131.45|131.45|0.00|0.00|0.00|311.18|0.00|0.00|0.00||N|||W000000060|P|W000000060|0|0|0.00|||1|06||507.51||||||||1||06|2000000126|N|0.00|0.00|06|11|||||51|||Y||||||Z23|M79.3|||Z12.31||||||85025|||||||14.65|50.00|0.23|N|||AETNA
002026060100000679|1234567|0987654|N|001|AC123456|03|P|N||PPO|03|PKG0042|PPO001|2|F|W000000367|Lopez|Joseph|M|19650524|50209|OH|EC|558358039|W000000367|W000000367|Lopez|Joseph|M|EE|19650524|202606010000679|ACAS2026060100000679||TCN2026060100000679|SRC2026060100000679|002026060100000679|NY0001|NY0001||2|100000278|DR Perez MD|2|100000278|PV000278|DR Perez MD|2675 MEDICAL PLAZA||VA MEDICAL CTR|VA|34563|1|08|P|P|20260521|20260527|20260408|20260408|20260529||||||99214|51|P|Y|05||B|||13||||1|3|176.86|176.86|128.64|0.00|0.00|PR1|CO45||48.22|48.22||50.00|50.00|0.39|0.00|0.00|0.00|0.00|0.00|0.00|0.00|128.64|0.00|0.00|0.00||N|||W000000367|P|W000000367|0|0|0.00|||2|08||176.86||Y||||||1||08|2000000278|N|0.00|0.00|08|13|||||95|||||||||R05||S93.401||||||||99214|||||||0.00|50.00|0.39|N|||AETNA
002026060100000680|1234567|0987654|N|001|AC123456|03|P|N||PPO|03|PKG0042|PPO001|3|F|W000000262|Anderson|Riley|F|19721127|80789|NJ|EF||W000000656|W000000656|Anderson|Jackson|M|CH|20160713|202606010000680|ACAS2026060100000680||TCN2026060100000680|SRC2026060100000680|002026060100000680|NY0001|NY0001||2|100000155|DR Clark MD|2|100000155|PV000155|DR Clark MD|4538 MEDICAL PLAZA||OH MEDICAL CTR|OH|80436|1|05|P|P|20260517|20260526|20260320|20260320|20260527||||||99205||P|Y|03||4|||32||||2|2|1155.62|1155.62|554.74|0.00|0.00|PR1|CO45||600.88|600.88||40.00|40.00|35.16|73.44|73.44|452.28|452.28|0.00|0.00|0.00|554.74|0.00|0.00|0.00||N|||W000000656|P|W000000656|0|0|0.00|||3|05||1155.62||N||||||1||05|2000000155|N|0.00|0.00|05|32|||||GT|||||||||Z00.00|E78.5|G43.909||||||||99205|||||||73.44|40.00|35.16|N|||AETNA
002026060100000681|1234567|0987654|N|001|AC123456|03|P|Y||PPO|01|PKG0042|PPO001|N|F|W000000325|Perez|David|M|19940608|78788|NJ|EC||W000000507|W000000507|Perez|Michael|M|SP|19911002|202606010000681|ACAS2026060100000681||TCN2026060100000681|SRC2026060100000681|002026060100000681|NY0001|NY0001||2|100000283|DR Clark MD|2|100000283|PV000283|DR Clark MD|1469 MEDICAL PLAZA||AZ MEDICAL CTR|AZ|38839|1|38|P|N|20260504|20260515|20260312|20260312|20260518||||||99395|95|P|Y|05||B|||22||||2|2|1184.99|1184.99|396.45|0.00|0.00|PR1|CO45||788.54|788.54||30.00|30.00|13.28|84.17|84.17|661.09|661.09|0.00|0.00|0.00|396.45|0.00|0.00|0.00||N|||W000000507|P|W000000507|0|0|0.00|||N|38||1184.99||||||||1||38|2000000283|N|0.00|0.00|38|22||||||50||||||||Z87.891||Z23|Z87.891|||||||99395|||||||84.17|30.00|13.28|N|||AETNA
002026060100000682|1234567|0987654|N|001|AC123456|03|P|N||PPO|02|PKG0042|PPO001|3|F|W000000097|Gonzalez|Sebastian|M|19890422|52627|CO|ES|302748623|W000000097|W000000097|Gonzalez|Sebastian|M|EE|19890422|202606010000682|ACAS2026060100000682||TCN2026060100000682|SRC2026060100000682|002026060100000682|NY0001|NY0001||2|100000004|DR Brown MD|2|100000004|PV000004|DR Brown MD|1328 MEDICAL PLAZA||FL MEDICAL CTR|FL|70174|1|04|P|P|20260511|20260525|20260517|20260517|20260528||||||36415||P|Y|07||N|||11||||3|2|1629.35|1629.35|595.44|0.00|0.00|PR1|CO45||1033.91|1033.91||20.00|20.00|164.81|192.69|192.69|656.41|656.41|0.00|0.00|0.00|595.44|0.00|0.00|0.00||N|||W000000097|P|W000000097|0|0|0.00|||3|04||1629.35||N||||||1||04|2000000004|N|0.00|0.00|04|11||||||95||||||||M54.5|Z23||Z12.31|||||||36415|||||||192.69|20.00|164.81|N|||AETNA
002026060100000683|1234567|0987654|N|001|AC123456|03|P|N||PPO|03|PKG0042|PPO001|2|F|W000000187|Robinson|Abigail|F|19880604|64284|AZ|EC||W000000672|W000000672|Robinson|Abigail|F|SP|19731028|202606010000683|ACAS2026060100000683||TCN2026060100000683|SRC2026060100000683|002026060100000683|NY0001|NY0001||2|100000011|DR Hernandez MD|2|100000011|PV000011|DR Hernandez MD|9926 MEDICAL PLAZA||NC MEDICAL CTR|NC|38685|1|11|P|P|20260420|20260518|20260526|20260526|20260519||||||99204||P|Y|06||N|||13||||3|3|460.15|460.15|244.39|0.00|0.00|PR1|CO45||215.76|215.76||75.00|75.00|2.56|13.98|13.98|124.22|124.22|0.00|0.00|0.00|244.39|0.00|0.00|0.00||N|||W000000672|P|W000000672|0|0|0.00|||2|11||460.15||Y||||||1||11|2000000011|N|0.00|0.00|11|13|||||50||Y|||||||S93.401|||F32.9|||||||99204|||||||13.98|75.00|2.56|N|||AETNA
002026060100000684|1234567|0987654|N|001|AC123456|01|I|Y||PPO|03|PKG0042|PPO001|N|F|W000000187|Robinson|Abigail|F|19880604|64284|AZ|EC||W000000672|W000000672|Robinson|Abigail|F|SP|19731028|202606010000684|ACAS2026060100000684||TCN2026060100000684|SRC2026060100000684|002026060100000684|NY0001|NY0001||2|100000239|DR Anderson MD|2|100000239|PV000239|DR Anderson MD|4292 MEDICAL PLAZA||WA MEDICAL CTR|WA|74700|4|40|P|N|20260518|20260531|20260517|20260519|20260601||||12|291|99283|59|I|Y|06||S|||23|02|0370|132|3|1|643.14|643.14|419.29|0.00|0.00|PR1|CO45||223.85|223.85||40.00|40.00|53.90|27.23|27.23|102.72|102.72|0.00|0.00|0.00|419.29|0.00|0.00|0.00||N|||W000000672|P|W000000672|0|1|0.00|||N|40||643.14||||||||1||40|2000000239|N|0.00|0.00|40|23|4||20260517|20260519||51||||||||N39.0|N39.0|||||||||99283|||||||27.23|40.00|53.90|N|||AETNA
002026060100000685|1234567|0987654|N|001|AC123456|01|I|N||PPO|01|PKG0042|PPO001|3|F|W000000119|Jackson|Matthew|M|19700922|68125|MI|EF|640808824|W000000119|W000000119|Jackson|Matthew|M|EE|19700922|202606010000685|ACAS2026060100000685||TCN2026060100000685|SRC2026060100000685|002026060100000685|NY0001|NY0001||2|100000108|DR Lopez MD|2|100000108|PV000108|DR Lopez MD|6209 MEDICAL PLAZA||NY MEDICAL CTR|NY|55674|4|03|P|P|20260430|20260520|20260330|20260402|20260523||||09|378|99203|95|I|Y|02||A|||11|01|0100|111|2|1|648.16|648.16|206.28|0.00|0.00|PR1|CO45||441.88|441.88||40.00|40.00|65.35|83.54|83.54|252.99|252.99|0.00|0.00|0.00|206.28|0.00|0.00|0.00||N|||W000000119|P|W000000119|0|1|0.00|||3|03||648.16||||Y||||1||03|2000000108|N|0.00|0.00|03|11|1|3|20260330|20260402|GT||N|||||||E11.9||J44.1|M54.5|||||||99203|||||||83.54|40.00|65.35|N|3||AETNA
002026060100000686|1234567|0987654|N|001|AC123456|01|I|N||PPO|02|PKG0042|PPO001|3|F|W000000382|Thomas|Joseph|M|19720327|52997|IL|EC||W000000561|W000000561|Thomas|Zoey|F|CH|20090624|202606010000686|ACAS2026060100000686||TCN2026060100000686|SRC2026060100000686|002026060100000686|NY0001|NY0001||2|100000157|DR Lewis MD|2|100000157|PV000157|DR Lewis MD|965 MEDICAL PLAZA||NJ MEDICAL CTR|NJ|47740|4|07|P|P|20260504|20260515|20260409|20260410|20260516||||04|872|99395|GT|I|Y|06||M|||32|01|0200|122|1|3|2792.79|2792.79|2015.30|0.00|0.00|PR1|CO45||777.49|777.49||0.00|0.00|169.79|104.71|104.71|502.99|502.99|0.00|0.00|0.00|2015.30|0.00|0.00|0.00||N|||W000000561|P|W000000561|0|1|0.00|||3|07||2792.79||N||||||1||07|2000000157|N|0.00|0.00|07|32|2|2|20260409|20260410|25|||||||||G43.909|J06.9|||||||||99395|||||||104.71|0.00|169.79|N|2||AETNA
002026060100000687|1234567|0987654|N|001|AC123456|03|P|Y||PPO|01|PKG0042|PPO001|N|F|W000000285|Davis|Oliver|M|19820913|63204|NY|EC|620147599|W000000285|W000000285|Davis|Oliver|M|EE|19820913|202606010000687|ACAS2026060100000687||TCN2026060100000687|SRC2026060100000687|002026060100000687|NY0001|NY0001||2|100000129|DR Smith MD|2|100000129|PV000129|DR Smith MD|4938 MEDICAL PLAZA||GA MEDICAL CTR|GA|72443|1|09|P|N|20260427|20260518|20260520|20260520|20260522||||||90847|95|P|Y|08||A|||11||||1|3|59.79|59.79|32.91|0.00|0.00|PR1|CO45||26.88|26.88||30.00|30.00|6.05|0.00|0.00|0.00|0.00|0.00|0.00|0.00|32.91|0.00|0.00|0.00||N|||W000000285|P|W000000285|0|0|0.00|||N|09||59.79||||||||1||09|2000000129|N|0.00|0.00|09|11|||||59|59||||||||K57.30||J18.9||||||||90847|||||||0.00|30.00|6.05|N|||AETNA
002026060100000688|1234567|0987654|N|001|AC123456|03|P|N||PPO|03|PKG0042|PPO001|1|F|W000000253|Robinson|Elijah|M|19650419|21540|FL|ES||W000000416|W000000416|Robinson|Sebastian|M|CH|20100408|202606010000688|ACAS2026060100000688||TCN2026060100000688|SRC2026060100000688|002026060100000688|NY0001|NY0001||2|100000123|DR Clark MD|2|100000123|PV000123|DR Clark MD|4831 MEDICAL PLAZA||NJ MEDICAL CTR|NJ|35143|1|03|P|P|20260501|20260520|20260508|20260508|20260523||||||99203||P|Y|01||F|||22||||2|2|294.89|294.89|94.86|0.00|0.00|PR1|CO45||200.03|200.03||50.00|50.00|30.41|22.83|22.83|96.79|96.79|0.00|0.00|0.00|94.86|0.00|0.00|0.00||N|||W000000416|P|W000000416|0|0|0.00|||1|03||294.89|||N|||||1||03|2000000123|N|0.00|0.00|03|22|||||GT|TC||||||||G47.33|F41.9|J30.9||||||||99203|||||||22.83|50.00|30.41|N|||AETNA
002026060100000689|1234567|0987654|N|001|AC123456|03|P|N||PPO|01|PKG0042|PPO001|3|F|W000000312|Lewis|Emily|F|19850905|68052|VA|EC|317315545|W000000312|W000000312|Lewis|Emily|F|EE|19850905|202606010000689|ACAS2026060100000689||TCN2026060100000689|SRC2026060100000689|002026060100000689|NY0001|NY0001||2|100000282|DR Sanchez MD|2|100000282|PV000282|DR Sanchez MD|2054 MEDICAL PLAZA||MA MEDICAL CTR|MA|63783|1|12|P|P|20260507|20260515|20260412|20260412|20260516||||||99205|50|P|Y|07||N|||12||||1|2|668.28|668.28|369.83|0.00|0.00|PR1|CO45||298.45|298.45||30.00|30.00|82.85|40.96|40.96|144.64|144.64|0.00|0.00|0.00|369.83|0.00|0.00|0.00||N|||W000000312|P|W000000312|0|0|0.00|||3|12||668.28||Y||||||1||12|2000000282|N|0.00|0.00|12|12|||||25|51||||||||M79.3|G43.909|||||||||99205|||||||40.96|30.00|82.85|N|||AETNA
002026060100000690|1234567|0987654|N|001|AC123456|03|P|Y||PPO|03|PKG0042|PPO001|N|F|W000000256|Perez|Logan|M|19721020|33333|CO|EC||W000000548|W000000548|Perez|Michael|M|CH|20021117|202606010000690|ACAS2026060100000690||TCN2026060100000690|SRC2026060100000690|002026060100000690|NY0001|NY0001||2|100000029|DR Lewis MD|2|100000029|PV000029|DR Lewis MD|4666 MEDICAL PLAZA||WA MEDICAL CTR|WA|59785|1|40|P|N|20260510|20260526|20260326|20260326|20260530||||||90834|25|P|Y|05||1|||11||||3|3|264.35|264.35|182.68|0.00|0.00|PR1|CO45||81.67|81.67||40.00|40.00|24.26|2.37|2.37|15.04|15.04|0.00|0.00|0.00|182.68|0.00|0.00|0.00||N|||W000000548|P|W000000548|0|0|0.00|||N|40||264.35||||N||||1||40|2000000029|N|0.00|0.00|40|11||||||95||||||||Z79.899|K57.30|J18.9||||||||90834|||||||2.37|40.00|24.26|N|||AETNA
002026060100000691|1234567|0987654|N|001|AC123456|03|P|N||PPO|02|PKG0042|PPO001|1|F|W000000249|Taylor|Benjamin|M|19750527|68613|IL|EE||W000000698|W000000698|Taylor|Chloe|F|SP|19650302|202606010000691|ACAS2026060100000691||TCN2026060100000691|SRC2026060100000691|002026060100000691|NY0001|NY0001||2|100000232|DR Davis MD|2|100000232|PV000232|DR Davis MD|3453 MEDICAL PLAZA||FL MEDICAL CTR|FL|49710|1|07|P|P|20260517|20260524|20260428|20260428|20260525||||||90834|59|P|Y|04||A|||99||||3|1|534.02|534.02|329.50|0.00|0.00|PR1|CO45||204.52|204.52||50.00|50.00|22.04|18.23|18.23|114.25|114.25|0.00|0.00|0.00|329.50|0.00|0.00|0.00||N|||W000000698|P|W000000698|0|0|0.00|||1|07||534.02|||Y|||||1||07|2000000232|N|0.00|0.00|07|99|||||95|59||||||||E78.5|Z12.31||E11.9|||||||90834|||||||18.23|50.00|22.04|N|||AETNA
002026060100000692|1234567|0987654|N|001|AC123456|03|P|N||PPO|03|PKG0042|PPO001|2|F|W000000259|Lopez|Ella|F|19781225|14247|NC|EF||W000000557|W000000557|Lopez|Emma|F|SP|19870426|202606010000692|ACAS2026060100000692||TCN2026060100000692|SRC2026060100000692|002026060100000692|NY0001|NY0001||2|100000267|DR Hernandez MD|2|100000267|PV000267|DR Hernandez MD|3352 MEDICAL PLAZA||MI MEDICAL CTR|MI|80296|1|12|P|P|20260503|20260530|20260308|20260308|20260601||||||99395|GT|P|Y|08||S|||32||||3|3|597.55|597.55|268.89|0.00|0.00|PR1|CO45||328.66|328.66||0.00|0.00|12.41|60.43|60.43|255.82|255.82|0.00|0.00|0.00|268.89|0.00|0.00|0.00||N|||W000000557|P|W000000557|0|0|0.00|||2|12||597.55||Y||||||1||12|2000000267|N|0.00|0.00|12|32|||||26|AT||||||||E11.65|||K57.30|||||||99395|||||||60.43|0.00|12.41|N|||AETNA
002026060100000693|1234567|0987654|N|001|AC123456|01|I|N||PPO|01|PKG0042|PPO001|2|F|W000000007|Davis|James|M|19610916|98986|MI|EE||W000000652|W000000652|Davis|Elijah|M|CH|20051017|202606010000693|ACAS2026060100000693||TCN2026060100000693|SRC2026060100000693|002026060100000693|NY0001|NY0001||2|100000198|DR Garcia MD|2|100000198|PV000198|DR Garcia MD|9624 MEDICAL PLAZA||GA MEDICAL CTR|GA|58828|4|03|P|P|20260426|20260518|20260304|20260306|20260521||||15|871|97110||I|Y|02||1|||23|04|0250|121|3|2|380.30|380.30|256.32|0.00|0.00|PR1|CO45||123.98|123.98||75.00|75.00|13.51|8.55|8.55|26.92|26.92|0.00|0.00|0.00|256.32|0.00|0.00|0.00||N|||W000000652|P|W000000652|0|1|0.00|||2|03||380.30||N||||||1||03|2000000198|N|0.00|0.00|03|23||1|20260304|20260306|50|26||N||||||F32.9|Z79.899|Z23|M17.11|Z12.31||||||97110|||||||8.55|75.00|13.51|N|1||AETNA
002026060100000694|1234567|0987654|N|001|AC123456|03|P|N||PPO|02|PKG0042|PPO001|1|F|W000000133|Lee|Charlotte|F|19610202|29042|FL|EC||W000000663|W000000663|Lee|Jackson|M|CH|20161112|202606010000694|ACAS2026060100000694||TCN2026060100000694|SRC2026060100000694|002026060100000694|NY0001|NY0001||2|100000119|DR Thompson MD|2|100000119|PV000119|DR Thompson MD|5061 MEDICAL PLAZA||OH MEDICAL CTR|OH|65374|1|40|P|P|20260420|20260518|20260323|20260323|20260520||||||90834|25|P|Y|07||4|||22||||3|2|702.61|702.61|296.88|0.00|0.00|PR1|CO45||405.73|405.73||50.00|50.00|27.19|47.56|47.56|280.98|280.98|0.00|0.00|0.00|296.88|0.00|0.00|0.00||N|||W000000663|P|W000000663|0|0|0.00|||1|40||702.61||||N||||1||40|2000000119|N|0.00|0.00|40|22||||||GT||||||||J18.9|E11.65|G47.33|J30.9|||||||90834|||||||47.56|50.00|27.19|N|||AETNA
002026060100000695|1234567|0987654|N|001|AC123456|03|P|N||PPO|02|PKG0042|PPO001|2|F|W000000064|Thomas|Henry|M|19771122|40929|IL|EE|304836232|W000000064|W000000064|Thomas|Henry|M|EE|19771122|202606010000695|ACAS2026060100000695||TCN2026060100000695|SRC2026060100000695|002026060100000695|NY0001|NY0001||2|100000049|DR Taylor MD|2|100000049|PV000049|DR Taylor MD|6258 MEDICAL PLAZA||FL MEDICAL CTR|FL|82785|1|04|P|P|20260421|20260517|20260419|20260419|20260518||||||93000|TC|P|Y|03||N|||24||||3|3|1134.48|1134.48|602.32|0.00|0.00|PR1|CO45||532.16|532.16||30.00|30.00|84.77|65.33|65.33|352.06|352.06|0.00|0.00|0.00|602.32|0.00|0.00|0.00||N|||W000000064|P|W000000064|0|0|0.00|||2|04||1134.48||||Y||||1||04|2000000049|N|0.00|0.00|04|24|||||26|AT||||||||J18.9|E66.9|J06.9|K57.30|||||||93000|||||||65.33|30.00|84.77|N|||AETNA
002026060100000696|1234567|0987654|N|001|AC123456|03|P|N||PPO|02|PKG0042|PPO001|1|F|W000000178|Williams|Harper|F|19730428|15638|OH|EC|383138411|W000000178|W000000178|Williams|Harper|F|EE|19730428|202606010000696|ACAS2026060100000696||TCN2026060100000696|SRC2026060100000696|002026060100000696|NY0001|NY0001||2|100000205|DR Gonzalez MD|2|100000205|PV000205|DR Gonzalez MD|3407 MEDICAL PLAZA||FL MEDICAL CTR|FL|71327|1|10|P|P|20260507|20260517|20260314|20260314|20260521||||||90834|25|P|Y|05||M|||31||||1|1|544.12|544.12|317.12|0.00|0.00|PR1|CO45||227.00|227.00||50.00|50.00|25.77|37.66|37.66|113.57|113.57|0.00|0.00|0.00|317.12|0.00|0.00|0.00||N|||W000000178|P|W000000178|0|0|0.00|||1|10||544.12||Y||||||1||10|2000000205|N|0.00|0.00|10|31||||||59||||||||R51|G47.33|||||||||90834|||||||37.66|50.00|25.77|N|||AETNA
002026060100000697|1234567|0987654|N|001|AC123456|01|I|N||PPO|01|PKG0042|PPO001|1|F|W000000013|Lopez|Isabella|F|19690106|99591|IL|EC||W000000506|W000000506|Lopez|Riley|F|CH|20010422|202606010000697|ACAS2026060100000697||TCN2026060100000697|SRC2026060100000697|002026060100000697|NY0001|NY0001||2|100000141|DR Gonzalez MD|2|100000141|PV000141|DR Gonzalez MD|9914 MEDICAL PLAZA||TX MEDICAL CTR|TX|79049|4|06|P|P|20260507|20260529|20260327|20260329|20260530||||08|392|90834|25|I|Y|06||N|||12|20|0636|111|1|3|452.50|452.50|284.87|0.00|0.00|PR1|CO45||167.63|167.63||0.00|0.00|24.16|18.14|18.14|125.33|125.33|0.00|0.00|0.00|284.87|0.00|0.00|0.00||N|||W000000506|P|W000000506|0|1|0.00|||1|06||452.50||N||||||1||06|2000000141|N|0.00|0.00|06|12|1|9|20260327|20260329||GT||||||||M17.11||||||||||90834|||||||18.14|0.00|24.16|N|9||AETNA
002026060100000698|1234567|0987654|N|001|AC123456|03|P|N||PPO|01|PKG0042|PPO001|1|F|W000000091|Johnson|Oliver|M|19660225|19550|AZ|EE||W000000414|W000000414|Johnson|Sofia|F|SP|19770705|202606010000698|ACAS2026060100000698||TCN2026060100000698|SRC2026060100000698|002026060100000698|NY0001|NY0001||2|100000045|DR Gonzalez MD|2|100000045|PV000045|DR Gonzalez MD|5232 MEDICAL PLAZA||AZ MEDICAL CTR|AZ|53457|1|50|P|P|20260512|20260519|20260413|20260413|20260520||||||99205||P|Y|03||B|||22||||1|3|577.73|577.73|577.73|0.00|0.00||CO45||0.00|0.00||20.00|20.00|0.00|0.00|0.00|0.00|0.00|0.00|0.00|0.00|0.00|0.00|0.00|0.00||N|||W000000414|D|W000000414|0|0|0.00|||1|50||577.73||||||||1||50|2000000045|N|0.00|0.00|50|22|||||25|||||||||R51|||Z00.00|||||||99205|||||||0.00|20.00|0.00|N|||AETNA
002026060100000699|1234567|0987654|N|001|AC123456|03|P|N||PPO|02|PKG0042|PPO001|1|F|W000000036|Lewis|Amelia|F|19730919|84509|OH|EF|552931219|W000000036|W000000036|Lewis|Amelia|F|EE|19730919|202606010000699|ACAS2026060100000699||TCN2026060100000699|SRC2026060100000699|002026060100000699|NY0001|NY0001||2|100000108|DR Lopez MD|2|100000108|PV000108|DR Lopez MD|3293 MEDICAL PLAZA||TX MEDICAL CTR|TX|48109|1|03|P|P|20260418|20260517|20260420|20260420|20260521||||||99214|GT|P|Y|06||A|||31||||2|3|660.95|660.95|364.62|0.00|0.00|PR1|CO45||296.33|296.33||0.00|0.00|24.36|51.26|51.26|220.71|220.71|0.00|0.00|0.00|364.62|0.00|0.00|0.00||N|||W000000036|P|W000000036|1|0|0.00|||1|03||660.95||N||||||1||03|2000000108|N|0.00|0.00|03|31||||||||||||||E11.65|J45.909|||||||||99214|||||||51.26|0.00|24.36|N|||AETNA
002026060100000700|1234567|0987654|N|001|AC123456|03|P|N||PPO|02|PKG0042|PPO001|3|F|W000000067|Harris|Sebastian|M|19731011|48205|WA|EC|677404226|W000000067|W000000067|Harris|Sebastian|M|EE|19731011|202606010000700|ACAS2026060100000700||TCN2026060100000700|SRC2026060100000700|002026060100000700|NY0001|NY0001||2|100000289|DR Smith MD|2|100000289|PV000289|DR Smith MD|2592 MEDICAL PLAZA||OH MEDICAL CTR|OH|63485|1|04|P|P|20260504|20260528|20260318|20260318|20260530||||||80053|50|P|Y|04||4|||32||||2|2|151.52|151.52|57.69|0.00|0.00|PR1|CO45||93.83|93.83||40.00|40.00|15.13|4.01|4.01|34.69|34.69|0.00|0.00|0.00|57.69|0.00|0.00|0.00||N|||W000000067|P|W000000067|0|0|0.00|||3|04||151.52||N||||||1||04|2000000289|N|0.00|0.00|04|32|||||GT|GT||||||||I25.10||||||||||80053|||||||4.01|40.00|15.13|N|||AETNA
002026060100000701|1234567|0987654|N|001|AC123456|03|P|N||PPO|02|PKG0042|PPO001|2|F|W000000365|Ramirez|Sofia|F|19611020|97936|WA|EF|552773431|W000000365|W000000365|Ramirez|Sofia|F|EE|19611020|202606010000701|ACAS2026060100000701||TCN2026060100000701|SRC2026060100000701|002026060100000701|NY0001|NY0001||2|100000080|DR Thomas MD|2|100000080|PV000080|DR Thomas MD|208 MEDICAL PLAZA||CO MEDICAL CTR|CO|53626|1|05|P|P|20260430|20260522|20260410|20260410|20260525||||||99395|AT|P|Y|07||N|||11||||3|2|984.68|984.68|521.71|0.00|0.00|PR1|CO45||462.97|462.97||75.00|75.00|46.55|43.38|43.38|298.04|298.04|0.00|0.00|0.00|521.71|0.00|0.00|0.00||N|||W000000365|P|W000000365|0|0|0.00|||2|05||984.68||Y||||||1||05|2000000080|N|0.00|0.00|05|11|||||25|26|Y|||||||Z23|J06.9||Z23|||||||99395|||||||43.38|75.00|46.55|N|||AETNA
002026060100000702|1234567|0987654|N|001|AC123456|03|P|N||PPO|03|PKG0042|PPO001|2|F|W000000342|Gonzalez|Emma|F|19940225|24294|PA|EC||W000000432|W000000432|Gonzalez|Ella|F|CH|20110325|202606010000702|ACAS2026060100000702||TCN2026060100000702|SRC2026060100000702|002026060100000702|NY0001|NY0001||2|100000054|DR Perez MD|2|100000054|PV000054|DR Perez MD|4637 MEDICAL PLAZA||MA MEDICAL CTR|MA|13880|1|09|P|P|20260415|20260514|20260512|20260512|20260515||||||99396|AT|P|Y|01||S|||12||||2|2|453.34|453.34|319.18|0.00|0.00|PR1|CO45||134.16|134.16||40.00|40.00|31.59|12.10|12.10|50.47|50.47|0.00|0.00|0.00|319.18|0.00|0.00|0.00||N|||W000000432|P|W000000432|0|0|0.00|||2|09||453.34||||||||1||09|2000000054|N|0.00|0.00|09|12|||||25|TC||||||||R05|R51|||||||||99396|||||||12.10|40.00|31.59|N|||AETNA
002026060100000703|1234567|0987654|N|001|AC123456|03|P|N||PPO|03|PKG0042|PPO001|1|F|W000000118|Moore|Liam|M|19920221|41402|IL|ES|259406618|W000000118|W000000118|Moore|Liam|M|EE|19920221|202606010000703|ACAS2026060100000703||TCN2026060100000703|SRC2026060100000703|002026060100000703|NY0001|NY0001||2|100000205|DR Gonzalez MD|2|100000205|PV000205|DR Gonzalez MD|1945 MEDICAL PLAZA||PA MEDICAL CTR|PA|93094|1|10|P|P|20260428|20260524|20260304|20260304|20260525||||||99203|AT|P|Y|08||4|||13||||2|3|1943.61|1943.61|1029.62|0.00|0.00|PR1|CO45||913.99|913.99||50.00|50.00|175.36|136.99|136.99|551.64|551.64|0.00|0.00|0.00|1029.62|0.00|0.00|0.00||N|||W000000118|P|W000000118|0|0|0.00|||1|10||1943.61||Y||||||1||10|2000000205|N|0.00|0.00|10|13|||||TC|||||||||R05|S93.401|J44.1||||||||99203|||||||136.99|50.00|175.36|N|||AETNA
002026060100000704|1234567|0987654|N|001|AC123456|03|P|N||PPO|03|PKG0042|PPO001|3|F|W000000120|Jackson|Emily|F|19770404|92779|MI|EC|567604205|W000000120|W000000120|Jackson|Emily|F|EE|19770404|202606010000704|ACAS2026060100000704||TCN2026060100000704|SRC2026060100000704|002026060100000704|NY0001|NY0001||2|100000060|DR Ramirez MD|2|100000060|PV000060|DR Ramirez MD|964 MEDICAL PLAZA||AZ MEDICAL CTR|AZ|97263|1|50|P|P|20260421|20260517|20260522|20260522|20260520||||||93000||P|Y|06||B|||11||||2|1|1099.26|1099.26|545.40|0.00|0.00|PR1|CO45||553.86|553.86||0.00|0.00|1.41|97.54|97.54|454.91|454.91|0.00|0.00|0.00|545.40|0.00|0.00|0.00||N|||W000000120|P|W000000120|0|0|0.00|||3|50||1099.26||N||||||1||50|2000000060|N|0.00|0.00|50|11|||||25|59||||||||R51|I10|||||||||93000|||||||97.54|0.00|1.41|N|||AETNA
002026060100000705|1234567|0987654|N|001|AC123456|03|P|N||PPO|02|PKG0042|PPO001|3|F|W000000091|Johnson|Oliver|M|19660225|19550|AZ|EE|987588146|W000000091|W000000091|Johnson|Oliver|M|EE|19660225|202606010000705|ACAS2026060100000705||TCN2026060100000705|SRC2026060100000705|002026060100000705|NY0001|NY0001||2|100000276|DR Martin MD|2|100000276|PV000276|DR Martin MD|5823 MEDICAL PLAZA||NY MEDICAL CTR|NY|18386|1|06|P|P|20260514|20260521|20260329|20260329|20260522||||||99395||P|Y|07||S|||22||||2|2|1798.23|1798.23|937.02|0.00|0.00|PR1|CO45||861.21|861.21||75.00|75.00|170.53|97.01|97.01|518.67|518.67|0.00|0.00|0.00|937.02|0.00|0.00|0.00||N|||W000000091|P|W000000091|0|0|0.00|||3|06||1798.23||||||||1||06|2000000276|N|0.00|0.00|06|22|||||25|50||||||||Z00.00||||||||||99395|||||||97.01|75.00|170.53|N|||AETNA
002026060100000706|1234567|0987654|N|001|AC123456|03|P|Y||PPO|01|PKG0042|PPO001|N|F|W000000396|Smith|Samuel|M|19791122|49750|WA|EE|192489032|W000000396|W000000396|Smith|Samuel|M|EE|19791122|202606010000706|ACAS2026060100000706||TCN2026060100000706|SRC2026060100000706|002026060100000706|NY0001|NY0001||2|100000258|DR Johnson MD|2|100000258|PV000258|DR Johnson MD|3551 MEDICAL PLAZA||CA MEDICAL CTR|CA|33584|1|03|P|N|20260514|20260519|20260402|20260402|20260523||||||99214||P|Y|01||A|||99||||3|1|281.64|281.64|96.29|0.00|0.00|PR1|CO45||185.35|185.35||20.00|20.00|9.46|29.06|29.06|126.83|126.83|0.00|0.00|0.00|96.29|0.00|0.00|0.00||N|||W000000396|P|W000000396|0|0|0.00|||N|03||281.64||||||||1||03|2000000258|N|0.00|0.00|03|99|||||51|TC||||||||J18.9||||||||||99214|||||||29.06|20.00|9.46|N|||AETNA
002026060100000707|1234567|0987654|N|001|AC123456|01|I|N||PPO|03|PKG0042|PPO001|2|F|W000000006|Williams|Liam|M|19920115|23243|VA|EE|274813787|W000000006|W000000006|Williams|Liam|M|EE|19920115|202606010000707|ACAS2026060100000707||TCN2026060100000707|SRC2026060100000707|002026060100000707|NY0001|NY0001||2|100000296|DR Davis MD|2|100000296|PV000296|DR Davis MD|9333 MEDICAL PLAZA||NY MEDICAL CTR|NY|10230|4|11|P|P|20260421|20260520|20260408|20260409|20260523||||09|194|97110|25|I|Y|07||A|||12|07|0636|121|1|2|485.08|485.08|142.89|0.00|0.00|PR1|CO45||342.19|342.19||40.00|40.00|74.37|44.77|44.77|183.05|183.05|0.00|0.00|0.00|142.89|0.00|0.00|0.00||N|||W000000006|P|W000000006|0|1|0.00|||2|11||485.08|||Y|||||1||11|2000000296|N|0.00|0.00|11|12||4|20260408|20260409|95|51||||||||Z23|M17.11|S93.401||||||||97110|||||||44.77|40.00|74.37|N|4||AETNA
002026060100000708|1234567|0987654|N|001|AC123456|03|P|Y||PPO|03|PKG0042|PPO001|N|F|W000000360|Miller|Evelyn|F|19801028|33497|PA|EF||W000000401|W000000401|Miller|Liam|M|CH|20050404|202606010000708|ACAS2026060100000708||TCN2026060100000708|SRC2026060100000708|002026060100000708|NY0001|NY0001||2|100000274|DR Moore MD|2|100000274|PV000274|DR Moore MD|4119 MEDICAL PLAZA||WA MEDICAL CTR|WA|67373|1|04|P|N|20260508|20260519|20260523|20260523|20260522||||||99232|26|P|Y|01||2|||21||||1|2|231.35|231.35|82.50|0.00|0.00|PR1|CO45||148.85|148.85||50.00|50.00|25.33|16.21|16.21|57.31|57.31|0.00|0.00|0.00|82.50|0.00|0.00|0.00||N|||W000000401|P|W000000401|0|0|0.00|||N|04||231.35||Y||N||||1||04|2000000274|N|0.00|0.00|04|21|||||50|95||||||||G47.33|J18.9|E78.5||||||||99232|||||||16.21|50.00|25.33|N|||AETNA
002026060100000709|1234567|0987654|N|001|AC123456|03|P|N||PPO|02|PKG0042|PPO001|2|F|W000000334|Martin|Isabella|F|19771121|70898|NY|ES|111343983|W000000334|W000000334|Martin|Isabella|F|EE|19771121|202606010000709|ACAS2026060100000709||TCN2026060100000709|SRC2026060100000709|002026060100000709|NY0001|NY0001||2|100000074|DR Martinez MD|2|100000074|PV000074|DR Martinez MD|4046 MEDICAL PLAZA||VA MEDICAL CTR|VA|71026|1|40|P|P|20260502|20260517|20260416|20260416|20260518||||||99213|GT|P|Y|05||B|||13||||1|1|365.25|365.25|167.51|0.00|0.00|PR1|CO45||197.74|197.74||75.00|75.00|23.82|21.65|21.65|77.27|77.27|0.00|0.00|0.00|167.51|0.00|0.00|0.00||N|||W000000334|P|W000000334|0|0|0.00|||2|40||365.25|||Y|N||||1||40|2000000074|N|0.00|0.00|40|13||||||||||||||Z12.31|K57.30|M79.3||||||||99213|||||||21.65|75.00|23.82|N|||AETNA
002026060100000710|1234567|0987654|N|001|AC123456|01|I|N||PPO|02|PKG0042|PPO001|2|F|W000000327|Hernandez|Benjamin|M|19930112|81662|NY|EE|650141813|W000000327|W000000327|Hernandez|Benjamin|M|EE|19930112|202606010000710|ACAS2026060100000710||TCN2026060100000710|SRC2026060100000710|002026060100000710|NY0001|NY0001||2|100000064|DR Young MD|2|100000064|PV000064|DR Young MD|2569 MEDICAL PLAZA||CO MEDICAL CTR|CO|69130|4|04|P|P|20260508|20260514|20260313|20260313|20260518||||08|292|99205||I|Y|03||1|||23|07|0300|121|3|2|1928.10|1928.10|924.09|0.00|0.00|PR1|CO45||1004.01|1004.01||75.00|75.00|209.05|143.79|143.79|576.17|576.17|0.00|0.00|0.00|924.09|0.00|0.00|0.00||N|||W000000327|P|W000000327|0|1|0.00|||2|04||1928.10||N||||||1||04|2000000064|N|0.00|0.00|04|23|2||20260313|20260313|51|50||||||||R05|||E11.65|||||||99205|||||||143.79|75.00|209.05|N|||AETNA
002026060100000711|1234567|0987654|N|001|AC123456|03|P|N||PPO|02|PKG0042|PPO001|3|F|W000000396|Smith|Samuel|M|19791122|49750|WA|EE||W000000476|W000000476|Smith|Samuel|M|CH|20190206|202606010000711|ACAS2026060100000711||TCN2026060100000711|SRC2026060100000711|002026060100000711|NY0001|NY0001||2|100000103|DR Miller MD|2|100000103|PV000103|DR Miller MD|5002 MEDICAL PLAZA||OH MEDICAL CTR|OH|25720|1|38|P|P|20260506|20260526|20260507|20260507|20260527||||||97110|25|P|Y|04||B|||22||||2|1|2355.17|2355.17|1007.29|0.00|0.00|PR1|CO45||1347.88|1347.88||40.00|40.00|346.38|225.12|225.12|736.38|736.38|0.00|0.00|0.00|1007.29|0.00|0.00|0.00||N|||W000000476|P|W000000476|0|0|0.00|||3|38||2355.17|||N|||||1||38|2000000103|N|0.00|0.00|38|22|||||TC|25||||||||F32.9|M79.3|Z12.31||G47.33||||||97110|||||||225.12|40.00|346.38|N|||AETNA
002026060100000712|1234567|0987654|N|001|AC123456|03|P|N||PPO|03|PKG0042|PPO001|3|F|W000000366|Davis|Lucas|M|19910918|46944|GA|ES|972511995|W000000366|W000000366|Davis|Lucas|M|EE|19910918|202606010000712|ACAS2026060100000712||TCN2026060100000712|SRC2026060100000712|002026060100000712|NY0001|NY0001||2|100000141|DR Gonzalez MD|2|100000141|PV000141|DR Gonzalez MD|7505 MEDICAL PLAZA||FL MEDICAL CTR|FL|91267|1|06|P|P|20260419|20260514|20260330|20260330|20260518||||||90834|GT|P|Y|07||F|||23||||1|3|250.66|250.66|151.92|0.00|0.00|PR1|CO45||98.74|98.74||40.00|40.00|23.07|8.05|8.05|27.62|27.62|0.00|0.00|0.00|151.92|0.00|0.00|0.00||N|||W000000366|P|W000000366|0|0|0.00|||3|06||250.66||Y||||||1||06|2000000141|N|0.00|0.00|06|23|||||50|51||||||||J30.9|G43.909|E11.9||||||||90834|||||||8.05|40.00|23.07|N|||AETNA
002026060100000713|1234567|0987654|N|001|AC123456|03|P|N||PPO|01|PKG0042|PPO001|3|F|W000000335|Lee|Charlotte|F|19720917|42065|WA|ES||W000000510|W000000510|Lee|Ethan|M|CH|20100307|202606010000713|ACAS2026060100000713||TCN2026060100000713|SRC2026060100000713|002026060100000713|NY0001|NY0001||2|100000264|DR Davis MD|2|100000264|PV000264|DR Davis MD|3275 MEDICAL PLAZA||PA MEDICAL CTR|PA|78291|1|09|P|P|20260424|20260520|20260316|20260316|20260523||||||99214|GT|P|Y|05||2|||32||||1|2|450.55|450.55|155.02|0.00|0.00|PR1|CO45||295.53|295.53||30.00|30.00|48.35|26.06|26.06|191.12|191.12|0.00|0.00|0.00|155.02|0.00|0.00|0.00||N|||W000000510|P|W000000510|0|0|0.00|||3|09||450.55||N|N|N||||1||09|2000000264|N|0.00|0.00|09|32|||||TC|||||||||Z23|I50.9|K57.30||||||||99214|||||||26.06|30.00|48.35|N|||AETNA
002026060100000714|1234567|0987654|N|001|AC123456|03|P|N||PPO|02|PKG0042|PPO001|2|F|W000000295|Smith|Carter|M|19650527|95087|AZ|EC||W000000535|W000000535|Smith|Carter|M|CH|20031220|202606010000714|ACAS2026060100000714||TCN2026060100000714|SRC2026060100000714|002026060100000714|NY0001|NY0001||2|100000221|DR Lewis MD|2|100000221|PV000221|DR Lewis MD|9341 MEDICAL PLAZA||VA MEDICAL CTR|VA|63261|1|11|P|P|20260501|20260520|20260308|20260308|20260523||||||36415|26|P|Y|01||4|||22||||1|3|623.43|623.43|200.48|0.00|0.00|PR1|CO45||422.95|422.95||40.00|40.00|91.70|70.92|70.92|220.33|220.33|0.00|0.00|0.00|200.48|0.00|0.00|0.00||N|||W000000535|P|W000000535|0|0|0.00|||2|11||623.43||N|Y|||||1||11|2000000221|N|0.00|0.00|11|22|||||26|||||||||I25.10|Z00.00|||||||||36415|||||||70.92|40.00|91.70|N|||AETNA
002026060100000715|1234567|0987654|N|001|AC123456|03|P|Y||PPO|02|PKG0042|PPO001|N|F|W000000122|Martin|Amelia|F|19920427|52407|OH|EE||W000000645|W000000645|Martin|Harper|F|CH|20150616|202606010000715|ACAS2026060100000715||TCN2026060100000715|SRC2026060100000715|002026060100000715|NY0001|NY0001||2|100000194|DR Johnson MD|2|100000194|PV000194|DR Johnson MD|9353 MEDICAL PLAZA||NY MEDICAL CTR|NY|16085|1|40|P|N|20260504|20260525|20260414|20260414|20260528||||||99205|51|P|Y|06||4|||31||||2|2|1094.18|1094.18|674.44|0.00|0.00|PR1|CO45||419.74|419.74||50.00|50.00|52.12|74.25|74.25|243.37|243.37|0.00|0.00|0.00|674.44|0.00|0.00|0.00||N|||W000000645|P|W000000645|0|0|0.00|||N|40||1094.18||N|N|||||1||40|2000000194|N|0.00|0.00|40|31||||||||||||||J45.909|Z79.899|||||||||99205|||||||74.25|50.00|52.12|N|||AETNA
002026060100000716|1234567|0987654|N|001|AC123456|03|P|N||PPO|03|PKG0042|PPO001|3|F|W000000080|Jackson|William|M|19931208|94505|OH|EF||W000000560|W000000560|Jackson|Carter|M|SP|19711216|202606010000716|ACAS2026060100000716||TCN2026060100000716|SRC2026060100000716|002026060100000716|NY0001|NY0001||2|100000264|DR Davis MD|2|100000264|PV000264|DR Davis MD|8832 MEDICAL PLAZA||TX MEDICAL CTR|TX|37565|1|09|P|P|20260507|20260524|20260501|20260501|20260528||||||82947||P|Y|04||1|||11||||2|2|149.03|149.03|44.50|0.00|0.00|PR1|CO45||104.53|104.53||40.00|40.00|24.74|5.89|5.89|33.90|33.90|0.00|0.00|0.00|44.50|0.00|0.00|0.00||N|||W000000560|P|W000000560|0|0|0.00|||3|09||149.03||Y|N|Y||||1||09|2000000264|N|0.00|0.00|09|11|||||AT|||||||||G43.909|J45.909|Z87.891||||||||82947|||||||5.89|40.00|24.74|N|||AETNA
002026060100000717|1234567|0987654|N|001|AC123456|03|P|Y||PPO|03|PKG0042|PPO001|N|F|W000000363|Robinson|Ethan|M|19670104|46876|NC|EF|555681545|W000000363|W000000363|Robinson|Ethan|M|EE|19670104|202606010000717|ACAS2026060100000717||TCN2026060100000717|SRC2026060100000717|002026060100000717|NY0001|NY0001||2|100000194|DR Johnson MD|2|100000194|PV000194|DR Johnson MD|4471 MEDICAL PLAZA||GA MEDICAL CTR|GA|43331|1|40|P|N|20260503|20260519|20260329|20260329|20260520||||||99395|59|P|Y|04||N|||21||||2|2|170.28|170.28|55.45|0.00|0.00|PR1|CO45||114.83|114.83||40.00|40.00|28.56|4.77|4.77|41.50|41.50|0.00|0.00|0.00|55.45|0.00|0.00|0.00||N|||W000000363|P|W000000363|0|0|0.00|||N|40||170.28||N|N|||||1||40|2000000194|N|0.00|0.00|40|21|||||50|||||||||N39.0|Z00.00|F41.9||||||||99395|||||||4.77|40.00|28.56|N|||AETNA
002026060100000718|1234567|0987654|N|001|AC123456|03|P|N||PPO|02|PKG0042|PPO001|3|F|W000000345|Wilson|Riley|F|19710215|31121|GA|EC|178153069|W000000345|W000000345|Wilson|Riley|F|EE|19710215|202606010000718|ACAS2026060100000718||TCN2026060100000718|SRC2026060100000718|002026060100000718|NY0001|NY0001||2|100000114|DR Moore MD|2|100000114|PV000114|DR Moore MD|5268 MEDICAL PLAZA||NY MEDICAL CTR|NY|32130|1|09|P|P|20260507|20260525|20260416|20260416|20260527||||||99291||P|Y|03||M|||99||||1|1|1008.46|1008.46|542.31|0.00|0.00|PR1|CO45||466.15|466.15||30.00|30.00|19.20|79.47|79.47|337.48|337.48|0.00|0.00|0.00|542.31|0.00|0.00|0.00||N|||W000000345|P|W000000345|0|0|0.00|||3|09||1008.46||||||||1||09|2000000114|N|0.00|0.00|09|99|||||95|||||||||Z00.00|G43.909|||||||||99291|||||||79.47|30.00|19.20|N|||AETNA
002026060100000719|1234567|0987654|N|001|AC123456|03|P|N||PPO|01|PKG0042|PPO001|3|F|W000000165|Clark|Scarlett|F|19770119|72716|VA|EF|699108661|W000000165|W000000165|Clark|Scarlett|F|EE|19770119|202606010000719|ACAS2026060100000719||TCN2026060100000719|SRC2026060100000719|002026060100000719|NY0001|NY0001||2|100000124|DR Ramirez MD|2|100000124|PV000124|DR Ramirez MD|2297 MEDICAL PLAZA||NJ MEDICAL CTR|NJ|81466|1|04|P|P|20260428|20260526|20260404|20260404|20260530||||||93000|GT|P|Y|07||M|||23||||2|3|126.89|126.89|126.89|0.00|0.00||CO45||0.00|0.00||20.00|20.00|0.00|0.00|0.00|0.00|0.00|0.00|0.00|0.00|0.00|0.00|0.00|0.00||N|||W000000165|D|W000000165|0|0|0.00|||3|04||126.89||||||||1||04|2000000124|N|0.00|0.00|04|23|||||25|||||||||Z79.899|E11.9|Z87.891||||||||93000|||||||0.00|20.00|0.00|N|||AETNA
002026060100000720|1234567|0987654|N|001|AC123456|03|P|N||PPO|01|PKG0042|PPO001|1|F|W000000034|Anderson|Aria|F|19690901|73098|TX|EF||W000000420|W000000420|Anderson|Avery|F|SP|19810412|202606010000720|ACAS2026060100000720||TCN2026060100000720|SRC2026060100000720|002026060100000720|NY0001|NY0001||2|100000156|DR Ramirez MD|2|100000156|PV000156|DR Ramirez MD|2936 MEDICAL PLAZA||WA MEDICAL CTR|WA|42172|1|06|P|P|20260505|20260516|20260325|20260325|20260517||||||99232|95|P|Y|01||2|||99||||1|2|454.97|454.97|313.83|0.00|0.00|PR1|CO45||141.14|141.14||0.00|0.00|11.43|27.55|27.55|102.16|102.16|0.00|0.00|0.00|313.83|0.00|0.00|0.00||N|||W000000420|P|W000000420|0|0|0.00|||1|06||454.97|||N|N||||1||06|2000000156|N|0.00|0.00|06|99|||||25|59||||||||I10|G43.909|J06.9|R51|||||||99232|||||||27.55|0.00|11.43|N|||AETNA
002026060100000721|1234567|0987654|N|001|AC123456|01|I|N||PPO|03|PKG0042|PPO001|1|F|W000000098|Taylor|Alexander|M|19850323|42178|TX|EE|883113461|W000000098|W000000098|Taylor|Alexander|M|EE|19850323|202606010000721|ACAS2026060100000721||TCN2026060100000721|SRC2026060100000721|002026060100000721|NY0001|NY0001||2|100000027|DR Clark MD|2|100000027|PV000027|DR Clark MD|4121 MEDICAL PLAZA||VA MEDICAL CTR|VA|77445|4|12|P|P|20260508|20260524|20260328|20260401|20260528||||09|378|99283|25|I|Y|06||F|||99|07|0200|122|1|2|763.40|763.40|561.87|0.00|0.00|PR1|CO45||201.53|201.53||30.00|30.00|10.04|28.86|28.86|132.63|132.63|0.00|0.00|0.00|561.87|0.00|0.00|0.00||N|||W000000098|P|W000000098|0|1|0.00|||1|12||763.40||Y||||||1||12|2000000027|N|0.00|0.00|12|99|7|1|20260328|20260401||||||||||J18.9|M79.3|||||||||99283|||||||28.86|30.00|10.04|N|1||AETNA
002026060100000722|1234567|0987654|N|001|AC123456|01|I|Y||PPO|02|PKG0042|PPO001|N|F|W000000007|Davis|James|M|19610916|98986|MI|EE||W000000652|W000000652|Davis|Elijah|M|CH|20051017|202606010000722|ACAS2026060100000722||TCN2026060100000722|SRC2026060100000722|002026060100000722|NY0001|NY0001||2|100000223|DR Walker MD|2|100000223|PV000223|DR Walker MD|3768 MEDICAL PLAZA||AZ MEDICAL CTR|AZ|24050|4|38|P|N|20260429|20260519|20260507|20260509|20260520||||06|194|99395||I|Y|04||A|||13|05|0636|211|1|2|947.02|947.02|545.55|0.00|0.00|PR1|CO45||401.47|401.47||30.00|30.00|47.28|36.14|36.14|288.05|288.05|0.00|0.00|0.00|545.55|0.00|0.00|0.00||N|||W000000652|P|W000000652|0|1|0.00|||N|38||947.02||N||||||1||38|2000000223|N|0.00|0.00|38|13|1|1|20260507|20260509|59|||||||||R51|J06.9|M17.11||||||||99395|||||||36.14|30.00|47.28|N|1||AETNA
002026060100000723|1234567|0987654|N|001|AC123456|03|P|Y||PPO|01|PKG0042|PPO001|N|F|W000000253|Robinson|Elijah|M|19650419|21540|FL|ES||W000000592|W000000592|Robinson|Grace|F|CH|20151221|202606010000723|ACAS2026060100000723||TCN2026060100000723|SRC2026060100000723|002026060100000723|NY0001|NY0001||2|100000196|DR Brown MD|2|100000196|PV000196|DR Brown MD|6532 MEDICAL PLAZA||PA MEDICAL CTR|PA|50258|1|01|P|N|20260512|20260531|20260324|20260324|20260601||||||71046|51|P|Y|07||F|||21||||3|1|589.66|589.66|275.54|0.00|0.00|PR1|CO45||314.12|314.12||40.00|40.00|18.19|34.99|34.99|220.94|220.94|0.00|0.00|0.00|275.54|0.00|0.00|0.00||N|||W000000592|P|W000000592|0|0|0.00|||N|01||589.66||||||||1||01|2000000196|N|0.00|0.00|01|21|||||TC|AT||||||||S93.401|||R05|||||||71046|||||||34.99|40.00|18.19|N|||AETNA
002026060100000724|1234567|0987654|N|001|AC123456|03|P|N||PPO|01|PKG0042|PPO001|2|F|W000000084|Ramirez|Nora|F|19621218|54421|PA|EE|696147728|W000000084|W000000084|Ramirez|Nora|F|EE|19621218|202606010000724|ACAS2026060100000724||TCN2026060100000724|SRC2026060100000724|002026060100000724|NY0001|NY0001||2|100000220|DR Ramirez MD|2|100000220|PV000220|DR Ramirez MD|3645 MEDICAL PLAZA||VA MEDICAL CTR|VA|21503|1|10|P|P|20260525|20260530|20260411|20260411|20260601||||||99213||P|Y|08||M|||13||||3|3|487.41|487.41|279.91|0.00|0.00|PR1|CO45||207.50|207.50||75.00|75.00|37.07|22.18|22.18|73.25|73.25|0.00|0.00|0.00|279.91|0.00|0.00|0.00||N|||W000000084|P|W000000084|0|0|0.00|||2|10||487.41||Y||Y||||1||10|2000000220|N|0.00|0.00|10|13|||||95|25||||||||Z23||R05||||||||99213|||||||22.18|75.00|37.07|N|||AETNA
002026060100000725|1234567|0987654|N|001|AC123456|03|P|N||PPO|03|PKG0042|PPO001|1|F|W000000352|Williams|Harper|F|19710926|36114|CA|EE||W000000551|W000000551|Williams|Benjamin|M|CH|20120324|202606010000725|ACAS2026060100000725||TCN2026060100000725|SRC2026060100000725|002026060100000725|NY0001|NY0001||2|100000161|DR Smith MD|2|100000161|PV000161|DR Smith MD|9054 MEDICAL PLAZA||CA MEDICAL CTR|CA|53390|1|11|P|P|20260503|20260515|20260309|20260309|20260517||||||90847||P|Y|02||B|||12||||3|2|1363.60|1363.60|380.40|0.00|0.00|PR1|CO45||983.20|983.20||50.00|50.00|29.97|95.43|95.43|807.80|807.80|0.00|0.00|0.00|380.40|0.00|0.00|0.00||N|||W000000551|P|W000000551|0|0|0.00|||1|11||1363.60||N||N||||1||11|2000000161|N|0.00|0.00|11|12|||||59|59||||||||N39.0|E66.9|E66.9|K57.30|||||||90847|||||||95.43|50.00|29.97|N|||AETNA
002026060100000726|1234567|0987654|N|001|AC123456|01|I|N||PPO|03|PKG0042|PPO001|2|F|W000000082|Smith|Zoey|F|19880721|44046|GA|EF|281661546|W000000082|W000000082|Smith|Zoey|F|EE|19880721|202606010000726|ACAS2026060100000726||TCN2026060100000726|SRC2026060100000726|002026060100000726|NY0001|NY0001||2|100000235|DR Hernandez MD|2|100000235|PV000235|DR Hernandez MD|1644 MEDICAL PLAZA||NC MEDICAL CTR|NC|43440|4|10|P|P|20260508|20260529|20260401|20260402|20260601||||09|683|99203|AT|I|Y|06||A|||24|05|0900|111|2|3|847.61|847.61|527.76|0.00|0.00|PR1|CO45||319.85|319.85||50.00|50.00|25.90|51.35|51.35|192.60|192.60|0.00|0.00|0.00|527.76|0.00|0.00|0.00||N|||W000000082|P|W000000082|0|1|0.00|||2|10||847.61||||||||1||10|2000000235|N|0.00|0.00|10|24|1|4|20260401|20260402||||||||||Z79.899||M54.5||||||||99203|||||||51.35|50.00|25.90|N|4||AETNA
002026060100000727|1234567|0987654|N|001|AC123456|03|P|N||PPO|03|PKG0042|PPO001|1|F|W000000005|Garcia|Aria|F|19640727|23173|VA|ES||W000000505|W000000505|Garcia|Jacob|M|CH|20171014|202606010000727|ACAS2026060100000727||TCN2026060100000727|SRC2026060100000727|002026060100000727|NY0001|NY0001||2|100000285|DR Lewis MD|2|100000285|PV000285|DR Lewis MD|6988 MEDICAL PLAZA||TX MEDICAL CTR|TX|42166|1|50|P|P|20260424|20260516|20260313|20260313|20260520||||||90847||P|Y|02||M|||21||||1|2|383.77|383.77|233.87|0.00|0.00|PR1|CO45||149.90|149.90||40.00|40.00|29.93|11.50|11.50|68.47|68.47|0.00|0.00|0.00|233.87|0.00|0.00|0.00||N|||W000000505|P|W000000505|0|0|0.00|||1|50||383.77||Y||||||1||50|2000000285|N|0.00|0.00|50|21||||||26||Y||||||S93.401|S93.401|E66.9||E11.9||||||90847|||||||11.50|40.00|29.93|N|||AETNA
002026060100000728|1234567|0987654|N|001|AC123456|03|P|N||PPO|01|PKG0042|PPO001|2|F|W000000062|Martin|Elizabeth|F|19840117|92914|GA|EC|392758781|W000000062|W000000062|Martin|Elizabeth|F|EE|19840117|202606010000728|ACAS2026060100000728||TCN2026060100000728|SRC2026060100000728|002026060100000728|NY0001|NY0001||2|100000171|DR Hernandez MD|2|100000171|PV000171|DR Hernandez MD|7356 MEDICAL PLAZA||TX MEDICAL CTR|TX|51568|1|06|P|P|20260421|20260514|20260305|20260305|20260515||||||99204|TC|P|Y|04||2|||21||||2|1|686.81|686.81|297.10|0.00|0.00|PR1|CO45||389.71|389.71||75.00|75.00|46.60|45.01|45.01|223.10|223.10|0.00|0.00|0.00|297.10|0.00|0.00|0.00||N|||W000000062|P|W000000062|0|0|0.00|||2|06||686.81|||Y|||||1||06|2000000171|N|0.00|0.00|06|21||||||95||||||||G47.33|M17.11|F41.9|I25.10|||||||99204|||||||45.01|75.00|46.60|N|||AETNA
002026060100000729|1234567|0987654|N|001|AC123456|01|I|N||PPO|01|PKG0042|PPO001|3|F|W000000342|Gonzalez|Emma|F|19940225|24294|PA|EC|196754632|W000000342|W000000342|Gonzalez|Emma|F|EE|19940225|202606010000729|ACAS2026060100000729||TCN2026060100000729|SRC2026060100000729|002026060100000729|NY0001|NY0001||2|100000134|DR Garcia MD|2|100000134|PV000134|DR Garcia MD|7514 MEDICAL PLAZA||MA MEDICAL CTR|MA|11489|4|40|P|P|20260423|20260522|20260304|20260308|20260523||||01|378|80053||I|Y|02||S|||31|01|0900|121|1|1|921.22|921.22|689.14|0.00|0.00|PR1|CO45||232.08|232.08||75.00|75.00|29.34|22.95|22.95|104.79|104.79|0.00|0.00|0.00|689.14|0.00|0.00|0.00||N|||W000000342|P|W000000342|0|1|0.00|||3|40||921.22||N||||||1||40|2000000134|N|0.00|0.00|40|31||9|20260304|20260308|95|95||||||||I25.10||J06.9||||||||80053|||||||22.95|75.00|29.34|N|9||AETNA
002026060100000730|1234567|0987654|N|001|AC123456|03|P|N||PPO|02|PKG0042|PPO001|3|F|W000000330|White|Daniel|M|19690521|29181|VA|EF||W000000461|W000000461|White|Chloe|F|CH|20041224|202606010000730|ACAS2026060100000730||TCN2026060100000730|SRC2026060100000730|002026060100000730|NY0001|NY0001||2|100000032|DR Young MD|2|100000032|PV000032|DR Young MD|2782 MEDICAL PLAZA||OH MEDICAL CTR|OH|76269|1|02|P|P|20260424|20260515|20260325|20260325|20260518||||||99283|25|P|Y|06||4|||11||||2|1|2865.51|2865.51|1106.72|0.00|0.00|PR1|CO45||1758.79|1758.79||0.00|0.00|421.01|183.96|183.96|1153.82|1153.82|0.00|0.00|0.00|1106.72|0.00|0.00|0.00||N|||W000000461|P|W000000461|0|0|0.00|||3|02||2865.51||N||||||1||02|2000000032|N|0.00|0.00|02|11|||||51|||||||||G43.909||K21.0||||||||99283|||||||183.96|0.00|421.01|N|||AETNA
002026060100000731|1234567|0987654|N|001|AC123456|03|P|Y||PPO|02|PKG0042|PPO001|N|F|W000000138|Thompson|Lucas|M|19860210|21496|GA|EF||W000000511|W000000511|Thompson|Carter|M|SP|19800515|202606010000731|ACAS2026060100000731||TCN2026060100000731|SRC2026060100000731|002026060100000731|NY0001|NY0001||2|100000234|DR Martinez MD|2|100000234|PV000234|DR Martinez MD|5561 MEDICAL PLAZA||WA MEDICAL CTR|WA|75994|1|09|P|N|20260504|20260523|20260407|20260407|20260527||||||82947||P|Y|05||1|||11||||1|1|1297.73|1297.73|1297.73|0.00|0.00||CO45||0.00|0.00||40.00|40.00|0.00|0.00|0.00|0.00|0.00|0.00|0.00|0.00|0.00|0.00|0.00|0.00||N|||W000000511|D|W000000511|0|0|0.00|||N|09||1297.73||||Y||||1||09|2000000234|N|0.00|0.00|09|11|||||GT|AT||||||||Z12.31||R05||||||||82947|||||||0.00|40.00|0.00|N|||AETNA
002026060100000732|1234567|0987654|N|001|AC123456|01|I|N||PPO|01|PKG0042|PPO001|1|F|W000000294|Davis|Elizabeth|F|19640618|82597|AZ|EE|478395487|W000000294|W000000294|Davis|Elizabeth|F|EE|19640618|202606010000732|ACAS2026060100000732||TCN2026060100000732|SRC2026060100000732|002026060100000732|NY0001|NY0001||2|100000272|DR Thomas MD|2|100000272|PV000272|DR Thomas MD|230 MEDICAL PLAZA||WA MEDICAL CTR|WA|33174|4|02|P|P|20260430|20260513|20260517|20260517|20260517||||10|196|71046|59|I|Y|08||2|||31|01|0110|122|1|3|1867.53|1867.53|487.66|0.00|0.00|PR1|CO45||1379.87|1379.87||40.00|40.00|233.92|225.63|225.63|880.32|880.32|0.00|0.00|0.00|487.66|0.00|0.00|0.00||N|||W000000294|P|W000000294|0|1|0.00|||1|02||1867.53||N|N|||||1||02|2000000272|N|0.00|0.00|02|31|1|9|20260517|20260517|AT|95|N|||||||F32.9|I25.10|F41.9|M54.5|||||||71046|||||||225.63|40.00|233.92|N|9||AETNA
002026060100000733|1234567|0987654|N|001|AC123456|03|P|N||PPO|03|PKG0042|PPO001|1|F|W000000279|Thompson|Henry|M|19670717|53426|MA|EF||W000000646|W000000646|Thompson|Abigail|F|CH|20010718|202606010000733|ACAS2026060100000733||TCN2026060100000733|SRC2026060100000733|002026060100000733|NY0001|NY0001||2|100000210|DR Moore MD|2|100000210|PV000210|DR Moore MD|9890 MEDICAL PLAZA||OH MEDICAL CTR|OH|70705|1|50|P|P|20260513|20260527|20260425|20260425|20260531||||||93000||P|Y|02||B|||31||||2|1|395.83|395.83|160.03|0.00|0.00|PR1|CO45||235.80|235.80||75.00|75.00|5.59|17.50|17.50|137.71|137.71|0.00|0.00|0.00|160.03|0.00|0.00|0.00||N|||W000000646|P|W000000646|0|0|0.00|||1|50||395.83||||N||||1||50|2000000210|N|0.00|0.00|50|31||||||25||||||||Z00.00|G47.33|J30.9||||||||93000|||||||17.50|75.00|5.59|N|||AETNA
002026060100000734|1234567|0987654|N|001|AC123456|01|I|N||PPO|02|PKG0042|PPO001|1|F|W000000296|White|Sofia|F|19601022|35274|PA|EF||W000000543|W000000543|White|Jacob|M|CH|20131217|202606010000734|ACAS2026060100000734||TCN2026060100000734|SRC2026060100000734|002026060100000734|NY0001|NY0001||2|100000260|DR Brown MD|2|100000260|PV000260|DR Brown MD|4975 MEDICAL PLAZA||CA MEDICAL CTR|CA|82968|4|05|P|P|20260428|20260523|20260417|20260418|20260526||||06|194|36415||I|Y|03||4|||12|02|0110|112|1|3|426.00|426.00|308.38|0.00|0.00|PR1|CO45||117.62|117.62||40.00|40.00|3.63|11.55|11.55|62.44|62.44|0.00|0.00|0.00|308.38|0.00|0.00|0.00||N|||W000000543|P|W000000543|0|1|0.00|||1|05||426.00||N||||||1||05|2000000260|N|0.00|0.00|05|12||4|20260417|20260418||59||N||||||G47.33|Z79.899|Z87.891||Z23||||||36415|||||||11.55|40.00|3.63|N|4||AETNA
002026060100000735|1234567|0987654|N|001|AC123456|03|P|N||PPO|02|PKG0042|PPO001|2|F|W000000146|Hernandez|Ella|F|19720512|32715|WA|EE|617159707|W000000146|W000000146|Hernandez|Ella|F|EE|19720512|202606010000735|ACAS2026060100000735||TCN2026060100000735|SRC2026060100000735|002026060100000735|NY0001|NY0001||2|100000259|DR Williams MD|2|100000259|PV000259|DR Williams MD|2034 MEDICAL PLAZA||TX MEDICAL CTR|TX|90054|1|04|P|P|20260508|20260524|20260322|20260322|20260526||||||99291|TC|P|Y|04||M|||13||||2|1|544.53|544.53|383.18|0.00|0.00|PR1|CO45||161.35|161.35||0.00|0.00|46.88|24.23|24.23|90.24|90.24|0.00|0.00|0.00|383.18|0.00|0.00|0.00||N|||W000000146|P|W000000146|0|0|0.00|||2|04||544.53||||||||1||04|2000000259|N|0.00|0.00|04|13|||||59|GT||||||||Z79.899|G47.33|||||||||99291|||||||24.23|0.00|46.88|N|||AETNA
002026060100000736|1234567|0987654|N|001|AC123456|03|P|N||PPO|03|PKG0042|PPO001|3|F|W000000205|Taylor|William|M|19660217|98641|MA|EF||W000000470|W000000470|Taylor|Noah|M|CH|20100503|202606010000736|ACAS2026060100000736||TCN2026060100000736|SRC2026060100000736|002026060100000736|NY0001|NY0001||2|100000240|DR Thomas MD|2|100000240|PV000240|DR Thomas MD|2428 MEDICAL PLAZA||FL MEDICAL CTR|FL|50015|1|50|P|P|20260425|20260517|20260407|20260407|20260520||||||99205||P|Y|01||S|||22||||1|3|588.73|588.73|415.59|0.00|0.00|PR1|CO45||173.14|173.14||20.00|20.00|35.28|24.54|24.54|93.32|93.32|0.00|0.00|0.00|415.59|0.00|0.00|0.00||N|||W000000470|P|W000000470|0|0|0.00|||3|50||588.73||||||||1||50|2000000240|N|0.00|0.00|50|22||||||51||||||||Z00.00||||||||||99205|||||||24.54|20.00|35.28|N|||AETNA
002026060100000737|1234567|0987654|N|001|AC123456|03|P|N||PPO|01|PKG0042|PPO001|1|F|W000000209|Jackson|Joseph|M|19691124|20944|OH|EC||W000000512|W000000512|Jackson|Avery|F|SP|19770422|202606010000737|ACAS2026060100000737||TCN2026060100000737|SRC2026060100000737|002026060100000737|NY0001|NY0001||2|100000151|DR Thompson MD|2|100000151|PV000151|DR Thompson MD|288 MEDICAL PLAZA||IL MEDICAL CTR|IL|37937|1|01|P|P|20260523|20260531|20260420|20260420|20260602||||||99205|GT|P|Y|03||A|||23||||3|2|282.36|282.36|77.28|0.00|0.00|PR1|CO45||205.08|205.08||0.00|0.00|46.29|28.85|28.85|129.94|129.94|0.00|0.00|0.00|77.28|0.00|0.00|0.00||N|||W000000512|P|W000000512|0|0|0.00|||1|01||282.36||N||||||1||01|2000000151|N|0.00|0.00|01|23|||||GT|||||||||K21.0|M17.11|K21.0||||||||99205|||||||28.85|0.00|46.29|N|||AETNA
002026060100000738|1234567|0987654|N|001|AC123456|01|I|Y||PPO|03|PKG0042|PPO001|N|F|W000000234|Ramirez|Jacob|M|19911219|25757|NJ|ES|955103114|W000000234|W000000234|Ramirez|Jacob|M|EE|19911219|202606010000738|ACAS2026060100000738||TCN2026060100000738|SRC2026060100000738|002026060100000738|NY0001|NY0001||2|100000030|DR Robinson MD|2|100000030|PV000030|DR Robinson MD|6046 MEDICAL PLAZA||IL MEDICAL CTR|IL|26113|4|50|P|N|20260508|20260516|20260515|20260517|20260520||||11|378|99214|59|I|Y|04||S|||21|20|0300|131|2|1|1950.90|1950.90|795.92|0.00|0.00|PR1|CO45||1154.98|1154.98||20.00|20.00|234.15|195.17|195.17|705.66|705.66|0.00|0.00|0.00|795.92|0.00|0.00|0.00||N|||W000000234|P|W000000234|0|1|0.00|||N|50||1950.90||N|Y|N||||1||50|2000000030|N|0.00|0.00|50|21|4|3|20260515|20260517||||||||||E78.5|J30.9|J18.9||||||||99214|||||||195.17|20.00|234.15|N|3||AETNA
002026060100000739|1234567|0987654|N|001|AC123456|03|P|N||PPO|03|PKG0042|PPO001|2|F|W000000124|Young|Scarlett|F|19610205|58671|MA|EE||W000000517|W000000517|Young|Riley|F|CH|20180312|202606010000739|ACAS2026060100000739||TCN2026060100000739|SRC2026060100000739|002026060100000739|NY0001|NY0001||2|100000001|DR Smith MD|2|100000001|PV000001|DR Smith MD|1775 MEDICAL PLAZA||VA MEDICAL CTR|VA|47891|1|01|P|P|20260521|20260531|20260328|20260328|20260601||||||97110||P|Y|03||M|||22||||3|2|1409.30|1409.30|755.66|0.00|0.00|PR1|CO45||653.64|653.64||0.00|0.00|35.22|71.83|71.83|546.59|546.59|0.00|0.00|0.00|755.66|0.00|0.00|0.00||N|||W000000517|P|W000000517|0|0|0.00|||2|01||1409.30||N|N|||||1||01|2000000001|N|0.00|0.00|01|22||||||||||||||J45.909|I50.9|||||||||97110|||||||71.83|0.00|35.22|N|||AETNA
002026060100000740|1234567|0987654|N|001|AC123456|03|P|Y||PPO|01|PKG0042|PPO001|N|F|W000000038|Sanchez|David|M|19860820|86417|IL|EC||W000000629|W000000629|Sanchez|Elijah|M|CH|20040628|202606010000740|ACAS2026060100000740||TCN2026060100000740|SRC2026060100000740|002026060100000740|NY0001|NY0001||2|100000062|DR Robinson MD|2|100000062|PV000062|DR Robinson MD|6090 MEDICAL PLAZA||MI MEDICAL CTR|MI|77374|1|02|P|N|20260517|20260526|20260421|20260421|20260530||||||82947|59|P|Y|01||4|||24||||2|1|512.95|512.95|333.29|0.00|0.00|PR1|CO45||179.66|179.66||50.00|50.00|24.17|12.42|12.42|93.07|93.07|0.00|0.00|0.00|333.29|0.00|0.00|0.00||N|||W000000629|P|W000000629|0|0|0.00|||N|02||512.95|||N|Y||||1||02|2000000062|N|0.00|0.00|02|24||||||26||||||||I10|Z23|Z87.891||||||||82947|||||||12.42|50.00|24.17|N|||AETNA
002026060100000741|1234567|0987654|N|001|AC123456|01|I|N||PPO|01|PKG0042|PPO001|3|F|W000000246|Gonzalez|Ava|F|19820118|91913|CO|EC||W000000572|W000000572|Gonzalez|Emma|F|SP|19950708|202606010000741|ACAS2026060100000741||TCN2026060100000741|SRC2026060100000741|002026060100000741|NY0001|NY0001||2|100000130|DR Johnson MD|2|100000130|PV000130|DR Johnson MD|8654 MEDICAL PLAZA||MI MEDICAL CTR|MI|56230|4|10|P|P|20260430|20260520|20260524|20260525|20260523||||15|392|80061|25|I|Y|06||2|||13|05|0370|131|2|3|1147.63|1147.63|1147.63|0.00|0.00||CO45||0.00|0.00||30.00|30.00|0.00|0.00|0.00|0.00|0.00|0.00|0.00|0.00|0.00|0.00|0.00|0.00||N|||W000000572|D|W000000572|0|1|0.00|||3|10||1147.63||Y||||||1||10|2000000130|N|0.00|0.00|10|13|5|4|20260524|20260525|59|51||||||||R51||K57.30||Z79.899||||||80061|||||||0.00|30.00|0.00|N|4||AETNA
002026060100000742|1234567|0987654|N|001|AC123456|01|I|N||PPO|02|PKG0042|PPO001|2|F|W000000073|Rodriguez|David|M|19730609|98659|NY|EE||W000000534|W000000534|Rodriguez|Liam|M|CH|20210505|202606010000742|ACAS2026060100000742||TCN2026060100000742|SRC2026060100000742|002026060100000742|NY0001|NY0001||2|100000224|DR Young MD|2|100000224|PV000224|DR Young MD|253 MEDICAL PLAZA||AZ MEDICAL CTR|AZ|21832|4|40|P|P|20260509|20260529|20260503|20260505|20260531||||04|379|99213|TC|I|Y|08||B|||12|20|0250|121|1|2|803.89|803.89|521.90|0.00|0.00|PR1|CO45||281.99|281.99||50.00|50.00|73.29|32.37|32.37|126.33|126.33|0.00|0.00|0.00|521.90|0.00|0.00|0.00||N|||W000000534|P|W000000534|0|1|0.00|||2|40||803.89||Y|Y|||||1||40|2000000224|N|0.00|0.00|40|12|4|9|20260503|20260505|AT|26||||||||I10|Z87.891|||R51||||||99213|||||||32.37|50.00|73.29|N|9||AETNA
002026060100000743|1234567|0987654|N|001|AC123456|01|I|Y||PPO|01|PKG0042|PPO001|N|F|W000000320|Brown|Sebastian|M|19610625|93316|VA|EF||W000000445|W000000445|Brown|Sofia|F|CH|20101222|202606010000743|ACAS2026060100000743||TCN2026060100000743|SRC2026060100000743|002026060100000743|NY0001|NY0001||2|100000137|DR Rodriguez MD|2|100000137|PV000137|DR Rodriguez MD|8736 MEDICAL PLAZA||MI MEDICAL CTR|MI|76219|4|02|P|N|20260504|20260522|20260314|20260316|20260526||||15|291|99395||I|Y|08||B|||13|07|0250|132|1|2|1226.42|1226.42|486.47|0.00|0.00|PR1|CO45||739.95|739.95||75.00|75.00|52.68|136.03|136.03|476.24|476.24|0.00|0.00|0.00|486.47|0.00|0.00|0.00||N|||W000000445|P|W000000445|0|1|0.00|||N|02||1226.42||||||||1||02|2000000137|N|0.00|0.00|02|13|5|2|20260314|20260316|59|50|N|||||||E11.65|||E66.9|||||||99395|||||||136.03|75.00|52.68|N|2||AETNA
002026060100000744|1234567|0987654|N|001|AC123456|03|P|Y||PPO|03|PKG0042|PPO001|N|F|W000000190|Sanchez|Ava|F|19910217|55973|CO|EF|877969812|W000000190|W000000190|Sanchez|Ava|F|EE|19910217|202606010000744|ACAS2026060100000744||TCN2026060100000744|SRC2026060100000744|002026060100000744|NY0001|NY0001||2|100000007|DR Miller MD|2|100000007|PV000007|DR Miller MD|4891 MEDICAL PLAZA||MI MEDICAL CTR|MI|94980|1|07|P|N|20260501|20260513|20260517|20260517|20260517||||||99396|26|P|Y|08||N|||24||||2|1|212.16|212.16|78.15|0.00|0.00|PR1|CO45||134.01|134.01||40.00|40.00|23.96|8.91|8.91|61.14|61.14|0.00|0.00|0.00|78.15|0.00|0.00|0.00||N|||W000000190|P|W000000190|0|0|0.00|||N|07||212.16||||Y||||1||07|2000000007|N|0.00|0.00|07|24||||||GT||||||||J45.909|K57.30|Z12.31||||||||99396|||||||8.91|40.00|23.96|N|||AETNA
002026060100000745|1234567|0987654|N|001|AC123456|03|P|N||PPO|02|PKG0042|PPO001|2|F|W000000259|Lopez|Ella|F|19781225|14247|NC|EF||W000000557|W000000557|Lopez|Emma|F|SP|19870426|202606010000745|ACAS2026060100000745||TCN2026060100000745|SRC2026060100000745|002026060100000745|NY0001|NY0001||2|100000064|DR Young MD|2|100000064|PV000064|DR Young MD|9896 MEDICAL PLAZA||PA MEDICAL CTR|PA|96547|1|04|P|P|20260427|20260516|20260423|20260423|20260517||||||90847|51|P|Y|01||4|||32||||1|3|587.68|587.68|354.18|0.00|0.00|PR1|CO45||233.50|233.50||30.00|30.00|11.00|34.17|34.17|158.33|158.33|0.00|0.00|0.00|354.18|0.00|0.00|0.00||N|||W000000557|P|W000000557|0|0|0.00|||2|04||587.68||N||||||1||04|2000000064|N|0.00|0.00|04|32|||||50|51||||||||E11.65|J06.9|J45.909||||||||90847|||||||34.17|30.00|11.00|N|||AETNA
002026060100000746|1234567|0987654|N|001|AC123456|03|P|N||PPO|02|PKG0042|PPO001|1|F|W000000255|Brown|Nora|F|19911203|33597|OH|EC|632615074|W000000255|W000000255|Brown|Nora|F|EE|19911203|202606010000746|ACAS2026060100000746||TCN2026060100000746|SRC2026060100000746|002026060100000746|NY0001|NY0001||2|100000294|DR Garcia MD|2|100000294|PV000294|DR Garcia MD|2282 MEDICAL PLAZA||FL MEDICAL CTR|FL|70740|1|09|P|P|20260524|20260531|20260414|20260414|20260604||||||90847|95|P|Y|04||F|||99||||3|3|633.12|633.12|315.00|0.00|0.00|PR1|CO45||318.12|318.12||20.00|20.00|91.45|41.15|41.15|165.52|165.52|0.00|0.00|0.00|315.00|0.00|0.00|0.00||N|||W000000255|P|W000000255|0|0|0.00|||1|09||633.12||N||||||1||09|2000000294|N|0.00|0.00|09|99|||||25|||||||||I50.9||||||||||90847|||||||41.15|20.00|91.45|N|||AETNA
002026060100000747|1234567|0987654|N|001|AC123456|03|P|N||PPO|03|PKG0042|PPO001|2|F|W000000373|Rodriguez|Isabella|F|19730623|17957|WA|EC|473612448|W000000373|W000000373|Rodriguez|Isabella|F|EE|19730623|202606010000747|ACAS2026060100000747||TCN2026060100000747|SRC2026060100000747|002026060100000747|NY0001|NY0001||2|100000297|DR Rodriguez MD|2|100000297|PV000297|DR Rodriguez MD|5102 MEDICAL PLAZA||AZ MEDICAL CTR|AZ|24892|1|12|P|P|20260504|20260520|20260520|20260520|20260521||||||99232|AT|P|Y|06||1|||22||||1|2|1130.14|1130.14|721.60|0.00|0.00|PR1|CO45||408.54|408.54||50.00|50.00|30.91|43.76|43.76|283.87|283.87|0.00|0.00|0.00|721.60|0.00|0.00|0.00||N|||W000000373|P|W000000373|0|0|0.00|||2|12||1130.14||||||||1||12|2000000297|N|0.00|0.00|12|22|||||TC|26||||||||M79.3||||||||||99232|||||||43.76|50.00|30.91|N|||AETNA
002026060100000748|1234567|0987654|N|001|AC123456|03|P|N||PPO|02|PKG0042|PPO001|3|F|W000000221|Thompson|Aria|F|19920301|37999|CA|EE|677706068|W000000221|W000000221|Thompson|Aria|F|EE|19920301|202606010000748|ACAS2026060100000748||TCN2026060100000748|SRC2026060100000748|002026060100000748|NY0001|NY0001||2|100000114|DR Moore MD|2|100000114|PV000114|DR Moore MD|2155 MEDICAL PLAZA||FL MEDICAL CTR|FL|47749|1|09|P|P|20260512|20260520|20260513|20260513|20260521||||||97110||P|Y|02||1|||24||||2|1|389.88|389.88|218.54|0.00|0.00|PR1|CO45||171.34|171.34||40.00|40.00|37.35|16.69|16.69|77.30|77.30|0.00|0.00|0.00|218.54|0.00|0.00|0.00||N|||W000000221|P|W000000221|0|0|0.00|||3|09||389.88||||||||1||09|2000000114|N|0.00|0.00|09|24|||||GT|||||||||G47.33||||||||||97110|||||||16.69|40.00|37.35|N|||AETNA
002026060100000749|1234567|0987654|N|001|AC123456|03|P|Y||PPO|02|PKG0042|PPO001|N|F|W000000220|Jackson|Harper|F|19710325|41661|FL|ES|948611384|W000000220|W000000220|Jackson|Harper|F|EE|19710325|202606010000749|ACAS2026060100000749||TCN2026060100000749|SRC2026060100000749|002026060100000749|NY0001|NY0001||2|100000242|DR Moore MD|2|100000242|PV000242|DR Moore MD|2652 MEDICAL PLAZA||AZ MEDICAL CTR|AZ|77541|1|02|P|N|20260524|20260530|20260309|20260309|20260601||||||71046||P|Y|06||S|||31||||2|3|79.44|79.44|21.24|0.00|0.00|PR1|CO45||58.20|58.20||50.00|50.00|4.04|0.81|0.81|3.35|3.35|0.00|0.00|0.00|21.24|0.00|0.00|0.00||N|||W000000220|P|W000000220|0|0|0.00|||N|02||79.44|||N|||||1||02|2000000242|N|0.00|0.00|02|31||||||AT||||||||M79.3|M17.11|||||||||71046|||||||0.81|50.00|4.04|N|||AETNA
002026060100000750|1234567|0987654|N|001|AC123456|03|P|N||PPO|01|PKG0042|PPO001|3|F|W000000111|Garcia|Mia|F|19871209|63080|MI|EF|449202842|W000000111|W000000111|Garcia|Mia|F|EE|19871209|202606010000750|ACAS2026060100000750||TCN2026060100000750|SRC2026060100000750|002026060100000750|NY0001|NY0001||2|100000216|DR White MD|2|100000216|PV000216|DR White MD|5305 MEDICAL PLAZA||MA MEDICAL CTR|MA|36650|1|06|P|P|20260510|20260519|20260407|20260407|20260523||||||85025|59|P|Y|04||A|||23||||3|2|265.22|265.22|265.22|0.00|0.00||CO45||0.00|0.00||0.00|0.00|0.00|0.00|0.00|0.00|0.00|0.00|0.00|0.00|0.00|0.00|0.00|0.00||N|||W000000111|D|W000000111|0|0|0.00|||3|06||265.22||N||||||1||06|2000000216|N|0.00|0.00|06|23|||||25|TC||||||||E11.65||Z23||M54.5||||||85025|||||||0.00|0.00|0.00|N|||AETNA
002026060100000751|1234567|0987654|N|001|AC123456|03|P|N||PPO|02|PKG0042|PPO001|3|F|W000000106|Rodriguez|Matthew|M|19670507|98809|MA|EC||W000000673|W000000673|Rodriguez|Avery|F|CH|20170527|202606010000751|ACAS2026060100000751||TCN2026060100000751|SRC2026060100000751|002026060100000751|NY0001|NY0001||2|100000280|DR White MD|2|100000280|PV000280|DR White MD|3468 MEDICAL PLAZA||MI MEDICAL CTR|MI|77141|1|10|P|P|20260515|20260522|20260510|20260510|20260523||||||99283|95|P|Y|08||4|||24||||3|2|631.51|631.51|206.31|0.00|0.00|PR1|CO45||425.20|425.20||0.00|0.00|84.10|53.33|53.33|287.77|287.77|0.00|0.00|0.00|206.31|0.00|0.00|0.00||N|||W000000673|P|W000000673|0|0|0.00|||3|10||631.51||||||||1||10|2000000280|N|0.00|0.00|10|24|||||AT|||||||||M54.5||||||||||99283|||||||53.33|0.00|84.10|N|||AETNA
002026060100000752|1234567|0987654|N|001|AC123456|01|I|N||PPO|01|PKG0042|PPO001|3|F|W000000104|Perez|Mia|F|19760228|50706|MA|EC|863299020|W000000104|W000000104|Perez|Mia|F|EE|19760228|202606010000752|ACAS2026060100000752||TCN2026060100000752|SRC2026060100000752|002026060100000752|NY0001|NY0001||2|100000267|DR Hernandez MD|2|100000267|PV000267|DR Hernandez MD|7197 MEDICAL PLAZA||CO MEDICAL CTR|CO|59643|4|12|P|P|20260503|20260519|20260513|20260515|20260523||||14|392|82947|26|I|Y|03||F|||24|07|0730|111|1|1|702.26|702.26|336.87|0.00|0.00|PR1|CO45||365.39|365.39||0.00|0.00|36.00|43.63|43.63|285.76|285.76|0.00|0.00|0.00|336.87|0.00|0.00|0.00||N|||W000000104|P|W000000104|0|1|0.00|||3|12||702.26||Y||||||1||12|2000000267|N|0.00|0.00|12|24|1||20260513|20260515|AT|26|Y|||||||E11.9|||F41.9|||||||82947|||||||43.63|0.00|36.00|N|||AETNA
002026060100000753|1234567|0987654|N|001|AC123456|03|P|N||PPO|03|PKG0042|PPO001|2|F|W000000061|Johnson|Aiden|M|19881221|15399|GA|ES|288289895|W000000061|W000000061|Johnson|Aiden|M|EE|19881221|202606010000753|ACAS2026060100000753||TCN2026060100000753|SRC2026060100000753|002026060100000753|NY0001|NY0001||2|100000189|DR Lewis MD|2|100000189|PV000189|DR Lewis MD|4802 MEDICAL PLAZA||OH MEDICAL CTR|OH|77335|1|09|P|P|20260508|20260526|20260421|20260421|20260527||||||99291|50|P|Y|08||M|||11||||1|2|2782.72|2782.72|1754.45|0.00|0.00|PR1|CO45||1028.27|1028.27||50.00|50.00|252.59|170.86|170.86|554.82|554.82|0.00|0.00|0.00|1754.45|0.00|0.00|0.00||N|||W000000061|P|W000000061|0|0|0.00|||2|09||2782.72|||Y|||||1||09|2000000189|N|0.00|0.00|09|11|||||25|GT||||||||F32.9|J45.909|||||||||99291|||||||170.86|50.00|252.59|N|||AETNA
002026060100000754|1234567|0987654|N|001|AC123456|03|P|Y||PPO|02|PKG0042|PPO001|N|F|W000000262|Anderson|Riley|F|19721127|80789|NJ|EF||W000000656|W000000656|Anderson|Jackson|M|CH|20160713|202606010000754|ACAS2026060100000754||TCN2026060100000754|SRC2026060100000754|002026060100000754|NY0001|NY0001||2|100000119|DR Thompson MD|2|100000119|PV000119|DR Thompson MD|6084 MEDICAL PLAZA||IL MEDICAL CTR|IL|53666|1|40|P|N|20260507|20260527|20260327|20260327|20260529||||||82947|51|P|Y|01||B|||99||||1|2|1091.53|1091.53|1091.53|0.00|0.00||CO45||0.00|0.00||40.00|40.00|0.00|0.00|0.00|0.00|0.00|0.00|0.00|0.00|0.00|0.00|0.00|0.00||N|||W000000656|D|W000000656|0|0|0.00|||N|40||1091.53||Y||||||1||40|2000000119|N|0.00|0.00|40|99||||||||||||||Z12.31|Z00.00|G47.33|I50.9|||||||82947|||||||0.00|40.00|0.00|N|||AETNA
002026060100000755|1234567|0987654|N|001|AC123456|03|P|N||PPO|01|PKG0042|PPO001|1|F|W000000389|Wilson|Jacob|M|19670418|27706|NJ|EC|196396750|W000000389|W000000389|Wilson|Jacob|M|EE|19670418|202606010000755|ACAS2026060100000755||TCN2026060100000755|SRC2026060100000755|002026060100000755|NY0001|NY0001||2|100000188|DR Ramirez MD|2|100000188|PV000188|DR Ramirez MD|1465 MEDICAL PLAZA||GA MEDICAL CTR|GA|29295|1|08|P|P|20260503|20260518|20260326|20260326|20260520||||||90847|50|P|Y|02||1|||13||||1|2|712.87|712.87|356.23|0.00|0.00|PR1|CO45||356.64|356.64||20.00|20.00|91.49|28.96|28.96|216.19|216.19|0.00|0.00|0.00|356.23|0.00|0.00|0.00||N|||W000000389|P|W000000389|0|0|0.00|||1|08||712.87||Y||Y||||1||08|2000000188|N|0.00|0.00|08|13|||||TC|||||||||E11.65||F32.9||||||||90847|||||||28.96|20.00|91.49|N|||AETNA
002026060100000756|1234567|0987654|N|001|AC123456|03|P|Y||PPO|02|PKG0042|PPO001|N|F|W000000307|Miller|Alexander|M|19830609|66551|IL|EE|381652441|W000000307|W000000307|Miller|Alexander|M|EE|19830609|202606010000756|ACAS2026060100000756||TCN2026060100000756|SRC2026060100000756|002026060100000756|NY0001|NY0001||2|100000096|DR Young MD|2|100000096|PV000096|DR Young MD|3225 MEDICAL PLAZA||NJ MEDICAL CTR|NJ|42040|1|06|P|N|20260509|20260518|20260511|20260511|20260522||||||90847||P|Y|04||1|||99||||2|1|647.08|647.08|428.09|0.00|0.00|PR1|CO45||218.99|218.99||20.00|20.00|21.73|18.66|18.66|158.60|158.60|0.00|0.00|0.00|428.09|0.00|0.00|0.00||N|||W000000307|P|W000000307|0|0|0.00|||N|06||647.08||||||||1||06|2000000096|N|0.00|0.00|06|99||||||||||||||Z12.31|M79.3|||||||||90847|||||||18.66|20.00|21.73|N|||AETNA
002026060100000757|1234567|0987654|N|001|AC123456|01|I|N||PPO|03|PKG0042|PPO001|3|F|W000000124|Young|Scarlett|F|19610205|58671|MA|EE||W000000517|W000000517|Young|Riley|F|CH|20180312|202606010000757|ACAS2026060100000757||TCN2026060100000757|SRC2026060100000757|002026060100000757|NY0001|NY0001||2|100000105|DR Rodriguez MD|2|100000105|PV000105|DR Rodriguez MD|3904 MEDICAL PLAZA||MA MEDICAL CTR|MA|68907|4|50|P|P|20260523|20260528|20260327|20260328|20260601||||15|378|99203||I|Y|07||A|||13|20|0200|111|2|2|1700.29|1700.29|924.59|0.00|0.00|PR1|CO45||775.70|775.70||40.00|40.00|173.22|60.04|60.04|502.44|502.44|0.00|0.00|0.00|924.59|0.00|0.00|0.00||N|||W000000517|P|W000000517|0|1|0.00|||3|50||1700.29|||N|||||1||50|2000000105|N|0.00|0.00|50|13|2|1|20260327|20260328|26|51||||||||E78.5|J06.9|||||||||99203|||||||60.04|40.00|173.22|N|1||AETNA
002026060100000758|1234567|0987654|N|001|AC123456|03|P|N||PPO|01|PKG0042|PPO001|3|F|W000000269|Smith|Zoey|F|19750226|23329|CO|EC|985957441|W000000269|W000000269|Smith|Zoey|F|EE|19750226|202606010000758|ACAS2026060100000758||TCN2026060100000758|SRC2026060100000758|002026060100000758|NY0001|NY0001||2|100000183|DR Thompson MD|2|100000183|PV000183|DR Thompson MD|6077 MEDICAL PLAZA||NY MEDICAL CTR|NY|89029|1|03|P|P|20260505|20260527|20260312|20260312|20260528||||||99291|95|P|Y|03||N|||24||||1|3|402.79|402.79|174.24|0.00|0.00|PR1|CO45||228.55|228.55||75.00|75.00|38.36|14.83|14.83|100.36|100.36|0.00|0.00|0.00|174.24|0.00|0.00|0.00||N|||W000000269|P|W000000269|0|0|0.00|||3|03||402.79||N||N||||1||03|2000000183|N|0.00|0.00|03|24|||||TC|25|Y|||||||E11.65|J30.9|Z23|I50.9|||||||99291|||||||14.83|75.00|38.36|N|||AETNA
002026060100000759|1234567|0987654|N|001|AC123456|03|P|N||PPO|03|PKG0042|PPO001|3|F|W000000090|Martinez|Grace|F|19720122|83871|MI|EC|228764119|W000000090|W000000090|Martinez|Grace|F|EE|19720122|202606010000759|ACAS2026060100000759||TCN2026060100000759|SRC2026060100000759|002026060100000759|NY0001|NY0001||2|100000172|DR Lopez MD|2|100000172|PV000172|DR Lopez MD|162 MEDICAL PLAZA||NJ MEDICAL CTR|NJ|43033|1|07|P|P|20260421|20260520|20260508|20260508|20260522||||||99396|59|P|Y|02||M|||11||||3|1|590.38|590.38|225.72|0.00|0.00|PR1|CO45||364.66|364.66||75.00|75.00|64.83|42.99|42.99|181.84|181.84|0.00|0.00|0.00|225.72|0.00|0.00|0.00||N|||W000000090|P|W000000090|0|0|0.00|||3|07||590.38||||||||1||07|2000000172|N|0.00|0.00|07|11||||||||||||||E78.5|M79.3||E66.9|||||||99396|||||||42.99|75.00|64.83|N|||AETNA
002026060100000760|1234567|0987654|N|001|AC123456|03|P|N||PPO|02|PKG0042|PPO001|1|F|W000000138|Thompson|Lucas|M|19860210|21496|GA|EF||W000000511|W000000511|Thompson|Carter|M|SP|19800515|202606010000760|ACAS2026060100000760||TCN2026060100000760|SRC2026060100000760|002026060100000760|NY0001|NY0001||2|100000175|DR Anderson MD|2|100000175|PV000175|DR Anderson MD|7914 MEDICAL PLAZA||WA MEDICAL CTR|WA|90667|1|10|P|P|20260504|20260516|20260525|20260525|20260519||||||71046||P|Y|02||2|||22||||2|1|263.52|263.52|165.59|0.00|0.00|PR1|CO45||97.93|97.93||30.00|30.00|14.03|5.53|5.53|48.37|48.37|0.00|0.00|0.00|165.59|0.00|0.00|0.00||N|||W000000511|P|W000000511|0|0|0.00|||1|10||263.52||||||||1||10|2000000175|N|0.00|0.00|10|22|||||26|AT||Y||||||I10||F41.9||K21.0||||||71046|||||||5.53|30.00|14.03|N|||AETNA
002026060100000761|1234567|0987654|N|001|AC123456|03|P|Y||PPO|02|PKG0042|PPO001|N|F|W000000124|Young|Scarlett|F|19610205|58671|MA|EE|372458074|W000000124|W000000124|Young|Scarlett|F|EE|19610205|202606010000761|ACAS2026060100000761||TCN2026060100000761|SRC2026060100000761|002026060100000761|NY0001|NY0001||2|100000116|DR Martin MD|2|100000116|PV000116|DR Martin MD|8592 MEDICAL PLAZA||MI MEDICAL CTR|MI|90124|1|11|P|N|20260518|20260528|20260307|20260307|20260531||||||80061|26|P|Y|05||2|||12||||2|2|2221.79|2221.79|693.20|0.00|0.00|PR1|CO45||1528.59|1528.59||50.00|50.00|275.27|172.09|172.09|1031.23|1031.23|0.00|0.00|0.00|693.20|0.00|0.00|0.00||N|||W000000124|P|W000000124|0|0|0.00|||N|11||2221.79|||N|||||1||11|2000000116|N|0.00|0.00|11|12|||||AT|25||||||||J45.909|E11.65|G47.33||||||||80061|||||||172.09|50.00|275.27|N|||AETNA
002026060100000762|1234567|0987654|N|001|AC123456|01|I|Y||PPO|01|PKG0042|PPO001|N|F|W000000388|Lopez|Henry|M|19761211|32831|NJ|EE|640423471|W000000388|W000000388|Lopez|Henry|M|EE|19761211|202606010000762|ACAS2026060100000762||TCN2026060100000762|SRC2026060100000762|002026060100000762|NY0001|NY0001||2|100000123|DR Clark MD|2|100000123|PV000123|DR Clark MD|9602 MEDICAL PLAZA||NJ MEDICAL CTR|NJ|11121|4|03|P|N|20260515|20260527|20260413|20260413|20260531||||01|872|80061|TC|I|Y|07||F|||21|04|0370|211|1|3|928.55|928.55|520.20|0.00|0.00|PR1|CO45||408.35|408.35||0.00|0.00|16.62|42.59|42.59|349.14|349.14|0.00|0.00|0.00|520.20|0.00|0.00|0.00||N|||W000000388|P|W000000388|0|1|0.00|||N|03||928.55||||||||1||03|2000000123|N|0.00|0.00|03|21|2|1|20260413|20260413|26|||||||||I50.9||||||||||80061|||||||42.59|0.00|16.62|N|1||AETNA
002026060100000763|1234567|0987654|N|001|AC123456|01|I|N||PPO|02|PKG0042|PPO001|3|F|W000000312|Lewis|Emily|F|19850905|68052|VA|EC||W000000665|W000000665|Lewis|Avery|F|CH|20020805|202606010000763|ACAS2026060100000763||TCN2026060100000763|SRC2026060100000763|002026060100000763|NY0001|NY0001||2|100000004|DR Brown MD|2|100000004|PV000004|DR Brown MD|8612 MEDICAL PLAZA||PA MEDICAL CTR|PA|48724|4|04|P|P|20260506|20260516|20260323|20260327|20260519||||14|379|99395|51|I|Y|05||F|||31|03|0636|122|3|2|364.53|364.53|223.98|0.00|0.00|PR1|CO45||140.55|140.55||75.00|75.00|17.24|7.76|7.76|40.55|40.55|0.00|0.00|0.00|223.98|0.00|0.00|0.00||N|||W000000665|P|W000000665|0|1|0.00|||3|04||364.53||N||N||||1||04|2000000004|N|0.00|0.00|04|31|5|2|20260323|20260327||25||||||||J06.9|J06.9|M79.3||||||||99395|||||||7.76|75.00|17.24|N|2||AETNA
002026060100000764|1234567|0987654|N|001|AC123456|01|I|N||PPO|02|PKG0042|PPO001|3|F|W000000262|Anderson|Riley|F|19721127|80789|NJ|EF||W000000656|W000000656|Anderson|Jackson|M|CH|20160713|202606010000764|ACAS2026060100000764||TCN2026060100000764|SRC2026060100000764|002026060100000764|NY0001|NY0001||2|100000181|DR Lee MD|2|100000181|PV000181|DR Lee MD|7851 MEDICAL PLAZA||CO MEDICAL CTR|CO|25299|4|01|P|P|20260508|20260518|20260430|20260502|20260519||||10|683|99396||I|Y|08||S|||11|20|0730|111|2|1|603.48|603.48|393.73|0.00|0.00|PR1|CO45||209.75|209.75||0.00|0.00|11.18|21.30|21.30|177.27|177.27|0.00|0.00|0.00|393.73|0.00|0.00|0.00||N|||W000000656|P|W000000656|0|1|0.00|||3|01||603.48||||||||1||01|2000000181|N|0.00|0.00|01|11|5|4|20260430|20260502|50|50||||||||M17.11||||||||||99396|||||||21.30|0.00|11.18|N|4||AETNA
002026060100000765|1234567|0987654|N|001|AC123456|01|I|N||PPO|02|PKG0042|PPO001|2|F|W000000253|Robinson|Elijah|M|19650419|21540|FL|ES|189188671|W000000253|W000000253|Robinson|Elijah|M|EE|19650419|202606010000765|ACAS2026060100000765||TCN2026060100000765|SRC2026060100000765|002026060100000765|NY0001|NY0001||2|100000173|DR Gonzalez MD|2|100000173|PV000173|DR Gonzalez MD|8004 MEDICAL PLAZA||NC MEDICAL CTR|NC|55154|4|08|P|P|20260427|20260514|20260502|20260505|20260517||||09|871|99203||I|Y|01||B|||23|20|0250|132|3|3|1025.77|1025.77|1025.77|0.00|0.00||CO45||0.00|0.00||30.00|30.00|0.00|0.00|0.00|0.00|0.00|0.00|0.00|0.00|0.00|0.00|0.00|0.00||N|||W000000253|D|W000000253|0|1|0.00|||2|08||1025.77||N||||||1||08|2000000173|N|0.00|0.00|08|23|4||20260502|20260505|25|||||||||M17.11|E11.65|||||||||99203|||||||0.00|30.00|0.00|N|||AETNA
002026060100000766|1234567|0987654|N|001|AC123456|01|I|Y||PPO|03|PKG0042|PPO001|N|F|W000000007|Davis|James|M|19610916|98986|MI|EE||W000000547|W000000547|Davis|Scarlett|F|SP|19670505|202606010000766|ACAS2026060100000766||TCN2026060100000766|SRC2026060100000766|002026060100000766|NY0001|NY0001||2|100000281|DR Harris MD|2|100000281|PV000281|DR Harris MD|5309 MEDICAL PLAZA||TX MEDICAL CTR|TX|71292|4|11|P|N|20260423|20260517|20260508|20260511|20260521||||03|196|99213|25|I|Y|05||2|||21|04|0900|131|2|1|537.48|537.48|307.93|0.00|0.00|PR1|CO45||229.55|229.55||50.00|50.00|8.80|34.71|34.71|136.04|136.04|0.00|0.00|0.00|307.93|0.00|0.00|0.00||N|||W000000547|P|W000000547|0|1|0.00|||N|11||537.48||N||||||1||11|2000000281|N|0.00|0.00|11|21|4|9|20260508|20260511|GT|26||||||||I50.9|F41.9||M54.5|||||||99213|||||||34.71|50.00|8.80|N|9||AETNA
002026060100000767|1234567|0987654|N|001|AC123456|03|P|Y||PPO|03|PKG0042|PPO001|N|F|W000000246|Gonzalez|Ava|F|19820118|91913|CO|EC||W000000429|W000000429|Gonzalez|Oliver|M|CH|20080708|202606010000767|ACAS2026060100000767||TCN2026060100000767|SRC2026060100000767|002026060100000767|NY0001|NY0001||2|100000152|DR White MD|2|100000152|PV000152|DR White MD|5395 MEDICAL PLAZA||FL MEDICAL CTR|FL|74479|1|02|P|N|20260421|20260513|20260509|20260509|20260514||||||99205|50|P|Y|02||4|||21||||3|2|422.29|422.29|214.65|0.00|0.00|PR1|CO45||207.64|207.64||75.00|75.00|13.24|25.04|25.04|94.36|94.36|0.00|0.00|0.00|214.65|0.00|0.00|0.00||N|||W000000429|P|W000000429|0|0|0.00|||N|02||422.29||Y|N|||||1||02|2000000152|N|0.00|0.00|02|21|||||51|AT|N|||||||G43.909|E11.9||S93.401|||||||99205|||||||25.04|75.00|13.24|N|||AETNA
002026060100000768|1234567|0987654|N|001|AC123456|01|I|N||PPO|02|PKG0042|PPO001|3|F|W000000336|Young|Scarlett|F|19730316|15878|FL|EE|936404770|W000000336|W000000336|Young|Scarlett|F|EE|19730316|202606010000768|ACAS2026060100000768||TCN2026060100000768|SRC2026060100000768|002026060100000768|NY0001|NY0001||2|100000141|DR Gonzalez MD|2|100000141|PV000141|DR Gonzalez MD|7862 MEDICAL PLAZA||NJ MEDICAL CTR|NJ|40641|4|06|P|P|20260430|20260528|20260417|20260418|20260601||||05|378|80053||I|Y|01||B|||21|01|0636|131|1|3|381.41|381.41|243.56|0.00|0.00|PR1|CO45||137.85|137.85||20.00|20.00|32.34|11.43|11.43|74.08|74.08|0.00|0.00|0.00|243.56|0.00|0.00|0.00||N|||W000000336|P|W000000336|0|1|0.00|||3|06||381.41||||||||1||06|2000000141|N|0.00|0.00|06|21|5|9|20260417|20260418|||Y|||||||J45.909|J18.9||M17.11|||||||80053|||||||11.43|20.00|32.34|N|9||AETNA
002026060100000769|1234567|0987654|N|001|AC123456|01|I|N||PPO|03|PKG0042|PPO001|2|F|W000000098|Taylor|Alexander|M|19850323|42178|TX|EE|883113461|W000000098|W000000098|Taylor|Alexander|M|EE|19850323|202606010000769|ACAS2026060100000769||TCN2026060100000769|SRC2026060100000769|002026060100000769|NY0001|NY0001||2|100000021|DR Lee MD|2|100000021|PV000021|DR Lee MD|9629 MEDICAL PLAZA||NC MEDICAL CTR|NC|43999|4|06|P|P|20260513|20260526|20260519|20260522|20260527||||07|683|99396|95|I|Y|05||2|||31|02|0900|112|3|2|887.24|887.24|361.07|0.00|0.00|PR1|CO45||526.17|526.17||40.00|40.00|86.79|91.97|91.97|307.41|307.41|0.00|0.00|0.00|361.07|0.00|0.00|0.00||N|||W000000098|P|W000000098|0|1|0.00|||2|06||887.24||Y||||||1||06|2000000021|N|0.00|0.00|06|31|1|1|20260519|20260522|59|59||||||||J06.9||||||||||99396|||||||91.97|40.00|86.79|N|1||AETNA
002026060100000770|1234567|0987654|N|001|AC123456|03|P|N||PPO|02|PKG0042|PPO001|2|F|W000000264|Thompson|Emma|F|19730622|39353|CO|EF|780375313|W000000264|W000000264|Thompson|Emma|F|EE|19730622|202606010000770|ACAS2026060100000770||TCN2026060100000770|SRC2026060100000770|002026060100000770|NY0001|NY0001||2|100000060|DR Ramirez MD|2|100000060|PV000060|DR Ramirez MD|5369 MEDICAL PLAZA||NC MEDICAL CTR|NC|82599|1|50|P|P|20260510|20260527|20260317|20260317|20260528||||||82947|TC|P|Y|08||A|||32||||3|1|490.61|490.61|176.37|0.00|0.00|PR1|CO45||314.24|314.24||20.00|20.00|2.23|59.44|59.44|232.57|232.57|0.00|0.00|0.00|176.37|0.00|0.00|0.00||N|||W000000264|P|W000000264|0|0|0.00|||2|50||490.61||||||||1||50|2000000060|N|0.00|0.00|50|32|||||51|25||||||||Z23||Z87.891||||||||82947|||||||59.44|20.00|2.23|N|||AETNA
002026060100000771|1234567|0987654|N|001|AC123456|03|P|Y||PPO|01|PKG0042|PPO001|N|F|W000000144|Jackson|Emily|F|19601211|38734|NY|EF||W000000457|W000000457|Jackson|Isabella|F|CH|20070412|202606010000771|ACAS2026060100000771||TCN2026060100000771|SRC2026060100000771|002026060100000771|NY0001|NY0001||2|100000102|DR Garcia MD|2|100000102|PV000102|DR Garcia MD|5080 MEDICAL PLAZA||NY MEDICAL CTR|NY|81543|1|12|P|N|20260516|20260530|20260414|20260414|20260601||||||99203||P|Y|07||F|||22||||1|1|452.28|452.28|262.45|0.00|0.00|PR1|CO45||189.83|189.83||0.00|0.00|44.91|15.72|15.72|129.20|129.20|0.00|0.00|0.00|262.45|0.00|0.00|0.00||N|||W000000457|P|W000000457|0|0|0.00|||N|12||452.28||N||||||1||12|2000000102|N|0.00|0.00|12|22||||||59||||||||K57.30||||||||||99203|||||||15.72|0.00|44.91|N|||AETNA
002026060100000772|1234567|0987654|N|001|AC123456|03|P|Y||PPO|02|PKG0042|PPO001|N|F|W000000081|Martin|Chloe|F|19930921|24037|WA|EE||W000000691|W000000691|Martin|Liam|M|CH|20201123|202606010000772|ACAS2026060100000772||TCN2026060100000772|SRC2026060100000772|002026060100000772|NY0001|NY0001||2|100000114|DR Moore MD|2|100000114|PV000114|DR Moore MD|8642 MEDICAL PLAZA||CA MEDICAL CTR|CA|24911|1|09|P|N|20260511|20260517|20260311|20260311|20260520||||||97110||P|Y|07||1|||12||||2|1|213.65|213.65|59.28|0.00|0.00|PR1|CO45||154.37|154.37||30.00|30.00|42.12|13.66|13.66|68.59|68.59|0.00|0.00|0.00|59.28|0.00|0.00|0.00||N|||W000000691|P|W000000691|0|0|0.00|||N|09||213.65||N||N||||1||09|2000000114|N|0.00|0.00|09|12|||||51|50||||||||F41.9||Z87.891||||||||97110|||||||13.66|30.00|42.12|N|||AETNA
002026060100000773|1234567|0987654|N|001|AC123456|03|P|N||PPO|02|PKG0042|PPO001|1|F|W000000004|Lee|Zoey|F|19730727|23341|PA|EE|427284552|W000000004|W000000004|Lee|Zoey|F|EE|19730727|202606010000773|ACAS2026060100000773||TCN2026060100000773|SRC2026060100000773|002026060100000773|NY0001|NY0001||2|100000109|DR Gonzalez MD|2|100000109|PV000109|DR Gonzalez MD|3239 MEDICAL PLAZA||MA MEDICAL CTR|MA|33811|1|04|P|P|20260505|20260519|20260415|20260415|20260520||||||36415||P|Y|02||1|||23||||2|2|710.52|710.52|522.02|0.00|0.00|PR1|CO45||188.50|188.50||40.00|40.00|49.79|21.24|21.24|77.47|77.47|0.00|0.00|0.00|522.02|0.00|0.00|0.00||N|||W000000004|P|W000000004|0|0|0.00|||1|04||710.52|||N|||||1||04|2000000109|N|0.00|0.00|04|23|||||51|GT||||||||Z87.891|Z12.31|||||||||36415|||||||21.24|40.00|49.79|N|||AETNA
002026060100000774|1234567|0987654|N|001|AC123456|03|P|Y||PPO|02|PKG0042|PPO001|N|F|W000000013|Lopez|Isabella|F|19690106|99591|IL|EC||W000000503|W000000503|Lopez|Lucas|M|SP|19721227|202606010000774|ACAS2026060100000774||TCN2026060100000774|SRC2026060100000774|002026060100000774|NY0001|NY0001||2|100000119|DR Thompson MD|2|100000119|PV000119|DR Thompson MD|5852 MEDICAL PLAZA||FL MEDICAL CTR|FL|52667|1|40|P|N|20260519|20260530|20260502|20260502|20260531||||||93000|51|P|Y|03||S|||99||||1|2|570.18|570.18|570.18|0.00|0.00||CO45||0.00|0.00||20.00|20.00|0.00|0.00|0.00|0.00|0.00|0.00|0.00|0.00|0.00|0.00|0.00|0.00||N|||W000000503|D|W000000503|0|0|0.00|||N|40||570.18||||Y||||1||40|2000000119|N|0.00|0.00|40|99|||||26|TC||||||||J30.9|F32.9|N39.0|G47.33|||||||93000|||||||0.00|20.00|0.00|N|||AETNA
002026060100000775|1234567|0987654|N|001|AC123456|03|P|N||PPO|01|PKG0042|PPO001|2|F|W000000077|Lopez|Lucas|M|19640319|25802|MI|ES||W000000593|W000000593|Lopez|Emily|F|CH|20150802|202606010000775|ACAS2026060100000775||TCN2026060100000775|SRC2026060100000775|002026060100000775|NY0001|NY0001||2|100000231|DR Miller MD|2|100000231|PV000231|DR Miller MD|4046 MEDICAL PLAZA||CO MEDICAL CTR|CO|27630|1|06|P|P|20260512|20260528|20260414|20260414|20260529||||||99395||P|Y|06||A|||31||||1|1|506.03|506.03|230.55|0.00|0.00|PR1|CO45||275.48|275.48||75.00|75.00|82.00|18.63|18.63|99.85|99.85|0.00|0.00|0.00|230.55|0.00|0.00|0.00||N|||W000000593|P|W000000593|0|0|0.00|||2|06||506.03||||||||1||06|2000000231|N|0.00|0.00|06|31|||||59|51|N|||||||I25.10|K21.0||M54.5|K21.0||||||99395|||||||18.63|75.00|82.00|N|||AETNA
002026060100000776|1234567|0987654|N|001|AC123456|03|P|N||PPO|02|PKG0042|PPO001|2|F|W000000060|Davis|Sophia|F|19790724|80545|MI|EC||W000000666|W000000666|Davis|Elijah|M|SP|19930519|202606010000776|ACAS2026060100000776||TCN2026060100000776|SRC2026060100000776|002026060100000776|NY0001|NY0001||2|100000040|DR Davis MD|2|100000040|PV000040|DR Davis MD|332 MEDICAL PLAZA||WA MEDICAL CTR|WA|68861|1|10|P|P|20260520|20260528|20260514|20260514|20260601||||||99232|TC|P|Y|01||2|||99||||3|3|787.57|787.57|314.47|0.00|0.00|PR1|CO45||473.10|473.10||40.00|40.00|83.23|68.03|68.03|281.84|281.84|0.00|0.00|0.00|314.47|0.00|0.00|0.00||N|||W000000666|P|W000000666|0|0|0.00|||2|10||787.57||||||||1||10|2000000040|N|0.00|0.00|10|99|||||50|TC||||||||R51||||||||||99232|||||||68.03|40.00|83.23|N|||AETNA
002026060100000777|1234567|0987654|N|001|AC123456|03|P|N||PPO|02|PKG0042|PPO001|2|F|W000000297|Walker|Joseph|M|19630601|42493|NY|EE|767719254|W000000297|W000000297|Walker|Joseph|M|EE|19630601|202606010000777|ACAS2026060100000777||TCN2026060100000777|SRC2026060100000777|002026060100000777|NY0001|NY0001||2|100000100|DR Brown MD|2|100000100|PV000100|DR Brown MD|5760 MEDICAL PLAZA||CA MEDICAL CTR|CA|11243|1|10|P|P|20260501|20260524|20260318|20260318|20260525||||||80061|51|P|Y|02||M|||13||||3|3|1256.14|1256.14|784.66|0.00|0.00|PR1|CO45||471.48|471.48||30.00|30.00|136.15|33.07|33.07|272.26|272.26|0.00|0.00|0.00|784.66|0.00|0.00|0.00||N|||W000000297|P|W000000297|0|0|0.00|||2|10||1256.14||N||Y||||1||10|2000000100|N|0.00|0.00|10|13|||||51|AT|N|||||||E78.5|Z79.899|Z79.899|I10|||||||80061|||||||33.07|30.00|136.15|N|||AETNA
002026060100000778|1234567|0987654|N|001|AC123456|03|P|N||PPO|03|PKG0042|PPO001|3|F|W000000083|Miller|Benjamin|M|19810306|19174|GA|EE|322281932|W000000083|W000000083|Miller|Benjamin|M|EE|19810306|202606010000778|ACAS2026060100000778||TCN2026060100000778|SRC2026060100000778|002026060100000778|NY0001|NY0001||2|100000049|DR Taylor MD|2|100000049|PV000049|DR Taylor MD|3168 MEDICAL PLAZA||WA MEDICAL CTR|WA|72176|1|04|P|P|20260427|20260523|20260327|20260327|20260527||||||99204|GT|P|Y|01||M|||13||||3|3|1207.53|1207.53|571.12|0.00|0.00|PR1|CO45||636.41|636.41||30.00|30.00|181.16|104.20|104.20|321.05|321.05|0.00|0.00|0.00|571.12|0.00|0.00|0.00||N|||W000000083|P|W000000083|0|0|0.00|||3|04||1207.53||Y||||||1||04|2000000049|N|0.00|0.00|04|13|||||51|||||||||E78.5|||I50.9|||||||99204|||||||104.20|30.00|181.16|N|||AETNA
002026060100000779|1234567|0987654|N|001|AC123456|03|P|N||PPO|01|PKG0042|PPO001|1|F|W000000190|Sanchez|Ava|F|19910217|55973|CO|EF|877969812|W000000190|W000000190|Sanchez|Ava|F|EE|19910217|202606010000779|ACAS2026060100000779||TCN2026060100000779|SRC2026060100000779|002026060100000779|NY0001|NY0001||2|100000093|DR Lewis MD|2|100000093|PV000093|DR Lewis MD|9244 MEDICAL PLAZA||FL MEDICAL CTR|FL|88343|1|03|P|P|20260427|20260526|20260515|20260515|20260530||||||93000||P|Y|02||S|||31||||1|3|1064.03|1064.03|628.64|0.00|0.00|PR1|CO45||435.39|435.39||30.00|30.00|40.91|45.99|45.99|318.49|318.49|0.00|0.00|0.00|628.64|0.00|0.00|0.00||N|||W000000190|P|W000000190|0|0|0.00|||1|03||1064.03||Y||N||||1||03|2000000093|N|0.00|0.00|03|31|||||51|TC||||||||Z12.31||I50.9|J44.1|||||||93000|||||||45.99|30.00|40.91|N|||AETNA
002026060100000780|1234567|0987654|N|001|AC123456|03|P|N||PPO|03|PKG0042|PPO001|3|F|W000000142|Jones|Daniel|M|19600420|47183|FL|EF||W000000596|W000000596|Jones|Liam|M|CH|20091118|202606010000780|ACAS2026060100000780||TCN2026060100000780|SRC2026060100000780|002026060100000780|NY0001|NY0001||2|100000206|DR Wilson MD|2|100000206|PV000206|DR Wilson MD|9428 MEDICAL PLAZA||NJ MEDICAL CTR|NJ|51730|1|11|P|P|20260507|20260514|20260408|20260408|20260517||||||85025|50|P|Y|06||4|||13||||1|1|542.09|542.09|256.38|0.00|0.00|PR1|CO45||285.71|285.71||0.00|0.00|74.01|22.02|22.02|189.68|189.68|0.00|0.00|0.00|256.38|0.00|0.00|0.00||N|||W000000596|P|W000000596|0|0|0.00|||3|11||542.09||Y||||||1||11|2000000206|N|0.00|0.00|11|13|||||50|||||||||I25.10||||||||||85025|||||||22.02|0.00|74.01|N|||AETNA
002026060100000781|1234567|0987654|N|001|AC123456|01|I|N||PPO|02|PKG0042|PPO001|1|F|W000000207|Martinez|Evelyn|F|19700223|57535|VA|EE||W000000615|W000000615|Martinez|Amelia|F|CH|20151112|202606010000781|ACAS2026060100000781||TCN2026060100000781|SRC2026060100000781|002026060100000781|NY0001|NY0001||2|100000015|DR Anderson MD|2|100000015|PV000015|DR Anderson MD|7540 MEDICAL PLAZA||IL MEDICAL CTR|IL|14401|4|50|P|P|20260520|20260527|20260412|20260413|20260530||||04|196|80061|GT|I|Y|06||F|||99|04|0900|112|1|1|410.78|410.78|172.67|0.00|0.00|PR1|CO45||238.11|238.11||40.00|40.00|56.61|14.26|14.26|127.24|127.24|0.00|0.00|0.00|172.67|0.00|0.00|0.00||N|||W000000615|P|W000000615|0|1|0.00|||1|50||410.78||Y||Y||||1||50|2000000015|N|0.00|0.00|50|99|1|3|20260412|20260413|GT|||||||||R05||M79.3||||||||80061|||||||14.26|40.00|56.61|N|3||AETNA
002026060100000782|1234567|0987654|N|001|AC123456|03|P|N||PPO|03|PKG0042|PPO001|2|F|W000000095|Brown|Nora|F|19790626|50299|GA|ES||W000000446|W000000446|Brown|Riley|F|CH|20190611|202606010000782|ACAS2026060100000782||TCN2026060100000782|SRC2026060100000782|002026060100000782|NY0001|NY0001||2|100000102|DR Garcia MD|2|100000102|PV000102|DR Garcia MD|5789 MEDICAL PLAZA||AZ MEDICAL CTR|AZ|30132|1|12|P|P|20260422|20260521|20260510|20260510|20260522||||||90847|AT|P|Y|02||S|||22||||3|1|273.87|273.87|72.19|0.00|0.00|PR1|CO45||201.68|201.68||50.00|50.00|46.94|16.75|16.75|87.99|87.99|0.00|0.00|0.00|72.19|0.00|0.00|0.00||N|||W000000446|P|W000000446|0|0|0.00|||2|12||273.87||||Y||||1||12|2000000102|N|0.00|0.00|12|22|||||95|25||||||||E11.9||J45.909||||||||90847|||||||16.75|50.00|46.94|N|||AETNA
002026060100000783|1234567|0987654|N|001|AC123456|01|I|N||PPO|03|PKG0042|PPO001|3|F|W000000086|Wilson|Harper|F|19601102|17226|WA|EE|358595649|W000000086|W000000086|Wilson|Harper|F|EE|19601102|202606010000783|ACAS2026060100000783||TCN2026060100000783|SRC2026060100000783|002026060100000783|NY0001|NY0001||2|100000008|DR Davis MD|2|100000008|PV000008|DR Davis MD|1684 MEDICAL PLAZA||NC MEDICAL CTR|NC|54080|4|08|P|P|20260427|20260523|20260517|20260521|20260525||||05|871|99232||I|Y|06||1|||13|01|0200|121|2|1|401.74|401.74|209.77|0.00|0.00|PR1|CO45||191.97|191.97||30.00|30.00|51.62|25.67|25.67|84.68|84.68|0.00|0.00|0.00|209.77|0.00|0.00|0.00||N|||W000000086|P|W000000086|0|1|0.00|||3|08||401.74||Y||||||1||08|2000000008|N|0.00|0.00|08|13|5|1|20260517|20260521||||||||||E78.5|||E66.9|||||||99232|||||||25.67|30.00|51.62|N|1||AETNA
002026060100000784|1234567|0987654|N|001|AC123456|01|I|Y||PPO|02|PKG0042|PPO001|N|F|W000000086|Wilson|Harper|F|19601102|17226|WA|EE|358595649|W000000086|W000000086|Wilson|Harper|F|EE|19601102|202606010000784|ACAS2026060100000784||TCN2026060100000784|SRC2026060100000784|002026060100000784|NY0001|NY0001||2|100000287|DR Walker MD|2|100000287|PV000287|DR Walker MD|2528 MEDICAL PLAZA||FL MEDICAL CTR|FL|56425|4|02|P|N|20260505|20260524|20260324|20260325|20260526||||15|378|90834|50|I|Y|02||M|||21|07|0100|131|2|3|676.34|676.34|288.05|0.00|0.00|PR1|CO45||388.29|388.29||30.00|30.00|44.75|69.91|69.91|243.63|243.63|0.00|0.00|0.00|288.05|0.00|0.00|0.00||N|||W000000086|P|W000000086|0|1|0.00|||N|02||676.34||||||||1||02|2000000287|N|0.00|0.00|02|21|7|2|20260324|20260325|50|59||||||||J44.1|R51|Z87.891||||||||90834|||||||69.91|30.00|44.75|N|2||AETNA
002026060100000785|1234567|0987654|N|001|AC123456|01|I|N||PPO|03|PKG0042|PPO001|2|F|W000000335|Lee|Charlotte|F|19720917|42065|WA|ES|223448158|W000000335|W000000335|Lee|Charlotte|F|EE|19720917|202606010000785|ACAS2026060100000785||TCN2026060100000785|SRC2026060100000785|002026060100000785|NY0001|NY0001||2|100000219|DR Clark MD|2|100000219|PV000219|DR Clark MD|9122 MEDICAL PLAZA||PA MEDICAL CTR|PA|83088|4|09|P|P|20260503|20260516|20260505|20260507|20260520||||09|292|99396|95|I|Y|07||S|||24|07|0636|132|1|1|340.92|340.92|157.16|0.00|0.00|PR1|CO45||183.76|183.76||75.00|75.00|22.05|20.53|20.53|66.18|66.18|0.00|0.00|0.00|157.16|0.00|0.00|0.00||N|||W000000335|P|W000000335|0|1|0.00|||2|09||340.92||Y||||||1||09|2000000219|N|0.00|0.00|09|24|1||20260505|20260507|25|50||||||||Z00.00|F32.9|||||||||99396|||||||20.53|75.00|22.05|N|||AETNA
002026060100000786|1234567|0987654|N|001|AC123456|03|P|Y||PPO|01|PKG0042|PPO001|N|F|W000000271|Brown|Samuel|M|19760305|61791|PA|EC||W000000412|W000000412|Brown|Riley|F|CH|20061126|202606010000786|ACAS2026060100000786||TCN2026060100000786|SRC2026060100000786|002026060100000786|NY0001|NY0001||2|100000074|DR Martinez MD|2|100000074|PV000074|DR Martinez MD|4899 MEDICAL PLAZA||WA MEDICAL CTR|WA|43323|1|40|P|N|20260426|20260513|20260413|20260413|20260515||||||93000||P|Y|08||S|||21||||3|1|721.73|721.73|426.70|0.00|0.00|PR1|CO45||295.03|295.03||40.00|40.00|56.65|35.72|35.72|162.66|162.66|0.00|0.00|0.00|426.70|0.00|0.00|0.00||N|||W000000412|P|W000000412|0|0|0.00|||N|40||721.73||Y|N|||||1||40|2000000074|N|0.00|0.00|40|21||||||AT||||||||G47.33|F32.9|||||||||93000|||||||35.72|40.00|56.65|N|||AETNA
002026060100000787|1234567|0987654|N|001|AC123456|03|P|Y||PPO|03|PKG0042|PPO001|N|F|W000000023|Garcia|Benjamin|M|19690918|99439|GA|EC|817871947|W000000023|W000000023|Garcia|Benjamin|M|EE|19690918|202606010000787|ACAS2026060100000787||TCN2026060100000787|SRC2026060100000787|002026060100000787|NY0001|NY0001||2|100000060|DR Ramirez MD|2|100000060|PV000060|DR Ramirez MD|491 MEDICAL PLAZA||OH MEDICAL CTR|OH|51442|1|50|P|N|20260513|20260531|20260506|20260506|20260601||||||99203||P|Y|04||A|||99||||1|2|292.76|292.76|182.53|0.00|0.00|PR1|CO45||110.23|110.23||20.00|20.00|24.40|11.01|11.01|54.82|54.82|0.00|0.00|0.00|182.53|0.00|0.00|0.00||N|||W000000023|P|W000000023|0|0|0.00|||N|50||292.76||N||||||1||50|2000000060|N|0.00|0.00|50|99|||||AT|||||||||M54.5|||E66.9|||||||99203|||||||11.01|20.00|24.40|N|||AETNA
002026060100000788|1234567|0987654|N|001|AC123456|03|P|N||PPO|01|PKG0042|PPO001|3|F|W000000392|Smith|Avery|F|19910203|15817|MA|EE||W000000481|W000000481|Smith|Chloe|F|CH|20201125|202606010000788|ACAS2026060100000788||TCN2026060100000788|SRC2026060100000788|002026060100000788|NY0001|NY0001||2|100000030|DR Robinson MD|2|100000030|PV000030|DR Robinson MD|9373 MEDICAL PLAZA||CO MEDICAL CTR|CO|68554|1|50|P|P|20260427|20260523|20260402|20260402|20260525||||||99232|95|P|Y|01||B|||12||||2|1|162.09|162.09|41.51|0.00|0.00|PR1|CO45||120.58|120.58||0.00|0.00|31.82|14.01|14.01|74.75|74.75|0.00|0.00|0.00|41.51|0.00|0.00|0.00||N|||W000000481|P|W000000481|0|0|0.00|||3|50||162.09||N||||||1||50|2000000030|N|0.00|0.00|50|12|||||51|AT||||||||M17.11|Z79.899|||||||||99232|||||||14.01|0.00|31.82|N|||AETNA
002026060100000789|1234567|0987654|N|001|AC123456|03|P|Y||PPO|01|PKG0042|PPO001|N|F|W000000382|Thomas|Joseph|M|19720327|52997|IL|EC|940579196|W000000382|W000000382|Thomas|Joseph|M|EE|19720327|202606010000789|ACAS2026060100000789||TCN2026060100000789|SRC2026060100000789|002026060100000789|NY0001|NY0001||2|100000142|DR Wilson MD|2|100000142|PV000142|DR Wilson MD|2694 MEDICAL PLAZA||VA MEDICAL CTR|VA|62830|1|07|P|N|20260511|20260529|20260523|20260523|20260531||||||82947|51|P|Y|08||4|||12||||3|1|1334.74|1334.74|863.01|0.00|0.00|PR1|CO45||471.73|471.73||50.00|50.00|123.95|31.85|31.85|265.93|265.93|0.00|0.00|0.00|863.01|0.00|0.00|0.00||N|||W000000382|P|W000000382|0|0|0.00|||N|07||1334.74|||Y|||||1||07|2000000142|N|0.00|0.00|07|12|||||51|||||||||G43.909|E11.9||M17.11|||||||82947|||||||31.85|50.00|123.95|N|||AETNA
002026060100000790|1234567|0987654|N|001|AC123456|01|I|N||PPO|02|PKG0042|PPO001|3|F|W000000009|Jackson|Ella|F|19630719|83179|OH|ES|750585963|W000000009|W000000009|Jackson|Ella|F|EE|19630719|202606010000790|ACAS2026060100000790||TCN2026060100000790|SRC2026060100000790|002026060100000790|NY0001|NY0001||2|100000227|DR Williams MD|2|100000227|PV000227|DR Williams MD|4908 MEDICAL PLAZA||NJ MEDICAL CTR|NJ|36475|4|02|P|P|20260518|20260523|20260427|20260430|20260526||||13|871|99395|TC|I|Y|06||S|||21|07|0100|112|3|2|444.41|444.41|157.70|0.00|0.00|PR1|CO45||286.71|286.71||40.00|40.00|62.04|43.66|43.66|141.01|141.01|0.00|0.00|0.00|157.70|0.00|0.00|0.00||N|||W000000009|P|W000000009|0|1|0.00|||3|02||444.41|||N|||||1||02|2000000227|N|0.00|0.00|02|21|2|9|20260427|20260430|GT|50||||||||G47.33|Z23|||||||||99395|||||||43.66|40.00|62.04|N|9||AETNA
002026060100000791|1234567|0987654|N|001|AC123456|03|P|Y||PPO|02|PKG0042|PPO001|N|F|W000000067|Harris|Sebastian|M|19731011|48205|WA|EC|677404226|W000000067|W000000067|Harris|Sebastian|M|EE|19731011|202606010000791|ACAS2026060100000791||TCN2026060100000791|SRC2026060100000791|002026060100000791|NY0001|NY0001||2|100000176|DR Thomas MD|2|100000176|PV000176|DR Thomas MD|782 MEDICAL PLAZA||GA MEDICAL CTR|GA|47102|1|11|P|N|20260428|20260520|20260411|20260411|20260524||||||80061|AT|P|Y|05||1|||22||||1|2|326.53|326.53|220.96|0.00|0.00|PR1|CO45||105.57|105.57||40.00|40.00|30.31|6.15|6.15|29.11|29.11|0.00|0.00|0.00|220.96|0.00|0.00|0.00||N|||W000000067|P|W000000067|0|0|0.00|||N|11||326.53||Y||N||||1||11|2000000176|N|0.00|0.00|11|22|||||50|59||||||||K21.0||E11.65||||||||80061|||||||6.15|40.00|30.31|N|||AETNA
002026060100000792|1234567|0987654|N|001|AC123456|03|P|N||PPO|02|PKG0042|PPO001|2|F|W000000319|Robinson|Grace|F|19910704|14301|FL|EE|990395934|W000000319|W000000319|Robinson|Grace|F|EE|19910704|202606010000792|ACAS2026060100000792||TCN2026060100000792|SRC2026060100000792|002026060100000792|NY0001|NY0001||2|100000265|DR Rodriguez MD|2|100000265|PV000265|DR Rodriguez MD|4796 MEDICAL PLAZA||PA MEDICAL CTR|PA|90751|1|10|P|P|20260430|20260524|20260420|20260420|20260527||||||97110||P|Y|06||F|||23||||2|2|262.49|262.49|262.49|0.00|0.00||CO45||0.00|0.00||20.00|20.00|0.00|0.00|0.00|0.00|0.00|0.00|0.00|0.00|0.00|0.00|0.00|0.00||N|||W000000319|D|W000000319|0|0|0.00|||2|10||262.49||Y||||||1||10|2000000265|N|0.00|0.00|10|23|||||51|95||||||||J18.9||||||||||97110|||||||0.00|20.00|0.00|N|||AETNA
002026060100000793|1234567|0987654|N|001|AC123456|01|I|N||PPO|03|PKG0042|PPO001|2|F|W000000013|Lopez|Isabella|F|19690106|99591|IL|EC||W000000506|W000000506|Lopez|Riley|F|CH|20010422|202606010000793|ACAS2026060100000793||TCN2026060100000793|SRC2026060100000793|002026060100000793|NY0001|NY0001||2|100000104|DR Davis MD|2|100000104|PV000104|DR Davis MD|5082 MEDICAL PLAZA||MA MEDICAL CTR|MA|46820|4|40|P|P|20260514|20260526|20260405|20260405|20260528||||02|470|99203||I|Y|01||2|||21|20|0110|132|3|3|952.97|952.97|626.23|0.00|0.00|PR1|CO45||326.74|326.74||20.00|20.00|93.15|37.86|37.86|175.73|175.73|0.00|0.00|0.00|626.23|0.00|0.00|0.00||N|||W000000506|P|W000000506|1|1|0.00|||2|40||952.97|||N|||||1||40|2000000104|N|0.00|0.00|40|21|7|4|20260405|20260405|95|59||||||||R05|I10|Z87.891||||||||99203|||||||37.86|20.00|93.15|N|4||AETNA
002026060100000794|1234567|0987654|N|001|AC123456|03|P|N||PPO|01|PKG0042|PPO001|3|F|W000000054|Miller|Olivia|F|19720209|54765|FL|ES||W000000578|W000000578|Miller|Sophia|F|SP|19700527|202606010000794|ACAS2026060100000794||TCN2026060100000794|SRC2026060100000794|002026060100000794|NY0001|NY0001||2|100000084|DR Martin MD|2|100000084|PV000084|DR Martin MD|8547 MEDICAL PLAZA||AZ MEDICAL CTR|AZ|98117|1|09|P|P|20260519|20260526|20260512|20260512|20260529||||||80053||P|Y|03||2|||31||||3|3|2140.24|2140.24|570.21|0.00|0.00|PR1|CO45||1570.03|1570.03||30.00|30.00|30.23|330.83|330.83|1178.97|1178.97|0.00|0.00|0.00|570.21|0.00|0.00|0.00||N|||W000000578|P|W000000578|0|0|0.00|||3|09||2140.24||Y||||||1||09|2000000084|N|0.00|0.00|09|31|||||GT|||||||||M17.11||||||||||80053|||||||330.83|30.00|30.23|N|||AETNA
002026060100000795|1234567|0987654|N|001|AC123456|03|P|Y||PPO|03|PKG0042|PPO001|N|F|W000000302|Young|Scarlett|F|19620715|77536|PA|EF|286313251|W000000302|W000000302|Young|Scarlett|F|EE|19620715|202606010000795|ACAS2026060100000795||TCN2026060100000795|SRC2026060100000795|002026060100000795|NY0001|NY0001||2|100000144|DR Thomas MD|2|100000144|PV000144|DR Thomas MD|1010 MEDICAL PLAZA||IL MEDICAL CTR|IL|97214|1|09|P|N|20260518|20260526|20260420|20260420|20260527||||||90834|50|P|Y|07||B|||11||||2|3|472.19|472.19|192.18|0.00|0.00|PR1|CO45||280.01|280.01||50.00|50.00|46.67|24.51|24.51|158.83|158.83|0.00|0.00|0.00|192.18|0.00|0.00|0.00||N|||W000000302|P|W000000302|0|0|0.00|||N|09||472.19||||N||||1||09|2000000144|N|0.00|0.00|09|11|||||TC|GT||||||||S93.401|Z00.00|I25.10||||||||90834|||||||24.51|50.00|46.67|N|||AETNA
002026060100000796|1234567|0987654|N|001|AC123456|01|I|N||PPO|02|PKG0042|PPO001|3|F|W000000207|Martinez|Evelyn|F|19700223|57535|VA|EE|304395653|W000000207|W000000207|Martinez|Evelyn|F|EE|19700223|202606010000796|ACAS2026060100000796||TCN2026060100000796|SRC2026060100000796|002026060100000796|NY0001|NY0001||2|100000061|DR Lewis MD|2|100000061|PV000061|DR Lewis MD|7023 MEDICAL PLAZA||AZ MEDICAL CTR|AZ|51512|4|01|P|P|20260429|20260525|20260324|20260326|20260529||||11|392|93000||I|Y|07||2|||32|20|0370|121|2|2|553.78|553.78|390.38|0.00|0.00|PR1|CO45||163.40|163.40||20.00|20.00|4.42|28.70|28.70|110.28|110.28|0.00|0.00|0.00|390.38|0.00|0.00|0.00||N|||W000000207|P|W000000207|0|1|0.00|||3|01||553.78||Y||||||1||01|2000000061|N|0.00|0.00|01|32|7||20260324|20260326||26||||||||J30.9|I25.10|M17.11||||||||93000|||||||28.70|20.00|4.42|N|||AETNA
002026060100000797|1234567|0987654|N|001|AC123456|03|P|Y||PPO|03|PKG0042|PPO001|N|F|W000000389|Wilson|Jacob|M|19670418|27706|NJ|EC||W000000678|W000000678|Wilson|Henry|M|SP|19710816|202606010000797|ACAS2026060100000797||TCN2026060100000797|SRC2026060100000797|002026060100000797|NY0001|NY0001||2|100000293|DR Jones MD|2|100000293|PV000293|DR Jones MD|766 MEDICAL PLAZA||NC MEDICAL CTR|NC|49895|1|08|P|N|20260508|20260524|20260429|20260429|20260526||||||90834||P|Y|04||M|||31||||1|3|1653.89|1653.89|667.20|0.00|0.00|PR1|CO45||986.69|986.69||40.00|40.00|168.13|160.86|160.86|617.70|617.70|0.00|0.00|0.00|667.20|0.00|0.00|0.00||N|||W000000678|P|W000000678|0|0|0.00|||N|08||1653.89||N||Y||||1||08|2000000293|N|0.00|0.00|08|31||||||AT||||||||Z87.891|E66.9|J44.1||||||||90834|||||||160.86|40.00|168.13|N|||AETNA
002026060100000798|1234567|0987654|N|001|AC123456|01|I|N||PPO|02|PKG0042|PPO001|3|F|W000000321|Young|Ethan|M|19771201|73723|FL|EF|981162930|W000000321|W000000321|Young|Ethan|M|EE|19771201|202606010000798|ACAS2026060100000798||TCN2026060100000798|SRC2026060100000798|002026060100000798|NY0001|NY0001||2|100000056|DR White MD|2|100000056|PV000056|DR White MD|9330 MEDICAL PLAZA||NY MEDICAL CTR|NY|15320|4|11|P|P|20260430|20260518|20260514|20260518|20260519||||08|872|99203|59|I|Y|03||M|||31|05|0370|211|1|1|142.75|142.75|63.98|0.00|0.00|PR1|CO45||78.77|78.77||75.00|75.00|9.22|0.00|0.00|0.00|0.00|0.00|0.00|0.00|63.98|0.00|0.00|0.00||N|||W000000321|P|W000000321|0|1|0.00|||3|11||142.75|||N|||||1||11|2000000056|N|0.00|0.00|11|31|5|4|20260514|20260518|51|95||||||||K21.0|J06.9|||E11.9||||||99203|||||||0.00|75.00|9.22|N|4||AETNA
002026060100000799|1234567|0987654|N|001|AC123456|03|P|Y||PPO|01|PKG0042|PPO001|N|F|W000000221|Thompson|Aria|F|19920301|37999|CA|EE|677706068|W000000221|W000000221|Thompson|Aria|F|EE|19920301|202606010000799|ACAS2026060100000799||TCN2026060100000799|SRC2026060100000799|002026060100000799|NY0001|NY0001||2|100000144|DR Thomas MD|2|100000144|PV000144|DR Thomas MD|5286 MEDICAL PLAZA||PA MEDICAL CTR|PA|83721|1|09|P|N|20260501|20260530|20260316|20260316|20260531||||||99291|26|P|Y|05||4|||13||||3|1|3539.85|3539.85|2057.46|0.00|0.00|PR1|CO45||1482.39|1482.39||20.00|20.00|36.29|144.47|144.47|1281.63|1281.63|0.00|0.00|0.00|2057.46|0.00|0.00|0.00||N|||W000000221|P|W000000221|0|0|0.00|||N|09||3539.85||||||||1||09|2000000144|N|0.00|0.00|09|13||||||51||||||||I50.9||||||||||99291|||||||144.47|20.00|36.29|N|||AETNA
002026060100000800|1234567|0987654|N|001|AC123456|03|P|N||PPO|03|PKG0042|PPO001|2|F|W000000310|Jackson|Riley|F|19801022|90089|TX|ES|997106913|W000000310|W000000310|Jackson|Riley|F|EE|19801022|202606010000800|ACAS2026060100000800||TCN2026060100000800|SRC2026060100000800|002026060100000800|NY0001|NY0001||2|100000157|DR Lewis MD|2|100000157|PV000157|DR Lewis MD|1848 MEDICAL PLAZA||IL MEDICAL CTR|IL|69935|1|07|P|P|20260525|20260531|20260322|20260322|20260604||||||99395|26|P|Y|07||B|||99||||3|2|5310.73|5310.73|3290.70|0.00|0.00|PR1|CO45||2020.03|2020.03||20.00|20.00|392.76|201.81|201.81|1405.46|1405.46|0.00|0.00|0.00|3290.70|0.00|0.00|0.00||N|||W000000310|P|W000000310|0|0|0.00|||2|07||5310.73||Y||||||1||07|2000000157|N|0.00|0.00|07|99|||||GT|||||||||G47.33|J06.9|||Z23||||||99395|||||||201.81|20.00|392.76|N|||AETNA
002026060100000801|1234567|0987654|N|001|AC123456|03|P|N||PPO|03|PKG0042|PPO001|1|F|W000000009|Jackson|Ella|F|19630719|83179|OH|ES|750585963|W000000009|W000000009|Jackson|Ella|F|EE|19630719|202606010000801|ACAS2026060100000801||TCN2026060100000801|SRC2026060100000801|002026060100000801|NY0001|NY0001||2|100000018|DR Moore MD|2|100000018|PV000018|DR Moore MD|6215 MEDICAL PLAZA||TX MEDICAL CTR|TX|88793|1|03|P|P|20260512|20260522|20260331|20260331|20260523||||||80061|95|P|Y|07||1|||22||||3|2|66.66|66.66|26.04|0.00|0.00|PR1|CO45||40.62|40.62||20.00|20.00|8.91|2.00|2.00|9.71|9.71|0.00|0.00|0.00|26.04|0.00|0.00|0.00||N|||W000000009|P|W000000009|1|0|0.00|||1|03||66.66||Y|N|||||1||03|2000000018|N|0.00|0.00|03|22|||||50|26||||||||S93.401|K57.30|||||||||80061|||||||2.00|20.00|8.91|N|||AETNA
002026060100000802|1234567|0987654|N|001|AC123456|03|P|N||PPO|03|PKG0042|PPO001|1|F|W000000212|Gonzalez|Noah|M|19851012|80831|VA|EF|839934634|W000000212|W000000212|Gonzalez|Noah|M|EE|19851012|202606010000802|ACAS2026060100000802||TCN2026060100000802|SRC2026060100000802|002026060100000802|NY0001|NY0001||2|100000141|DR Gonzalez MD|2|100000141|PV000141|DR Gonzalez MD|1844 MEDICAL PLAZA||TX MEDICAL CTR|TX|70507|1|06|P|P|20260424|20260519|20260321|20260321|20260520||||||80061|26|P|Y|04||S|||31||||3|2|612.24|612.24|232.23|0.00|0.00|PR1|CO45||380.01|380.01||75.00|75.00|19.86|64.89|64.89|220.26|220.26|0.00|0.00|0.00|232.23|0.00|0.00|0.00||N|||W000000212|P|W000000212|0|0|0.00|||1|06||612.24|||Y|||||1||06|2000000141|N|0.00|0.00|06|31|||||||Y|||||||F41.9|F41.9||F32.9|||||||80061|||||||64.89|75.00|19.86|N|||AETNA
002026060100000803|1234567|0987654|N|001|AC123456|01|I|N||PPO|01|PKG0042|PPO001|3|F|W000000361|Moore|Alexander|M|19881102|89418|NY|EC|462459708|W000000361|W000000361|Moore|Alexander|M|EE|19881102|202606010000803|ACAS2026060100000803||TCN2026060100000803|SRC2026060100000803|002026060100000803|NY0001|NY0001||2|100000137|DR Rodriguez MD|2|100000137|PV000137|DR Rodriguez MD|1044 MEDICAL PLAZA||FL MEDICAL CTR|FL|70426|4|02|P|P|20260509|20260527|20260322|20260325|20260528||||13|470|90847|26|I|Y|03||B|||12|02|0200|122|1|2|361.01|361.01|361.01|0.00|0.00||CO45||0.00|0.00||40.00|40.00|0.00|0.00|0.00|0.00|0.00|0.00|0.00|0.00|0.00|0.00|0.00|0.00||N|||W000000361|D|W000000361|0|1|0.00|||3|02||361.01||||Y||||1||02|2000000137|N|0.00|0.00|02|12|2|4|20260322|20260325|51|AT|N|||||||G47.33|M17.11|I50.9|E66.9|||||||90847|||||||0.00|40.00|0.00|N|4||AETNA
002026060100000804|1234567|0987654|N|001|AC123456|03|P|N||PPO|03|PKG0042|PPO001|1|F|W000000157|Harris|Logan|M|19910419|49046|MI|ES||W000000643|W000000643|Harris|Samuel|M|CH|20100128|202606010000804|ACAS2026060100000804||TCN2026060100000804|SRC2026060100000804|002026060100000804|NY0001|NY0001||2|100000078|DR Wilson MD|2|100000078|PV000078|DR Wilson MD|7360 MEDICAL PLAZA||NY MEDICAL CTR|NY|35434|1|03|P|P|20260523|20260528|20260325|20260325|20260601||||||93000||P|Y|03||B|||12||||3|3|531.10|531.10|165.64|0.00|0.00|PR1|CO45||365.46|365.46||75.00|75.00|19.63|51.25|51.25|219.58|219.58|0.00|0.00|0.00|165.64|0.00|0.00|0.00||N|||W000000643|P|W000000643|0|0|0.00|||1|03||531.10||Y||||||1||03|2000000078|N|0.00|0.00|03|12|||||51|||||||||I10||||||||||93000|||||||51.25|75.00|19.63|N|||AETNA
002026060100000805|1234567|0987654|N|001|AC123456|03|P|Y||PPO|02|PKG0042|PPO001|N|F|W000000124|Young|Scarlett|F|19610205|58671|MA|EE||W000000517|W000000517|Young|Riley|F|CH|20180312|202606010000805|ACAS2026060100000805||TCN2026060100000805|SRC2026060100000805|002026060100000805|NY0001|NY0001||2|100000039|DR Miller MD|2|100000039|PV000039|DR Miller MD|8314 MEDICAL PLAZA||TX MEDICAL CTR|TX|73022|1|09|P|N|20260428|20260520|20260414|20260414|20260523||||||99204|26|P|Y|05||1|||32||||2|1|466.09|466.09|286.92|0.00|0.00|PR1|CO45||179.17|179.17||75.00|75.00|7.39|12.76|12.76|84.02|84.02|0.00|0.00|0.00|286.92|0.00|0.00|0.00||N|||W000000517|P|W000000517|1|0|0.00|||N|09||466.09||Y|Y|||||1||09|2000000039|N|0.00|0.00|09|32|||||25|50||||||||I25.10|I10|J44.1|E11.9|R51||||||99204|||||||12.76|75.00|7.39|N|||AETNA
002026060100000806|1234567|0987654|N|001|AC123456|03|P|Y||PPO|02|PKG0042|PPO001|N|F|W000000007|Davis|James|M|19610916|98986|MI|EE||W000000547|W000000547|Davis|Scarlett|F|SP|19670505|202606010000806|ACAS2026060100000806||TCN2026060100000806|SRC2026060100000806|002026060100000806|NY0001|NY0001||2|100000014|DR Wilson MD|2|100000014|PV000014|DR Wilson MD|8305 MEDICAL PLAZA||OH MEDICAL CTR|OH|83561|1|40|P|N|20260516|20260524|20260526|20260526|20260526||||||90847|TC|P|Y|01||A|||11||||3|2|1326.10|1326.10|948.25|0.00|0.00|PR1|CO45||377.85|377.85||30.00|30.00|16.70|42.28|42.28|288.87|288.87|0.00|0.00|0.00|948.25|0.00|0.00|0.00||N|||W000000547|P|W000000547|0|0|0.00|||N|40||1326.10||||||||1||40|2000000014|N|0.00|0.00|40|11||||||GT|N|Y||||||M54.5|||J45.909|I10||||||90847|||||||42.28|30.00|16.70|N|||AETNA
002026060100000807|1234567|0987654|N|001|AC123456|01|I|Y||PPO|03|PKG0042|PPO001|N|F|W000000382|Thomas|Joseph|M|19720327|52997|IL|EC|940579196|W000000382|W000000382|Thomas|Joseph|M|EE|19720327|202606010000807|ACAS2026060100000807||TCN2026060100000807|SRC2026060100000807|002026060100000807|NY0001|NY0001||2|100000003|DR Williams MD|2|100000003|PV000003|DR Williams MD|7341 MEDICAL PLAZA||CA MEDICAL CTR|CA|75823|4|03|P|N|20260424|20260518|20260407|20260411|20260522||||12|293|99203|95|I|Y|07||F|||24|20|0250|212|2|1|604.45|604.45|272.04|0.00|0.00|PR1|CO45||332.41|332.41||0.00|0.00|59.74|53.42|53.42|219.25|219.25|0.00|0.00|0.00|272.04|0.00|0.00|0.00||N|||W000000382|P|W000000382|0|1|0.00|||N|03||604.45||||N||||1||03|2000000003|N|0.00|0.00|03|24|5||20260407|20260411|50|||||||||M54.5|R51|F41.9||||||||99203|||||||53.42|0.00|59.74|N|||AETNA
002026060100000808|1234567|0987654|N|001|AC123456|03|P|N||PPO|03|PKG0042|PPO001|3|F|W000000078|Thompson|Nora|F|19880704|79443|WA|ES|872818837|W000000078|W000000078|Thompson|Nora|F|EE|19880704|202606010000808|ACAS2026060100000808||TCN2026060100000808|SRC2026060100000808|002026060100000808|NY0001|NY0001||2|100000145|DR Taylor MD|2|100000145|PV000145|DR Taylor MD|6363 MEDICAL PLAZA||VA MEDICAL CTR|VA|85456|1|10|P|P|20260505|20260529|20260504|20260504|20260602||||||82947|25|P|Y|01||4|||12||||1|3|306.66|306.66|213.58|0.00|0.00|PR1|CO45||93.08|93.08||20.00|20.00|21.75|6.75|6.75|44.58|44.58|0.00|0.00|0.00|213.58|0.00|0.00|0.00||N|||W000000078|P|W000000078|0|0|0.00|||3|10||306.66||Y||||||1||10|2000000145|N|0.00|0.00|10|12|||||51|95||||||||M17.11|E11.65|||||||||82947|||||||6.75|20.00|21.75|N|||AETNA
002026060100000809|1234567|0987654|N|001|AC123456|03|P|N||PPO|02|PKG0042|PPO001|3|F|W000000274|Jackson|Harper|F|19710903|51927|MI|EC|963832542|W000000274|W000000274|Jackson|Harper|F|EE|19710903|202606010000809|ACAS2026060100000809||TCN2026060100000809|SRC2026060100000809|002026060100000809|NY0001|NY0001||2|100000027|DR Clark MD|2|100000027|PV000027|DR Clark MD|5869 MEDICAL PLAZA||NC MEDICAL CTR|NC|46055|1|12|P|P|20260504|20260529|20260323|20260323|20260601||||||99232|25|P|Y|01||N|||11||||3|1|574.58|574.58|351.45|0.00|0.00|PR1|CO45||223.13|223.13||40.00|40.00|39.96|26.19|26.19|116.98|116.98|0.00|0.00|0.00|351.45|0.00|0.00|0.00||N|||W000000274|P|W000000274|0|0|0.00|||3|12||574.58||N||||||1||12|2000000027|N|0.00|0.00|12|11||||||||||||||R51|Z79.899|||||||||99232|||||||26.19|40.00|39.96|N|||AETNA
002026060100000810|1234567|0987654|N|001|AC123456|01|I|Y||PPO|02|PKG0042|PPO001|N|F|W000000249|Taylor|Benjamin|M|19750527|68613|IL|EE||W000000698|W000000698|Taylor|Chloe|F|SP|19650302|202606010000810|ACAS2026060100000810||TCN2026060100000810|SRC2026060100000810|002026060100000810|NY0001|NY0001||2|100000288|DR Young MD|2|100000288|PV000288|DR Young MD|6677 MEDICAL PLAZA||IL MEDICAL CTR|IL|13386|4|03|P|N|20260505|20260521|20260418|20260421|20260522||||10|196|90847|59|I|Y|01||A|||31|07|0200|112|1|2|1030.26|1030.26|511.43|0.00|0.00|PR1|CO45||518.83|518.83||30.00|30.00|125.97|81.72|81.72|281.14|281.14|0.00|0.00|0.00|511.43|0.00|0.00|0.00||N|||W000000698|P|W000000698|0|1|0.00|||N|03||1030.26||Y||N||||1||03|2000000288|N|0.00|0.00|03|31|4|3|20260418|20260421||||||||||N39.0|I25.10|I25.10||||||||90847|||||||81.72|30.00|125.97|N|3||AETNA
002026060100000811|1234567|0987654|N|001|AC123456|01|I|N||PPO|01|PKG0042|PPO001|2|F|W000000031|Martinez|Mia|F|19720520|76609|OH|EF|406311504|W000000031|W000000031|Martinez|Mia|F|EE|19720520|202606010000811|ACAS2026060100000811||TCN2026060100000811|SRC2026060100000811|002026060100000811|NY0001|NY0001||2|100000074|DR Martinez MD|2|100000074|PV000074|DR Martinez MD|4598 MEDICAL PLAZA||MI MEDICAL CTR|MI|46247|4|40|P|P|20260513|20260524|20260312|20260316|20260528||||07|195|99291||I|Y|04||N|||31|03|0370|132|2|1|243.19|243.19|243.19|0.00|0.00||CO45||0.00|0.00||0.00|0.00|0.00|0.00|0.00|0.00|0.00|0.00|0.00|0.00|0.00|0.00|0.00|0.00||N|||W000000031|D|W000000031|0|1|0.00|||2|40||243.19||||N||||1||40|2000000074|N|0.00|0.00|40|31|7|2|20260312|20260316|95|GT||||||||E11.65||M54.5||R51||||||99291|||||||0.00|0.00|0.00|N|2||AETNA
002026060100000812|1234567|0987654|N|001|AC123456|03|P|N||PPO|03|PKG0042|PPO001|1|F|W000000138|Thompson|Lucas|M|19860210|21496|GA|EF||W000000616|W000000616|Thompson|Riley|F|CH|20011008|202606010000812|ACAS2026060100000812||TCN2026060100000812|SRC2026060100000812|002026060100000812|NY0001|NY0001||2|100000196|DR Brown MD|2|100000196|PV000196|DR Brown MD|5245 MEDICAL PLAZA||VA MEDICAL CTR|VA|34588|1|01|P|P|20260421|20260518|20260407|20260407|20260522||||||36415|25|P|Y|02||B|||22||||1|2|164.14|164.14|105.46|0.00|0.00|PR1|CO45||58.68|58.68||75.00|75.00|14.04|0.00|0.00|0.00|0.00|0.00|0.00|0.00|105.46|0.00|0.00|0.00||N|||W000000616|P|W000000616|0|0|0.00|||1|01||164.14||||||||1||01|2000000196|N|0.00|0.00|01|22|||||25|59||||||||I50.9||I25.10|M54.5|||||||36415|||||||0.00|75.00|14.04|N|||AETNA
002026060100000813|1234567|0987654|N|001|AC123456|03|P|N||PPO|01|PKG0042|PPO001|1|F|W000000258|Martinez|Sebastian|M|19740402|98983|CO|EC||W000000480|W000000480|Martinez|Abigail|F|CH|20121112|202606010000813|ACAS2026060100000813||TCN2026060100000813|SRC2026060100000813|002026060100000813|NY0001|NY0001||2|100000203|DR Hernandez MD|2|100000203|PV000203|DR Hernandez MD|9215 MEDICAL PLAZA||VA MEDICAL CTR|VA|41407|1|08|P|P|20260504|20260522|20260411|20260411|20260524||||||80053|50|P|Y|06||4|||23||||1|1|3618.56|3618.56|1441.66|0.00|0.00|PR1|CO45||2176.90|2176.90||20.00|20.00|637.74|160.15|160.15|1359.01|1359.01|0.00|0.00|0.00|1441.66|0.00|0.00|0.00||N|||W000000480|P|W000000480|0|0|0.00|||1|08||3618.56||||||||1||08|2000000203|N|0.00|0.00|08|23|||||26|AT||||||||Z12.31||E11.9||||||||80053|||||||160.15|20.00|637.74|N|||AETNA
002026060100000814|1234567|0987654|N|001|AC123456|01|I|N||PPO|01|PKG0042|PPO001|2|F|W000000199|Clark|Sophia|F|19940227|68249|VA|EE|712888375|W000000199|W000000199|Clark|Sophia|F|EE|19940227|202606010000814|ACAS2026060100000814||TCN2026060100000814|SRC2026060100000814|002026060100000814|NY0001|NY0001||2|100000149|DR Lee MD|2|100000149|PV000149|DR Lee MD|1257 MEDICAL PLAZA||NY MEDICAL CTR|NY|70388|4|40|P|P|20260505|20260525|20260310|20260314|20260527||||04|194|36415|AT|I|Y|07||4|||13|02|0100|132|2|2|385.27|385.27|385.27|0.00|0.00||CO45||0.00|0.00||40.00|40.00|0.00|0.00|0.00|0.00|0.00|0.00|0.00|0.00|0.00|0.00|0.00|0.00||N|||W000000199|D|W000000199|0|1|0.00|||2|40||385.27||Y||N||||1||40|2000000149|N|0.00|0.00|40|13|4|4|20260310|20260314|GT|26||||||||K57.30||K57.30||||||||36415|||||||0.00|40.00|0.00|N|4||AETNA
002026060100000815|1234567|0987654|N|001|AC123456|03|P|N||PPO|03|PKG0042|PPO001|2|F|W000000375|Jackson|Amelia|F|19730909|82430|NY|EE||W000000545|W000000545|Jackson|Jackson|M|CH|20211209|202606010000815|ACAS2026060100000815||TCN2026060100000815|SRC2026060100000815|002026060100000815|NY0001|NY0001||2|100000266|DR Martinez MD|2|100000266|PV000266|DR Martinez MD|6535 MEDICAL PLAZA||IL MEDICAL CTR|IL|84044|1|11|P|P|20260520|20260528|20260417|20260417|20260529||||||71046|50|P|Y|04||S|||31||||2|1|591.85|591.85|591.85|0.00|0.00||CO45||0.00|0.00||75.00|75.00|0.00|0.00|0.00|0.00|0.00|0.00|0.00|0.00|0.00|0.00|0.00|0.00||N|||W000000545|D|W000000545|0|0|0.00|||2|11||591.85||||||||1||11|2000000266|N|0.00|0.00|11|31||||||95||||||||J30.9|F32.9|||||||||71046|||||||0.00|75.00|0.00|N|||AETNA
002026060100000816|1234567|0987654|N|001|AC123456|03|P|N||PPO|01|PKG0042|PPO001|1|F|W000000072|Jones|Joseph|M|19871028|28543|WA|EE||W000000586|W000000586|Jones|Mia|F|CH|20031222|202606010000816|ACAS2026060100000816||TCN2026060100000816|SRC2026060100000816|002026060100000816|NY0001|NY0001||2|100000034|DR Johnson MD|2|100000034|PV000034|DR Johnson MD|9312 MEDICAL PLAZA||GA MEDICAL CTR|GA|92859|1|04|P|P|20260508|20260528|20260426|20260426|20260530||||||90847||P|Y|06||S|||13||||1|3|474.32|474.32|217.89|0.00|0.00|PR1|CO45||256.43|256.43||40.00|40.00|10.42|31.74|31.74|174.27|174.27|0.00|0.00|0.00|217.89|0.00|0.00|0.00||N|||W000000586|P|W000000586|0|0|0.00|||1|04||474.32||N||||||1||04|2000000034|N|0.00|0.00|04|13|||||TC|26||||||||E78.5||||||||||90847|||||||31.74|40.00|10.42|N|||AETNA
002026060100000817|1234567|0987654|N|001|AC123456|03|P|N||PPO|01|PKG0042|PPO001|1|F|W000000031|Martinez|Mia|F|19720520|76609|OH|EF|406311504|W000000031|W000000031|Martinez|Mia|F|EE|19720520|202606010000817|ACAS2026060100000817||TCN2026060100000817|SRC2026060100000817|002026060100000817|NY0001|NY0001||2|100000071|DR Miller MD|2|100000071|PV000071|DR Miller MD|113 MEDICAL PLAZA||FL MEDICAL CTR|FL|27688|1|11|P|P|20260428|20260517|20260426|20260426|20260519||||||99232|AT|P|Y|03||N|||24||||3|2|1059.84|1059.84|538.69|0.00|0.00|PR1|CO45||521.15|521.15||50.00|50.00|93.41|46.74|46.74|331.00|331.00|0.00|0.00|0.00|538.69|0.00|0.00|0.00||N|||W000000031|P|W000000031|0|0|0.00|||1|11||1059.84||N|N|||||1||11|2000000071|N|0.00|0.00|11|24||||||||||||||Z79.899|E11.9|||||||||99232|||||||46.74|50.00|93.41|N|||AETNA
002026060100000818|1234567|0987654|N|001|AC123456|03|P|N||PPO|01|PKG0042|PPO001|1|F|W000000075|Thomas|Riley|F|19670608|12834|NY|EF|931244458|W000000075|W000000075|Thomas|Riley|F|EE|19670608|202606010000818|ACAS2026060100000818||TCN2026060100000818|SRC2026060100000818|002026060100000818|NY0001|NY0001||2|100000076|DR Lopez MD|2|100000076|PV000076|DR Lopez MD|9980 MEDICAL PLAZA||OH MEDICAL CTR|OH|51255|1|01|P|P|20260515|20260527|20260314|20260314|20260531||||||99291||P|Y|02||1|||12||||1|1|3001.51|3001.51|1859.05|0.00|0.00|PR1|CO45||1142.46|1142.46||0.00|0.00|187.51|110.65|110.65|844.30|844.30|0.00|0.00|0.00|1859.05|0.00|0.00|0.00||N|||W000000075|P|W000000075|0|0|0.00|||1|01||3001.51||Y|Y|||||1||01|2000000076|N|0.00|0.00|01|12|||||26|25||||||||J44.1|Z79.899|||||||||99291|||||||110.65|0.00|187.51|N|||AETNA
002026060100000819|1234567|0987654|N|001|AC123456|03|P|Y||PPO|03|PKG0042|PPO001|N|F|W000000318|Davis|Elizabeth|F|19900221|65669|FL|EC||W000000467|W000000467|Davis|Sofia|F|CH|20020810|202606010000819|ACAS2026060100000819||TCN2026060100000819|SRC2026060100000819|002026060100000819|NY0001|NY0001||2|100000041|DR Rodriguez MD|2|100000041|PV000041|DR Rodriguez MD|5870 MEDICAL PLAZA||MI MEDICAL CTR|MI|67480|1|11|P|N|20260428|20260522|20260324|20260324|20260524||||||82947|51|P|Y|06||A|||32||||1|2|1088.92|1088.92|385.44|0.00|0.00|PR1|CO45||703.48|703.48||50.00|50.00|38.88|70.22|70.22|544.38|544.38|0.00|0.00|0.00|385.44|0.00|0.00|0.00||N|||W000000467|P|W000000467|0|0|0.00|||N|11||1088.92||||||||1||11|2000000041|N|0.00|0.00|11|32||||||||||||||N39.0||G43.909||||||||82947|||||||70.22|50.00|38.88|N|||AETNA
002026060100000820|1234567|0987654|N|001|AC123456|03|P|N||PPO|01|PKG0042|PPO001|3|F|W000000090|Martinez|Grace|F|19720122|83871|MI|EC||W000000700|W000000700|Martinez|Noah|M|CH|20070120|202606010000820|ACAS2026060100000820||TCN2026060100000820|SRC2026060100000820|002026060100000820|NY0001|NY0001||2|100000089|DR Harris MD|2|100000089|PV000089|DR Harris MD|3957 MEDICAL PLAZA||MA MEDICAL CTR|MA|59765|1|40|P|P|20260508|20260516|20260514|20260514|20260520||||||99291|TC|P|Y|07||N|||13||||1|1|182.98|182.98|119.22|0.00|0.00|PR1|CO45||63.76|63.76||75.00|75.00|16.87|0.00|0.00|0.00|0.00|0.00|0.00|0.00|119.22|0.00|0.00|0.00||N|||W000000700|P|W000000700|0|0|0.00|||3|40||182.98||N||||||1||40|2000000089|N|0.00|0.00|40|13|||||GT|AT||||||||F41.9|||N39.0|||||||99291|||||||0.00|75.00|16.87|N|||AETNA
002026060100000821|1234567|0987654|N|001|AC123456|03|P|Y||PPO|03|PKG0042|PPO001|N|F|W000000017|Thomas|Riley|F|19820727|48736|PA|ES|678814369|W000000017|W000000017|Thomas|Riley|F|EE|19820727|202606010000821|ACAS2026060100000821||TCN2026060100000821|SRC2026060100000821|002026060100000821|NY0001|NY0001||2|100000094|DR Robinson MD|2|100000094|PV000094|DR Robinson MD|7055 MEDICAL PLAZA||FL MEDICAL CTR|FL|90308|1|04|P|N|20260422|20260514|20260416|20260416|20260517||||||80061||P|Y|05||1|||23||||3|1|205.10|205.10|128.98|0.00|0.00|PR1|CO45||76.12|76.12||75.00|75.00|21.85|0.00|0.00|0.00|0.00|0.00|0.00|0.00|128.98|0.00|0.00|0.00||N|||W000000017|P|W000000017|0|0|0.00|||N|04||205.10||||||||1||04|2000000094|N|0.00|0.00|04|23|||||59|||||||||K21.0|J44.1|||||||||80061|||||||0.00|75.00|21.85|N|||AETNA
002026060100000822|1234567|0987654|N|001|AC123456|03|P|N||PPO|01|PKG0042|PPO001|3|F|W000000174|Thomas|Logan|M|19770505|86916|IL|EF||W000000466|W000000466|Thomas|Henry|M|CH|20170910|202606010000822|ACAS2026060100000822||TCN2026060100000822|SRC2026060100000822|002026060100000822|NY0001|NY0001||2|100000230|DR Garcia MD|2|100000230|PV000230|DR Garcia MD|6908 MEDICAL PLAZA||MA MEDICAL CTR|MA|77852|1|05|P|P|20260427|20260526|20260426|20260426|20260528||||||99396||P|Y|04||F|||23||||3|2|473.84|473.84|155.99|0.00|0.00|PR1|CO45||317.85|317.85||0.00|0.00|24.15|52.21|52.21|241.49|241.49|0.00|0.00|0.00|155.99|0.00|0.00|0.00||N|||W000000466|P|W000000466|0|0|0.00|||3|05||473.84||N||||||1||05|2000000230|N|0.00|0.00|05|23|||||25|||N||||||G43.909|E11.65|G47.33||K57.30||||||99396|||||||52.21|0.00|24.15|N|||AETNA
002026060100000823|1234567|0987654|N|001|AC123456|03|P|Y||PPO|02|PKG0042|PPO001|N|F|W000000096|Martinez|Charlotte|F|19681124|74414|GA|ES|732574368|W000000096|W000000096|Martinez|Charlotte|F|EE|19681124|202606010000823|ACAS2026060100000823||TCN2026060100000823|SRC2026060100000823|002026060100000823|NY0001|NY0001||2|100000091|DR Clark MD|2|100000091|PV000091|DR Clark MD|9007 MEDICAL PLAZA||PA MEDICAL CTR|PA|68578|1|01|P|N|20260510|20260529|20260403|20260403|20260530||||||36415|AT|P|Y|07||S|||11||||3|3|529.54|529.54|529.54|0.00|0.00||CO45||0.00|0.00||20.00|20.00|0.00|0.00|0.00|0.00|0.00|0.00|0.00|0.00|0.00|0.00|0.00|0.00||N|||W000000096|D|W000000096|0|0|0.00|||N|01||529.54|||Y|||||1||01|2000000091|N|0.00|0.00|01|11||||||59||||||||M17.11|F41.9|F32.9||||||||36415|||||||0.00|20.00|0.00|N|||AETNA
002026060100000824|1234567|0987654|N|001|AC123456|03|P|N||PPO|02|PKG0042|PPO001|2|F|W000000153|Jackson|Samuel|M|19910523|28179|OH|EC||W000000456|W000000456|Jackson|Evelyn|F|CH|20000917|202606010000824|ACAS2026060100000824||TCN2026060100000824|SRC2026060100000824|002026060100000824|NY0001|NY0001||2|100000264|DR Davis MD|2|100000264|PV000264|DR Davis MD|578 MEDICAL PLAZA||GA MEDICAL CTR|GA|91856|1|09|P|P|20260510|20260517|20260523|20260523|20260518||||||36415||P|Y|05||1|||22||||3|1|153.91|153.91|68.27|0.00|0.00|PR1|CO45||85.64|85.64||0.00|0.00|5.50|9.85|9.85|70.29|70.29|0.00|0.00|0.00|68.27|0.00|0.00|0.00||N|||W000000456|P|W000000456|0|0|0.00|||2|09||153.91|||Y|||||1||09|2000000264|N|0.00|0.00|09|22|||||25|25||Y||||||K21.0|E11.9|Z87.891|M17.11|Z00.00||||||36415|||||||9.85|0.00|5.50|N|||AETNA
002026060100000825|1234567|0987654|N|001|AC123456|03|P|Y||PPO|02|PKG0042|PPO001|N|F|W000000176|Miller|Evelyn|F|19740909|99111|NC|EE||W000000437|W000000437|Miller|Zoey|F|CH|20100910|202606010000825|ACAS2026060100000825||TCN2026060100000825|SRC2026060100000825|002026060100000825|NY0001|NY0001||2|100000232|DR Davis MD|2|100000232|PV000232|DR Davis MD|2905 MEDICAL PLAZA||NJ MEDICAL CTR|NJ|15282|1|07|P|N|20260430|20260518|20260328|20260328|20260521||||||99232|95|P|Y|04||N|||21||||3|3|1334.67|1334.67|975.03|0.00|0.00|PR1|CO45||359.64|359.64||75.00|75.00|41.80|42.52|42.52|200.32|200.32|0.00|0.00|0.00|975.03|0.00|0.00|0.00||N|||W000000437|P|W000000437|0|0|0.00|||N|07||1334.67||Y|N|N||||1||07|2000000232|N|0.00|0.00|07|21|||||AT|59||||||||E66.9|J44.1|M17.11|I25.10|||||||99232|||||||42.52|75.00|41.80|N|||AETNA
002026060100000826|1234567|0987654|N|001|AC123456|01|I|N||PPO|01|PKG0042|PPO001|1|F|W000000064|Thomas|Henry|M|19771122|40929|IL|EE|304836232|W000000064|W000000064|Thomas|Henry|M|EE|19771122|202606010000826|ACAS2026060100000826||TCN2026060100000826|SRC2026060100000826|002026060100000826|NY0001|NY0001||2|100000271|DR Anderson MD|2|100000271|PV000271|DR Anderson MD|211 MEDICAL PLAZA||CO MEDICAL CTR|CO|88982|4|01|P|P|20260507|20260525|20260325|20260326|20260529||||07|196|99205|TC|I|Y|07||S|||21|07|0370|121|3|2|264.18|264.18|181.33|0.00|0.00|PR1|CO45||82.85|82.85||20.00|20.00|21.21|4.54|4.54|37.10|37.10|0.00|0.00|0.00|181.33|0.00|0.00|0.00||N|||W000000064|P|W000000064|0|1|0.00|||1|01||264.18||Y||||||1||01|2000000271|N|0.00|0.00|01|21|1|9|20260325|20260326|95|26||||||||J45.909||I50.9||||||||99205|||||||4.54|20.00|21.21|N|9||AETNA
002026060100000827|1234567|0987654|N|001|AC123456|03|P|N||PPO|02|PKG0042|PPO001|1|F|W000000136|Hernandez|Ava|F|19620710|60237|NY|EC||W000000477|W000000477|Hernandez|Benjamin|M|CH|20200917|202606010000827|ACAS2026060100000827||TCN2026060100000827|SRC2026060100000827|002026060100000827|NY0001|NY0001||2|100000032|DR Young MD|2|100000032|PV000032|DR Young MD|911 MEDICAL PLAZA||NJ MEDICAL CTR|NJ|64089|1|02|P|P|20260502|20260520|20260508|20260508|20260523||||||99213|59|P|Y|03||N|||23||||1|3|2366.83|2366.83|1183.47|0.00|0.00|PR1|CO45||1183.36|1183.36||40.00|40.00|211.57|222.58|222.58|709.21|709.21|0.00|0.00|0.00|1183.47|0.00|0.00|0.00||N|||W000000477|P|W000000477|0|0|0.00|||1|02||2366.83||N||||||1||02|2000000032|N|0.00|0.00|02|23|||||26|||||||||Z23|J18.9|Z00.00||||||||99213|||||||222.58|40.00|211.57|N|||AETNA
002026060100000828|1234567|0987654|N|001|AC123456|03|P|Y||PPO|03|PKG0042|PPO001|N|F|W000000047|Jones|Henry|M|19821225|89758|PA|EF||W000000628|W000000628|Jones|Elijah|M|CH|20120619|202606010000828|ACAS2026060100000828||TCN2026060100000828|SRC2026060100000828|002026060100000828|NY0001|NY0001||2|100000296|DR Davis MD|2|100000296|PV000296|DR Davis MD|1013 MEDICAL PLAZA||NY MEDICAL CTR|NY|13126|1|11|P|N|20260517|20260528|20260515|20260515|20260529||||||93000||P|Y|04||2|||12||||1|3|3126.09|3126.09|1178.01|0.00|0.00|PR1|CO45||1948.08|1948.08||30.00|30.00|39.48|204.21|204.21|1674.39|1674.39|0.00|0.00|0.00|1178.01|0.00|0.00|0.00||N|||W000000628|P|W000000628|0|0|0.00|||N|11||3126.09||Y|Y|||||1||11|2000000296|N|0.00|0.00|11|12|||||AT|AT|Y|||||||E66.9|J45.909||F41.9|||||||93000|||||||204.21|30.00|39.48|N|||AETNA
002026060100000829|1234567|0987654|N|001|AC123456|03|P|N||PPO|03|PKG0042|PPO001|3|F|W000000040|Anderson|Ella|F|19940310|96706|MI|ES||W000000605|W000000605|Anderson|Harper|F|CH|20070504|202606010000829|ACAS2026060100000829||TCN2026060100000829|SRC2026060100000829|002026060100000829|NY0001|NY0001||2|100000185|DR Harris MD|2|100000185|PV000185|DR Harris MD|7697 MEDICAL PLAZA||MI MEDICAL CTR|MI|75450|1|05|P|P|20260428|20260518|20260404|20260404|20260519||||||99291|26|P|Y|01||B|||23||||1|2|538.61|538.61|278.97|0.00|0.00|PR1|CO45||259.64|259.64||50.00|50.00|36.84|28.26|28.26|144.54|144.54|0.00|0.00|0.00|278.97|0.00|0.00|0.00||N|||W000000605|P|W000000605|0|0|0.00|||3|05||538.61|||Y|||||1||05|2000000185|N|0.00|0.00|05|23|||||25|GT||||||||F32.9|I25.10|R51||||||||99291|||||||28.26|50.00|36.84|N|||AETNA
002026060100000830|1234567|0987654|N|001|AC123456|03|P|N||PPO|03|PKG0042|PPO001|2|F|W000000021|Lewis|Sofia|F|19831008|11670|TX|EE|392484018|W000000021|W000000021|Lewis|Sofia|F|EE|19831008|202606010000830|ACAS2026060100000830||TCN2026060100000830|SRC2026060100000830|002026060100000830|NY0001|NY0001||2|100000295|DR Miller MD|2|100000295|PV000295|DR Miller MD|2731 MEDICAL PLAZA||GA MEDICAL CTR|GA|73964|1|10|P|P|20260507|20260518|20260506|20260506|20260521||||||90847||P|Y|06||4|||12||||2|1|965.96|965.96|716.12|0.00|0.00|PR1|CO45||249.84|249.84||75.00|75.00|6.77|16.82|16.82|151.25|151.25|0.00|0.00|0.00|716.12|0.00|0.00|0.00||N|||W000000021|P|W000000021|0|0|0.00|||2|10||965.96||Y||||||1||10|2000000295|N|0.00|0.00|10|12|||||50|||||||||K57.30||||||||||90847|||||||16.82|75.00|6.77|N|||AETNA
002026060100000831|1234567|0987654|N|001|AC123456|03|P|N||PPO|02|PKG0042|PPO001|2|F|W000000173|Young|Grace|F|19850219|95432|MI|ES|737353038|W000000173|W000000173|Young|Grace|F|EE|19850219|202606010000831|ACAS2026060100000831||TCN2026060100000831|SRC2026060100000831|002026060100000831|NY0001|NY0001||2|100000107|DR Hernandez MD|2|100000107|PV000107|DR Hernandez MD|3830 MEDICAL PLAZA||NJ MEDICAL CTR|NJ|28888|1|02|P|P|20260508|20260526|20260308|20260308|20260530||||||82947|GT|P|Y|07||M|||12||||3|2|233.42|233.42|153.56|0.00|0.00|PR1|CO45||79.86|79.86||20.00|20.00|9.73|10.92|10.92|39.21|39.21|0.00|0.00|0.00|153.56|0.00|0.00|0.00||N|||W000000173|P|W000000173|0|0|0.00|||2|02||233.42||Y||||||1||02|2000000107|N|0.00|0.00|02|12|||||GT|||||||||Z87.891|Z23|||||||||82947|||||||10.92|20.00|9.73|N|||AETNA
002026060100000832|1234567|0987654|N|001|AC123456|03|P|Y||PPO|02|PKG0042|PPO001|N|F|W000000169|Moore|Abigail|F|19760326|61368|CO|EF|435355907|W000000169|W000000169|Moore|Abigail|F|EE|19760326|202606010000832|ACAS2026060100000832||TCN2026060100000832|SRC2026060100000832|002026060100000832|NY0001|NY0001||2|100000286|DR Robinson MD|2|100000286|PV000286|DR Robinson MD|1298 MEDICAL PLAZA||NY MEDICAL CTR|NY|57069|1|01|P|N|20260504|20260523|20260323|20260323|20260526||||||93000|50|P|Y|07||2|||13||||3|2|1130.17|1130.17|514.92|0.00|0.00|PR1|CO45||615.25|615.25||50.00|50.00|74.48|61.31|61.31|429.46|429.46|0.00|0.00|0.00|514.92|0.00|0.00|0.00||N|||W000000169|P|W000000169|0|0|0.00|||N|01||1130.17||Y||||||1||01|2000000286|N|0.00|0.00|01|13||||||||||||||M79.3|R05|||||||||93000|||||||61.31|50.00|74.48|N|||AETNA
002026060100000833|1234567|0987654|N|001|AC123456|03|P|N||PPO|02|PKG0042|PPO001|3|F|W000000318|Davis|Elizabeth|F|19900221|65669|FL|EC|250696794|W000000318|W000000318|Davis|Elizabeth|F|EE|19900221|202606010000833|ACAS2026060100000833||TCN2026060100000833|SRC2026060100000833|002026060100000833|NY0001|NY0001||2|100000177|DR Taylor MD|2|100000177|PV000177|DR Taylor MD|3848 MEDICAL PLAZA||MA MEDICAL CTR|MA|92455|1|12|P|P|20260504|20260525|20260307|20260307|20260527||||||80053||P|Y|02||4|||31||||3|1|435.52|435.52|175.47|0.00|0.00|PR1|CO45||260.05|260.05||20.00|20.00|50.58|45.23|45.23|144.24|144.24|0.00|0.00|0.00|175.47|0.00|0.00|0.00||N|||W000000318|P|W000000318|0|0|0.00|||3|12||435.52||Y||N||||1||12|2000000177|N|0.00|0.00|12|31|||||AT|||||||||M17.11||J18.9||||||||80053|||||||45.23|20.00|50.58|N|||AETNA
002026060100000834|1234567|0987654|N|001|AC123456|01|I|Y||PPO|01|PKG0042|PPO001|N|F|W000000101|Thompson|Sofia|F|19690716|17417|FL|EC|390402493|W000000101|W000000101|Thompson|Sofia|F|EE|19690716|202606010000834|ACAS2026060100000834||TCN2026060100000834|SRC2026060100000834|002026060100000834|NY0001|NY0001||2|100000022|DR Perez MD|2|100000022|PV000022|DR Perez MD|4957 MEDICAL PLAZA||NJ MEDICAL CTR|NJ|24539|4|07|P|N|20260507|20260531|20260412|20260415|20260601||||11|683|99395|50|I|Y|08||N|||12|01|0100|111|3|3|263.97|263.97|193.57|0.00|0.00|PR1|CO45||70.40|70.40||20.00|20.00|11.60|4.14|4.14|34.66|34.66|0.00|0.00|0.00|193.57|0.00|0.00|0.00||N|||W000000101|P|W000000101|0|1|0.00|||N|07||263.97||||||||1||07|2000000022|N|0.00|0.00|07|12|2|1|20260412|20260415|TC|50||||||||K21.0|Z00.00|||||||||99395|||||||4.14|20.00|11.60|N|1||AETNA
002026060100000835|1234567|0987654|N|001|AC123456|01|I|N||PPO|02|PKG0042|PPO001|3|F|W000000395|Robinson|Lucas|M|19750121|72484|PA|ES||W000000599|W000000599|Robinson|Daniel|M|SP|19851116|202606010000835|ACAS2026060100000835||TCN2026060100000835|SRC2026060100000835|002026060100000835|NY0001|NY0001||2|100000124|DR Ramirez MD|2|100000124|PV000124|DR Ramirez MD|7287 MEDICAL PLAZA||CA MEDICAL CTR|CA|25139|4|04|P|P|20260502|20260529|20260309|20260309|20260601||||11|194|99213|GT|I|Y|03||1|||24|02|0450|131|3|3|520.12|520.12|378.82|0.00|0.00|PR1|CO45||141.30|141.30||0.00|0.00|37.08|23.25|23.25|80.97|80.97|0.00|0.00|0.00|378.82|0.00|0.00|0.00||N|||W000000599|P|W000000599|0|1|0.00|||3|04||520.12||||||||1||04|2000000124|N|0.00|0.00|04|24||2|20260309|20260309|25|GT||||||||I10|K57.30|||||||||99213|||||||23.25|0.00|37.08|N|2||AETNA
002026060100000836|1234567|0987654|N|001|AC123456|01|I|Y||PPO|03|PKG0042|PPO001|N|F|W000000337|Jones|William|M|19821219|73968|NY|EC||W000000544|W000000544|Jones|Elijah|M|SP|19771207|202606010000836|ACAS2026060100000836||TCN2026060100000836|SRC2026060100000836|002026060100000836|NY0001|NY0001||2|100000042|DR Martinez MD|2|100000042|PV000042|DR Martinez MD|319 MEDICAL PLAZA||CA MEDICAL CTR|CA|40146|4|12|P|N|20260419|20260513|20260526|20260529|20260515||||08|379|90847|50|I|Y|06||N|||32|01|0636|121|3|3|447.70|447.70|277.28|0.00|0.00|PR1|CO45||170.42|170.42||30.00|30.00|0.83|27.71|27.71|111.88|111.88|0.00|0.00|0.00|277.28|0.00|0.00|0.00||N|||W000000544|P|W000000544|0|1|0.00|||N|12||447.70||N||||||1||12|2000000042|N|0.00|0.00|12|32|4|4|20260526|20260529|50|GT||||||||K57.30|J06.9|||J45.909||||||90847|||||||27.71|30.00|0.83|N|4||AETNA
002026060100000837|1234567|0987654|N|001|AC123456|01|I|N||PPO|02|PKG0042|PPO001|3|F|W000000310|Jackson|Riley|F|19801022|90089|TX|ES||W000000566|W000000566|Jackson|Liam|M|SP|19830506|202606010000837|ACAS2026060100000837||TCN2026060100000837|SRC2026060100000837|002026060100000837|NY0001|NY0001||2|100000283|DR Clark MD|2|100000283|PV000283|DR Clark MD|6431 MEDICAL PLAZA||AZ MEDICAL CTR|AZ|16261|4|38|P|P|20260429|20260523|20260503|20260505|20260525||||15|378|90834||I|Y|06||S|||12|04|0250|121|3|2|504.52|504.52|357.33|0.00|0.00|PR1|CO45||147.19|147.19||40.00|40.00|34.18|10.04|10.04|62.97|62.97|0.00|0.00|0.00|357.33|0.00|0.00|0.00||N|||W000000566|P|W000000566|0|1|0.00|||3|38||504.52||Y|N|||||1||38|2000000283|N|0.00|0.00|38|12||3|20260503|20260505|TC|AT||||||||Z79.899|J18.9|||||||||90834|||||||10.04|40.00|34.18|N|3||AETNA
002026060100000838|1234567|0987654|N|001|AC123456|03|P|N||PPO|02|PKG0042|PPO001|2|F|W000000139|Clark|Lucas|M|19870609|24404|IL|ES|622649283|W000000139|W000000139|Clark|Lucas|M|EE|19870609|202606010000838|ACAS2026060100000838||TCN2026060100000838|SRC2026060100000838|002026060100000838|NY0001|NY0001||2|100000092|DR Ramirez MD|2|100000092|PV000092|DR Ramirez MD|3584 MEDICAL PLAZA||IL MEDICAL CTR|IL|35869|1|02|P|P|20260503|20260529|20260527|20260527|20260530||||||99291|TC|P|Y|06||2|||21||||2|2|1491.04|1491.04|714.25|0.00|0.00|PR1|CO45||776.79|776.79||50.00|50.00|5.28|94.06|94.06|627.45|627.45|0.00|0.00|0.00|714.25|0.00|0.00|0.00||N|||W000000139|P|W000000139|0|0|0.00|||2|02||1491.04|||N|||||1||02|2000000092|N|0.00|0.00|02|21||||||AT||||||||E78.5|Z87.891|||||||||99291|||||||94.06|50.00|5.28|N|||AETNA
002026060100000839|1234567|0987654|N|001|AC123456|03|P|N||PPO|01|PKG0042|PPO001|1|F|W000000011|Jackson|Harper|F|19790224|37914|OH|EE|454137553|W000000011|W000000011|Jackson|Harper|F|EE|19790224|202606010000839|ACAS2026060100000839||TCN2026060100000839|SRC2026060100000839|002026060100000839|NY0001|NY0001||2|100000067|DR Williams MD|2|100000067|PV000067|DR Williams MD|8525 MEDICAL PLAZA||FL MEDICAL CTR|FL|64645|1|07|P|P|20260520|20260531|20260331|20260331|20260604||||||99214|51|P|Y|06||N|||11||||3|3|341.21|341.21|234.80|0.00|0.00|PR1|CO45||106.41|106.41||75.00|75.00|9.71|3.33|3.33|18.37|18.37|0.00|0.00|0.00|234.80|0.00|0.00|0.00||N|||W000000011|P|W000000011|0|0|0.00|||1|07||341.21||N||||||1||07|2000000067|N|0.00|0.00|07|11|||||95|||||||||Z79.899||E11.65||||||||99214|||||||3.33|75.00|9.71|N|||AETNA
002026060100000840|1234567|0987654|N|001|AC123456|03|P|N||PPO|03|PKG0042|PPO001|1|F|W000000142|Jones|Daniel|M|19600420|47183|FL|EF||W000000638|W000000638|Jones|Samuel|M|SP|19861226|202606010000840|ACAS2026060100000840||TCN2026060100000840|SRC2026060100000840|002026060100000840|NY0001|NY0001||2|100000166|DR Garcia MD|2|100000166|PV000166|DR Garcia MD|1230 MEDICAL PLAZA||NC MEDICAL CTR|NC|37298|1|01|P|P|20260513|20260525|20260414|20260414|20260526||||||90847|95|P|Y|03||2|||21||||3|2|2906.69|2906.69|2906.69|0.00|0.00||CO45||0.00|0.00||40.00|40.00|0.00|0.00|0.00|0.00|0.00|0.00|0.00|0.00|0.00|0.00|0.00|0.00||N|||W000000638|D|W000000638|0|0|0.00|||1|01||2906.69||||||||1||01|2000000166|N|0.00|0.00|01|21||||||59||||||||K21.0|J18.9|||||||||90847|||||||0.00|40.00|0.00|N|||AETNA
002026060100000841|1234567|0987654|N|001|AC123456|01|I|N||PPO|01|PKG0042|PPO001|3|F|W000000203|Walker|Logan|M|19740112|51864|NJ|EE|487562980|W000000203|W000000203|Walker|Logan|M|EE|19740112|202606010000841|ACAS2026060100000841||TCN2026060100000841|SRC2026060100000841|002026060100000841|NY0001|NY0001||2|100000128|DR Young MD|2|100000128|PV000128|DR Young MD|8002 MEDICAL PLAZA||NC MEDICAL CTR|NC|83568|4|08|P|P|20260425|20260513|20260503|20260507|20260516||||15|292|80061||I|Y|06||1|||99|02|0370|131|3|1|215.66|215.66|77.94|0.00|0.00|PR1|CO45||137.72|137.72||30.00|30.00|28.53|18.16|18.16|61.03|61.03|0.00|0.00|0.00|77.94|0.00|0.00|0.00||N|||W000000203|P|W000000203|0|1|0.00|||3|08||215.66||||||||1||08|2000000128|N|0.00|0.00|08|99|7||20260503|20260507||TC||||||||S93.401||||||||||80061|||||||18.16|30.00|28.53|N|||AETNA
002026060100000842|1234567|0987654|N|001|AC123456|03|P|N||PPO|02|PKG0042|PPO001|3|F|W000000036|Lewis|Amelia|F|19730919|84509|OH|EF||W000000460|W000000460|Lewis|Ella|F|CH|20100606|202606010000842|ACAS2026060100000842||TCN2026060100000842|SRC2026060100000842|002026060100000842|NY0001|NY0001||2|100000030|DR Robinson MD|2|100000030|PV000030|DR Robinson MD|9720 MEDICAL PLAZA||PA MEDICAL CTR|PA|71699|1|50|P|P|20260508|20260524|20260502|20260502|20260527||||||85025|59|P|Y|01||S|||24||||3|3|2625.73|2625.73|695.14|0.00|0.00|PR1|CO45||1930.59|1930.59||20.00|20.00|99.62|228.71|228.71|1582.26|1582.26|0.00|0.00|0.00|695.14|0.00|0.00|0.00||N|||W000000460|P|W000000460|0|0|0.00|||3|50||2625.73||||||||1||50|2000000030|N|0.00|0.00|50|24||||||95||||||||E66.9||||||||||85025|||||||228.71|20.00|99.62|N|||AETNA
002026060100000843|1234567|0987654|N|001|AC123456|01|I|Y||PPO|02|PKG0042|PPO001|N|F|W000000186|Sanchez|Riley|F|19780720|23308|PA|EC||W000000637|W000000637|Sanchez|Chloe|F|CH|20040113|202606010000843|ACAS2026060100000843||TCN2026060100000843|SRC2026060100000843|002026060100000843|NY0001|NY0001||2|100000245|DR Lee MD|2|100000245|PV000245|DR Lee MD|3916 MEDICAL PLAZA||TX MEDICAL CTR|TX|74656|4|05|P|N|20260421|20260513|20260403|20260406|20260516||||05|293|99204||I|Y|08||2|||22|05|0100|212|2|2|280.33|280.33|77.31|0.00|0.00|PR1|CO45||203.02|203.02||75.00|75.00|29.89|15.02|15.02|83.11|83.11|0.00|0.00|0.00|77.31|0.00|0.00|0.00||N|||W000000637|P|W000000637|0|1|0.00|||N|05||280.33||||N||||1||05|2000000245|N|0.00|0.00|05|22||1|20260403|20260406|59|95||||||||G43.909|Z87.891|R51||||||||99204|||||||15.02|75.00|29.89|N|1||AETNA
002026060100000844|1234567|0987654|N|001|AC123456|03|P|N||PPO|02|PKG0042|PPO001|2|F|W000000026|Young|Chloe|F|19890101|31676|CA|EF|579461363|W000000026|W000000026|Young|Chloe|F|EE|19890101|202606010000844|ACAS2026060100000844||TCN2026060100000844|SRC2026060100000844|002026060100000844|NY0001|NY0001||2|100000254|DR Robinson MD|2|100000254|PV000254|DR Robinson MD|7842 MEDICAL PLAZA||MA MEDICAL CTR|MA|23614|1|40|P|P|20260517|20260522|20260512|20260512|20260524||||||36415||P|Y|03||N|||99||||3|3|664.57|664.57|407.59|0.00|0.00|PR1|CO45||256.98|256.98||30.00|30.00|55.65|23.24|23.24|148.09|148.09|0.00|0.00|0.00|407.59|0.00|0.00|0.00||N|||W000000026|P|W000000026|0|0|0.00|||2|40||664.57||||||||1||40|2000000254|N|0.00|0.00|40|99||||||95||||||||K21.0|Z12.31|||||||||36415|||||||23.24|30.00|55.65|N|||AETNA
002026060100000845|1234567|0987654|N|001|AC123456|01|I|Y||PPO|03|PKG0042|PPO001|N|F|W000000004|Lee|Zoey|F|19730727|23341|PA|EE|427284552|W000000004|W000000004|Lee|Zoey|F|EE|19730727|202606010000845|ACAS2026060100000845||TCN2026060100000845|SRC2026060100000845|002026060100000845|NY0001|NY0001||2|100000223|DR Walker MD|2|100000223|PV000223|DR Walker MD|692 MEDICAL PLAZA||AZ MEDICAL CTR|AZ|60200|4|38|P|N|20260509|20260517|20260414|20260417|20260518||||10|196|93000|25|I|Y|08||B|||11|03|0450|131|2|2|438.49|438.49|322.42|0.00|0.00|PR1|CO45||116.07|116.07||50.00|50.00|32.64|3.96|3.96|29.47|29.47|0.00|0.00|0.00|322.42|0.00|0.00|0.00||N|||W000000004|P|W000000004|0|1|0.00|||N|38||438.49|||N|N||||1||38|2000000223|N|0.00|0.00|38|11|7|4|20260414|20260417|95|AT|N|||||||Z23|Z79.899|Z23|E66.9|||||||93000|||||||3.96|50.00|32.64|N|4||AETNA
002026060100000846|1234567|0987654|N|001|AC123456|03|P|Y||PPO|02|PKG0042|PPO001|N|F|W000000004|Lee|Zoey|F|19730727|23341|PA|EE|427284552|W000000004|W000000004|Lee|Zoey|F|EE|19730727|202606010000846|ACAS2026060100000846||TCN2026060100000846|SRC2026060100000846|002026060100000846|NY0001|NY0001||2|100000186|DR Sanchez MD|2|100000186|PV000186|DR Sanchez MD|1651 MEDICAL PLAZA||FL MEDICAL CTR|FL|33188|1|06|P|N|20260424|20260517|20260405|20260405|20260518||||||99291||P|Y|02||S|||21||||2|1|496.62|496.62|290.67|0.00|0.00|PR1|CO45||205.95|205.95||40.00|40.00|39.19|24.97|24.97|101.79|101.79|0.00|0.00|0.00|290.67|0.00|0.00|0.00||N|||W000000004|P|W000000004|0|0|0.00|||N|06||496.62||N||||||1||06|2000000186|N|0.00|0.00|06|21||||||||||||||Z87.891||||||||||99291|||||||24.97|40.00|39.19|N|||AETNA
002026060100000847|1234567|0987654|N|001|AC123456|03|P|Y||PPO|02|PKG0042|PPO001|N|F|W000000110|Rodriguez|Alexander|M|19870201|24764|OH|EF|768651690|W000000110|W000000110|Rodriguez|Alexander|M|EE|19870201|202606010000847|ACAS2026060100000847||TCN2026060100000847|SRC2026060100000847|002026060100000847|NY0001|NY0001||2|100000121|DR Harris MD|2|100000121|PV000121|DR Harris MD|2836 MEDICAL PLAZA||WA MEDICAL CTR|WA|46019|1|01|P|N|20260506|20260531|20260507|20260507|20260603||||||99283|59|P|Y|01||F|||24||||2|2|1314.42|1314.42|520.19|0.00|0.00|PR1|CO45||794.23|794.23||75.00|75.00|5.88|108.34|108.34|605.01|605.01|0.00|0.00|0.00|520.19|0.00|0.00|0.00||N|||W000000110|P|W000000110|0|0|0.00|||N|01||1314.42||||N||||1||01|2000000121|N|0.00|0.00|01|24|||||50|51||||||||M79.3||Z79.899|M17.11|||||||99283|||||||108.34|75.00|5.88|N|||AETNA
002026060100000848|1234567|0987654|N|001|AC123456|03|P|N||PPO|03|PKG0042|PPO001|1|F|W000000037|Ramirez|Aria|F|19770207|16500|IL|EC|166627590|W000000037|W000000037|Ramirez|Aria|F|EE|19770207|202606010000848|ACAS2026060100000848||TCN2026060100000848|SRC2026060100000848|002026060100000848|NY0001|NY0001||2|100000163|DR Williams MD|2|100000163|PV000163|DR Williams MD|1381 MEDICAL PLAZA||AZ MEDICAL CTR|AZ|67221|1|38|P|P|20260519|20260531|20260508|20260508|20260604||||||99205|50|P|Y|02||S|||13||||1|3|2379.99|2379.99|2379.99|0.00|0.00||CO45||0.00|0.00||75.00|75.00|0.00|0.00|0.00|0.00|0.00|0.00|0.00|0.00|0.00|0.00|0.00|0.00||N|||W000000037|D|W000000037|0|0|0.00|||1|38||2379.99|||N|||||1||38|2000000163|N|0.00|0.00|38|13||||||||||||||E11.9|I10|J06.9||||||||99205|||||||0.00|75.00|0.00|N|||AETNA
002026060100000849|1234567|0987654|N|001|AC123456|03|P|N||PPO|03|PKG0042|PPO001|3|F|W000000157|Harris|Logan|M|19910419|49046|MI|ES||W000000574|W000000574|Harris|Olivia|F|CH|20110522|202606010000849|ACAS2026060100000849||TCN2026060100000849|SRC2026060100000849|002026060100000849|NY0001|NY0001||2|100000157|DR Lewis MD|2|100000157|PV000157|DR Lewis MD|672 MEDICAL PLAZA||GA MEDICAL CTR|GA|58631|1|07|P|P|20260502|20260514|20260427|20260427|20260515||||||90847|59|P|Y|01||2|||99||||2|1|1829.77|1829.77|1043.23|0.00|0.00|PR1|CO45||786.54|786.54||50.00|50.00|36.09|161.03|161.03|539.42|539.42|0.00|0.00|0.00|1043.23|0.00|0.00|0.00||N|||W000000574|P|W000000574|0|0|0.00|||3|07||1829.77||||Y||||1||07|2000000157|N|0.00|0.00|07|99||||||||||||||K57.30||F32.9|Z23|||||||90847|||||||161.03|50.00|36.09|N|||AETNA
002026060100000850|1234567|0987654|N|001|AC123456|03|P|N||PPO|01|PKG0042|PPO001|2|F|W000000182|Williams|Sebastian|M|19750911|78402|PA|EC||W000000425|W000000425|Williams|Liam|M|CH|20190716|202606010000850|ACAS2026060100000850||TCN2026060100000850|SRC2026060100000850|002026060100000850|NY0001|NY0001||2|100000050|DR Moore MD|2|100000050|PV000050|DR Moore MD|2571 MEDICAL PLAZA||VA MEDICAL CTR|VA|88551|1|05|P|P|20260425|20260514|20260407|20260407|20260518||||||99204||P|Y|04||S|||32||||1|1|471.48|471.48|283.35|0.00|0.00|PR1|CO45||188.13|188.13||40.00|40.00|2.70|30.87|30.87|114.56|114.56|0.00|0.00|0.00|283.35|0.00|0.00|0.00||N|||W000000425|P|W000000425|0|0|0.00|||2|05||471.48||||||||1||05|2000000050|N|0.00|0.00|05|32|||||GT|||||||||F32.9|J18.9|Z87.891||||||||99204|||||||30.87|40.00|2.70|N|||AETNA
002026060100000851|1234567|0987654|N|001|AC123456|01|I|N||PPO|02|PKG0042|PPO001|3|F|W000000014|Rodriguez|Zoey|F|19800425|93440|NY|EE||W000000687|W000000687|Rodriguez|Charlotte|F|SP|19940804|202606010000851|ACAS2026060100000851||TCN2026060100000851|SRC2026060100000851|002026060100000851|NY0001|NY0001||2|100000025|DR Harris MD|2|100000025|PV000025|DR Harris MD|2925 MEDICAL PLAZA||NY MEDICAL CTR|NY|35829|4|10|P|P|20260513|20260529|20260506|20260506|20260602||||13|291|90847|51|I|Y|03||S|||99|07|0730|212|3|3|777.91|777.91|498.12|0.00|0.00|PR1|CO45||279.79|279.79||0.00|0.00|50.24|49.60|49.60|179.95|179.95|0.00|0.00|0.00|498.12|0.00|0.00|0.00||N|||W000000687|P|W000000687|0|1|0.00|||3|10||777.91||||||||1||10|2000000025|N|0.00|0.00|10|99|2|9|20260506|20260506||||||||||Z87.891||Z00.00||||||||90847|||||||49.60|0.00|50.24|N|9||AETNA
002026060100000852|1234567|0987654|N|001|AC123456|03|P|N||PPO|01|PKG0042|PPO001|2|F|W000000246|Gonzalez|Ava|F|19820118|91913|CO|EC||W000000562|W000000562|Gonzalez|Victoria|F|CH|20141013|202606010000852|ACAS2026060100000852||TCN2026060100000852|SRC2026060100000852|002026060100000852|NY0001|NY0001||2|100000076|DR Lopez MD|2|100000076|PV000076|DR Lopez MD|4271 MEDICAL PLAZA||CA MEDICAL CTR|CA|52718|1|01|P|P|20260510|20260519|20260425|20260425|20260520||||||99291||P|Y|03||4|||23||||1|2|342.14|342.14|135.81|0.00|0.00|PR1|CO45||206.33|206.33||0.00|0.00|48.09|16.75|16.75|141.49|141.49|0.00|0.00|0.00|135.81|0.00|0.00|0.00||N|||W000000562|P|W000000562|0|0|0.00|||2|01||342.14||||||||1||01|2000000076|N|0.00|0.00|01|23|||||95|26||||||||M54.5|Z87.891|E78.5||||||||99291|||||||16.75|0.00|48.09|N|||AETNA
002026060100000853|1234567|0987654|N|001|AC123456|03|P|N||PPO|03|PKG0042|PPO001|3|F|W000000368|Lee|Mia|F|19670107|62901|MI|EF||W000000675|W000000675|Lee|Noah|M|CH|20131204|202606010000853|ACAS2026060100000853||TCN2026060100000853|SRC2026060100000853|002026060100000853|NY0001|NY0001||2|100000137|DR Rodriguez MD|2|100000137|PV000137|DR Rodriguez MD|1227 MEDICAL PLAZA||IL MEDICAL CTR|IL|72234|1|02|P|P|20260427|20260514|20260411|20260411|20260516||||||99283|50|P|Y|02||A|||24||||2|2|286.34|286.34|120.39|0.00|0.00|PR1|CO45||165.95|165.95||40.00|40.00|1.80|29.46|29.46|94.69|94.69|0.00|0.00|0.00|120.39|0.00|0.00|0.00||N|||W000000675|P|W000000675|0|0|0.00|||3|02||286.34||||Y||||1||02|2000000137|N|0.00|0.00|02|24||||||AT||||||||J30.9|M79.3|J30.9||||||||99283|||||||29.46|40.00|1.80|N|||AETNA
002026060100000854|1234567|0987654|N|001|AC123456|03|P|N||PPO|03|PKG0042|PPO001|2|F|W000000167|Miller|Mason|M|19860408|68358|VA|EF|937851926|W000000167|W000000167|Miller|Mason|M|EE|19860408|202606010000854|ACAS2026060100000854||TCN2026060100000854|SRC2026060100000854|002026060100000854|NY0001|NY0001||2|100000049|DR Taylor MD|2|100000049|PV000049|DR Taylor MD|6783 MEDICAL PLAZA||NC MEDICAL CTR|NC|72822|1|04|P|P|20260418|20260513|20260512|20260512|20260517||||||82947||P|Y|05||M|||12||||2|3|251.05|251.05|121.07|0.00|0.00|PR1|CO45||129.98|129.98||50.00|50.00|30.56|9.20|9.20|40.22|40.22|0.00|0.00|0.00|121.07|0.00|0.00|0.00||N|||W000000167|P|W000000167|0|0|0.00|||2|04||251.05||Y||||||1||04|2000000049|N|0.00|0.00|04|12|||||AT|51||||||||Z12.31|J06.9|||||||||82947|||||||9.20|50.00|30.56|N|||AETNA
002026060100000855|1234567|0987654|N|001|AC123456|03|P|N||PPO|03|PKG0042|PPO001|3|F|W000000202|Miller|Carter|M|19750610|49187|TX|ES|407986662|W000000202|W000000202|Miller|Carter|M|EE|19750610|202606010000855|ACAS2026060100000855||TCN2026060100000855|SRC2026060100000855|002026060100000855|NY0001|NY0001||2|100000033|DR Smith MD|2|100000033|PV000033|DR Smith MD|3016 MEDICAL PLAZA||NY MEDICAL CTR|NY|26212|1|03|P|P|20260503|20260526|20260409|20260409|20260529||||||99395|25|P|Y|01||4|||99||||1|1|458.55|458.55|135.09|0.00|0.00|PR1|CO45||323.46|323.46||50.00|50.00|68.55|35.98|35.98|168.93|168.93|0.00|0.00|0.00|135.09|0.00|0.00|0.00||N|||W000000202|P|W000000202|0|0|0.00|||3|03||458.55||N|N|||||1||03|2000000033|N|0.00|0.00|03|99|||||95|26||||||||R05|J18.9|||S93.401||||||99395|||||||35.98|50.00|68.55|N|||AETNA
002026060100000856|1234567|0987654|N|001|AC123456|03|P|Y||PPO|01|PKG0042|PPO001|N|F|W000000336|Young|Scarlett|F|19730316|15878|FL|EE||W000000595|W000000595|Young|Michael|M|CH|20200318|202606010000856|ACAS2026060100000856||TCN2026060100000856|SRC2026060100000856|002026060100000856|NY0001|NY0001||2|100000256|DR Young MD|2|100000256|PV000256|DR Young MD|8173 MEDICAL PLAZA||NJ MEDICAL CTR|NJ|48423|1|01|P|N|20260421|20260516|20260516|20260516|20260519||||||80053|GT|P|Y|02||1|||31||||1|3|822.35|822.35|574.35|0.00|0.00|PR1|CO45||248.00|248.00||20.00|20.00|55.95|17.48|17.48|154.57|154.57|0.00|0.00|0.00|574.35|0.00|0.00|0.00||N|||W000000595|P|W000000595|0|0|0.00|||N|01||822.35||||||||1||01|2000000256|N|0.00|0.00|01|31||||||||||||||J30.9|N39.0|||||||||80053|||||||17.48|20.00|55.95|N|||AETNA
002026060100000857|1234567|0987654|N|001|AC123456|01|I|N||PPO|02|PKG0042|PPO001|3|F|W000000172|Gonzalez|Jacob|M|19750518|23996|OH|EE|811312781|W000000172|W000000172|Gonzalez|Jacob|M|EE|19750518|202606010000857|ACAS2026060100000857||TCN2026060100000857|SRC2026060100000857|002026060100000857|NY0001|NY0001||2|100000113|DR Taylor MD|2|100000113|PV000113|DR Taylor MD|5652 MEDICAL PLAZA||WA MEDICAL CTR|WA|91857|4|08|P|P|20260428|20260519|20260515|20260516|20260523||||10|196|82947|59|I|Y|08||1|||11|03|0100|212|1|3|130.97|130.97|88.43|0.00|0.00|PR1|CO45||42.54|42.54||40.00|40.00|3.12|0.00|0.00|0.00|0.00|0.00|0.00|0.00|88.43|0.00|0.00|0.00||N|||W000000172|P|W000000172|0|1|0.00|||3|08||130.97||N||||||1||08|2000000113|N|0.00|0.00|08|11|4|1|20260515|20260516|AT|59||||||||E78.5||||||||||82947|||||||0.00|40.00|3.12|N|1||AETNA
002026060100000858|1234567|0987654|N|001|AC123456|01|I|N||PPO|02|PKG0042|PPO001|3|F|W000000041|Smith|Sebastian|M|19730319|51457|MA|ES|259524128|W000000041|W000000041|Smith|Sebastian|M|EE|19730319|202606010000858|ACAS2026060100000858||TCN2026060100000858|SRC2026060100000858|002026060100000858|NY0001|NY0001||2|100000176|DR Thomas MD|2|100000176|PV000176|DR Thomas MD|655 MEDICAL PLAZA||MI MEDICAL CTR|MI|53205|4|11|P|P|20260418|20260514|20260507|20260510|20260516||||12|292|99203|59|I|Y|05||B|||99|04|0636|131|3|3|639.44|639.44|356.98|0.00|0.00|PR1|CO45||282.46|282.46||75.00|75.00|33.35|31.62|31.62|142.49|142.49|0.00|0.00|0.00|356.98|0.00|0.00|0.00||N|||W000000041|P|W000000041|0|1|0.00|||3|11||639.44||N|Y|||||1||11|2000000176|N|0.00|0.00|11|99|7|2|20260507|20260510||51||||||||Z87.891|S93.401|||||||||99203|||||||31.62|75.00|33.35|N|2||AETNA
002026060100000859|1234567|0987654|N|001|AC123456|01|I|N||PPO|03|PKG0042|PPO001|3|F|W000000055|Young|Charlotte|F|19860618|24268|AZ|EE||W000000469|W000000469|Young|Alexander|M|SP|19810117|202606010000859|ACAS2026060100000859||TCN2026060100000859|SRC2026060100000859|002026060100000859|NY0001|NY0001||2|100000158|DR Robinson MD|2|100000158|PV000158|DR Robinson MD|9465 MEDICAL PLAZA||VA MEDICAL CTR|VA|36426|4|08|P|P|20260518|20260529|20260503|20260504|20260531||||06|683|80053|59|I|Y|02||1|||23|05|0730|131|1|3|2412.99|2412.99|1018.42|0.00|0.00|PR1|CO45||1394.57|1394.57||0.00|0.00|50.10|300.86|300.86|1043.61|1043.61|0.00|0.00|0.00|1018.42|0.00|0.00|0.00||N|||W000000469|P|W000000469|0|1|0.00|||3|08||2412.99||Y||||||1||08|2000000158|N|0.00|0.00|08|23|1||20260503|20260504|26|25||||||||S93.401||E78.5||||||||80053|||||||300.86|0.00|50.10|N|||AETNA
002026060100000860|1234567|0987654|N|001|AC123456|01|I|N||PPO|03|PKG0042|PPO001|1|F|W000000382|Thomas|Joseph|M|19720327|52997|IL|EC||W000000561|W000000561|Thomas|Zoey|F|CH|20090624|202606010000860|ACAS2026060100000860||TCN2026060100000860|SRC2026060100000860|002026060100000860|NY0001|NY0001||2|100000221|DR Lewis MD|2|100000221|PV000221|DR Lewis MD|205 MEDICAL PLAZA||OH MEDICAL CTR|OH|48310|4|11|P|P|20260514|20260520|20260525|20260526|20260523||||05|378|80053|50|I|Y|05||1|||23|07|0300|112|3|2|1726.11|1726.11|790.49|0.00|0.00|PR1|CO45||935.62|935.62||30.00|30.00|67.05|166.31|166.31|672.26|672.26|0.00|0.00|0.00|790.49|0.00|0.00|0.00||N|||W000000561|P|W000000561|0|1|0.00|||1|11||1726.11||||||||1||11|2000000221|N|0.00|0.00|11|23|2|1|20260525|20260526|26|51||||||||R05|R05|||||||||80053|||||||166.31|30.00|67.05|N|1||AETNA
002026060100000861|1234567|0987654|N|001|AC123456|03|P|N||PPO|02|PKG0042|PPO001|1|F|W000000389|Wilson|Jacob|M|19670418|27706|NJ|EC||W000000678|W000000678|Wilson|Henry|M|SP|19710816|202606010000861|ACAS2026060100000861||TCN2026060100000861|SRC2026060100000861|002026060100000861|NY0001|NY0001||2|100000222|DR Robinson MD|2|100000222|PV000222|DR Robinson MD|3983 MEDICAL PLAZA||IL MEDICAL CTR|IL|45509|1|12|P|P|20260524|20260531|20260307|20260307|20260604||||||85025|95|P|Y|04||S|||32||||2|1|404.48|404.48|288.39|0.00|0.00|PR1|CO45||116.09|116.09||75.00|75.00|10.55|6.70|6.70|23.84|23.84|0.00|0.00|0.00|288.39|0.00|0.00|0.00||N|||W000000678|P|W000000678|0|0|0.00|||1|12||404.48||||||||1||12|2000000222|N|0.00|0.00|12|32|||||AT|59||||||||Z79.899|S93.401|||||||||85025|||||||6.70|75.00|10.55|N|||AETNA
002026060100000862|1234567|0987654|N|001|AC123456|03|P|N||PPO|01|PKG0042|PPO001|1|F|W000000294|Davis|Elizabeth|F|19640618|82597|AZ|EE||W000000650|W000000650|Davis|Amelia|F|SP|19840504|202606010000862|ACAS2026060100000862||TCN2026060100000862|SRC2026060100000862|002026060100000862|NY0001|NY0001||2|100000089|DR Harris MD|2|100000089|PV000089|DR Harris MD|6195 MEDICAL PLAZA||MA MEDICAL CTR|MA|84206|1|40|P|P|20260426|20260525|20260501|20260501|20260527||||||90847|26|P|Y|06||1|||23||||3|1|202.89|202.89|54.94|0.00|0.00|PR1|CO45||147.95|147.95||20.00|20.00|14.18|23.20|23.20|90.57|90.57|0.00|0.00|0.00|54.94|0.00|0.00|0.00||N|||W000000650|P|W000000650|1|0|0.00|||1|40||202.89||Y||||||1||40|2000000089|N|0.00|0.00|40|23|||||26|26||||||||E66.9|||E78.5|||||||90847|||||||23.20|20.00|14.18|N|||AETNA
002026060100000863|1234567|0987654|N|001|AC123456|03|P|N||PPO|02|PKG0042|PPO001|2|F|W000000085|Thomas|Jacob|M|19730328|40865|NC|EC|824204042|W000000085|W000000085|Thomas|Jacob|M|EE|19730328|202606010000863|ACAS2026060100000863||TCN2026060100000863|SRC2026060100000863|002026060100000863|NY0001|NY0001||2|100000255|DR Walker MD|2|100000255|PV000255|DR Walker MD|1360 MEDICAL PLAZA||MA MEDICAL CTR|MA|78479|1|50|P|P|20260510|20260531|20260320|20260320|20260602||||||99396|25|P|Y|02||F|||31||||3|3|983.24|983.24|587.45|0.00|0.00|PR1|CO45||395.79|395.79||20.00|20.00|20.78|84.54|84.54|270.47|270.47|0.00|0.00|0.00|587.45|0.00|0.00|0.00||N|||W000000085|P|W000000085|0|0|0.00|||2|50||983.24|||Y|||||1||50|2000000255|N|0.00|0.00|50|31|||||TC||Y|N||||||F41.9|I50.9|N39.0|Z12.31|Z79.899||||||99396|||||||84.54|20.00|20.78|N|||AETNA
002026060100000864|1234567|0987654|N|001|AC123456|03|P|Y||PPO|03|PKG0042|PPO001|N|F|W000000239|Smith|William|M|19661117|71345|OH|EF||W000000541|W000000541|Smith|Samuel|M|SP|19790115|202606010000864|ACAS2026060100000864||TCN2026060100000864|SRC2026060100000864|002026060100000864|NY0001|NY0001||2|100000112|DR Thomas MD|2|100000112|PV000112|DR Thomas MD|6027 MEDICAL PLAZA||AZ MEDICAL CTR|AZ|92808|1|07|P|N|20260512|20260523|20260312|20260312|20260526||||||80061|51|P|Y|05||M|||11||||3|2|92.78|92.78|52.93|0.00|0.00|PR1|CO45||39.85|39.85||30.00|30.00|2.26|1.02|1.02|6.57|6.57|0.00|0.00|0.00|52.93|0.00|0.00|0.00||N|||W000000541|P|W000000541|0|0|0.00|||N|07||92.78||N|Y|||||1||07|2000000112|N|0.00|0.00|07|11|||||TC|||||||||F41.9|J44.1|I50.9||||||||80061|||||||1.02|30.00|2.26|N|||AETNA
002026060100000865|1234567|0987654|N|001|AC123456|03|P|N||PPO|03|PKG0042|PPO001|2|F|W000000077|Lopez|Lucas|M|19640319|25802|MI|ES||W000000593|W000000593|Lopez|Emily|F|CH|20150802|202606010000865|ACAS2026060100000865||TCN2026060100000865|SRC2026060100000865|002026060100000865|NY0001|NY0001||2|100000251|DR Clark MD|2|100000251|PV000251|DR Clark MD|4493 MEDICAL PLAZA||CO MEDICAL CTR|CO|53870|1|11|P|P|20260420|20260516|20260320|20260320|20260519||||||71046||P|Y|07||A|||21||||2|2|1708.94|1708.94|748.83|0.00|0.00|PR1|CO45||960.11|960.11||50.00|50.00|259.65|84.76|84.76|565.70|565.70|0.00|0.00|0.00|748.83|0.00|0.00|0.00||N|||W000000593|P|W000000593|0|0|0.00|||2|11||1708.94|||Y|||||1||11|2000000251|N|0.00|0.00|11|21|||||||N|||||||Z87.891|M79.3||G43.909|||||||71046|||||||84.76|50.00|259.65|N|||AETNA
002026060100000866|1234567|0987654|N|001|AC123456|03|P|Y||PPO|03|PKG0042|PPO001|N|F|W000000180|Jones|Victoria|F|19711224|62163|NJ|EC||W000000489|W000000489|Jones|Zoey|F|CH|20070806|202606010000866|ACAS2026060100000866||TCN2026060100000866|SRC2026060100000866|002026060100000866|NY0001|NY0001||2|100000122|DR Sanchez MD|2|100000122|PV000122|DR Sanchez MD|1141 MEDICAL PLAZA||AZ MEDICAL CTR|AZ|20993|1|02|P|N|20260507|20260519|20260318|20260318|20260523||||||71046||P|Y|06||2|||31||||2|1|554.71|554.71|153.89|0.00|0.00|PR1|CO45||400.82|400.82||20.00|20.00|94.26|59.28|59.28|227.28|227.28|0.00|0.00|0.00|153.89|0.00|0.00|0.00||N|||W000000489|P|W000000489|0|0|0.00|||N|02||554.71|||N|||||1||02|2000000122|N|0.00|0.00|02|31||||||GT||||||||J18.9|E11.65|K57.30||||||||71046|||||||59.28|20.00|94.26|N|||AETNA
002026060100000867|1234567|0987654|N|001|AC123456|03|P|N||PPO|01|PKG0042|PPO001|1|F|W000000157|Harris|Logan|M|19910419|49046|MI|ES||W000000574|W000000574|Harris|Olivia|F|CH|20110522|202606010000867|ACAS2026060100000867||TCN2026060100000867|SRC2026060100000867|002026060100000867|NY0001|NY0001||2|100000034|DR Johnson MD|2|100000034|PV000034|DR Johnson MD|8821 MEDICAL PLAZA||NJ MEDICAL CTR|NJ|96412|1|04|P|P|20260506|20260525|20260519|20260519|20260528||||||99213||P|Y|08||4|||13||||3|3|3154.56|3154.56|1320.68|0.00|0.00|PR1|CO45||1833.88|1833.88||50.00|50.00|189.52|279.35|279.35|1315.01|1315.01|0.00|0.00|0.00|1320.68|0.00|0.00|0.00||N|||W000000574|P|W000000574|0|0|0.00|||1|04||3154.56||N||||||1||04|2000000034|N|0.00|0.00|04|13|||||26|TC||||||||I25.10|S93.401|E11.9||||||||99213|||||||279.35|50.00|189.52|N|||AETNA
002026060100000868|1234567|0987654|N|001|AC123456|01|I|Y||PPO|03|PKG0042|PPO001|N|F|W000000346|Clark|Olivia|F|19780508|40451|WA|ES||W000000587|W000000587|Clark|Joseph|M|SP|19940405|202606010000868|ACAS2026060100000868||TCN2026060100000868|SRC2026060100000868|002026060100000868|NY0001|NY0001||2|100000229|DR Jones MD|2|100000229|PV000229|DR Jones MD|6185 MEDICAL PLAZA||VA MEDICAL CTR|VA|94265|4|04|P|N|20260512|20260523|20260426|20260427|20260527||||11|379|85025||I|Y|03||B|||99|03|0250|212|1|2|153.25|153.25|41.78|0.00|0.00|PR1|CO45||111.47|111.47||20.00|20.00|31.69|11.35|11.35|48.43|48.43|0.00|0.00|0.00|41.78|0.00|0.00|0.00||N|||W000000587|P|W000000587|0|1|0.00|||N|04||153.25|||N|||||1||04|2000000229|N|0.00|0.00|04|99|4|1|20260426|20260427|26|50||||||||Z00.00|M17.11|||||||||85025|||||||11.35|20.00|31.69|N|1||AETNA
002026060100000869|1234567|0987654|N|001|AC123456|03|P|N||PPO|03|PKG0042|PPO001|3|F|W000000313|Taylor|Benjamin|M|19911114|41957|NC|ES|629232175|W000000313|W000000313|Taylor|Benjamin|M|EE|19911114|202606010000869|ACAS2026060100000869||TCN2026060100000869|SRC2026060100000869|002026060100000869|NY0001|NY0001||2|100000010|DR Martinez MD|2|100000010|PV000010|DR Martinez MD|7976 MEDICAL PLAZA||AZ MEDICAL CTR|AZ|46137|1|10|P|P|20260518|20260525|20260325|20260325|20260526||||||99232|GT|P|Y|04||N|||24||||2|3|1451.60|1451.60|952.55|0.00|0.00|PR1|CO45||499.05|499.05||30.00|30.00|35.77|89.38|89.38|343.90|343.90|0.00|0.00|0.00|952.55|0.00|0.00|0.00||N|||W000000313|P|W000000313|0|0|0.00|||3|10||1451.60|||Y|||||1||10|2000000010|N|0.00|0.00|10|24|||||26|TC||||||||G43.909|Z23|R51|I25.10|||||||99232|||||||89.38|30.00|35.77|N|||AETNA
002026060100000870|1234567|0987654|N|001|AC123456|03|P|N||PPO|02|PKG0042|PPO001|3|F|W000000029|Thompson|Matthew|M|19810504|39185|OH|EE|833226616|W000000029|W000000029|Thompson|Matthew|M|EE|19810504|202606010000870|ACAS2026060100000870||TCN2026060100000870|SRC2026060100000870|002026060100000870|NY0001|NY0001||2|100000232|DR Davis MD|2|100000232|PV000232|DR Davis MD|7229 MEDICAL PLAZA||MI MEDICAL CTR|MI|57464|1|07|P|P|20260507|20260518|20260409|20260409|20260520||||||90834|50|P|Y|02||M|||13||||3|2|610.68|610.68|610.68|0.00|0.00||CO45||0.00|0.00||40.00|40.00|0.00|0.00|0.00|0.00|0.00|0.00|0.00|0.00|0.00|0.00|0.00|0.00||N|||W000000029|D|W000000029|0|0|0.00|||3|07||610.68||Y||||||1||07|2000000232|N|0.00|0.00|07|13|||||AT|AT||||||||E11.65|K57.30|||||||||90834|||||||0.00|40.00|0.00|N|||AETNA
002026060100000871|1234567|0987654|N|001|AC123456|03|P|N||PPO|02|PKG0042|PPO001|3|F|W000000320|Brown|Sebastian|M|19610625|93316|VA|EF|122851326|W000000320|W000000320|Brown|Sebastian|M|EE|19610625|202606010000871|ACAS2026060100000871||TCN2026060100000871|SRC2026060100000871|002026060100000871|NY0001|NY0001||2|100000013|DR Gonzalez MD|2|100000013|PV000013|DR Gonzalez MD|8989 MEDICAL PLAZA||IL MEDICAL CTR|IL|59583|1|38|P|P|20260516|20260526|20260527|20260527|20260529||||||99395|26|P|Y|06||F|||22||||3|1|502.00|502.00|168.45|0.00|0.00|PR1|CO45||333.55|333.55||0.00|0.00|81.41|55.01|55.01|197.13|197.13|0.00|0.00|0.00|168.45|0.00|0.00|0.00||N|||W000000320|P|W000000320|0|0|0.00|||3|38||502.00||||||||1||38|2000000013|N|0.00|0.00|38|22|||||GT|26||||||||N39.0|G47.33|||||||||99395|||||||55.01|0.00|81.41|N|||AETNA
002026060100000872|1234567|0987654|N|001|AC123456|03|P|N||PPO|03|PKG0042|PPO001|1|F|W000000142|Jones|Daniel|M|19600420|47183|FL|EF|837984015|W000000142|W000000142|Jones|Daniel|M|EE|19600420|202606010000872|ACAS2026060100000872||TCN2026060100000872|SRC2026060100000872|002026060100000872|NY0001|NY0001||2|100000063|DR Walker MD|2|100000063|PV000063|DR Walker MD|4924 MEDICAL PLAZA||MI MEDICAL CTR|MI|40802|1|03|P|P|20260512|20260530|20260409|20260409|20260601||||||90847|25|P|Y|04||B|||12||||1|2|207.60|207.60|102.86|0.00|0.00|PR1|CO45||104.74|104.74||50.00|50.00|13.92|6.03|6.03|34.79|34.79|0.00|0.00|0.00|102.86|0.00|0.00|0.00||N|||W000000142|P|W000000142|0|0|0.00|||1|03||207.60||Y|N|||||1||03|2000000063|N|0.00|0.00|03|12|||||95|AT||||||||Z87.891|I50.9|||||||||90847|||||||6.03|50.00|13.92|N|||AETNA
002026060100000873|1234567|0987654|N|001|AC123456|03|P|N||PPO|02|PKG0042|PPO001|1|F|W000000080|Jackson|William|M|19931208|94505|OH|EF|623771557|W000000080|W000000080|Jackson|William|M|EE|19931208|202606010000873|ACAS2026060100000873||TCN2026060100000873|SRC2026060100000873|002026060100000873|NY0001|NY0001||2|100000182|DR Perez MD|2|100000182|PV000182|DR Perez MD|2836 MEDICAL PLAZA||WA MEDICAL CTR|WA|89258|1|02|P|P|20260517|20260522|20260320|20260320|20260524||||||99291|GT|P|Y|05||1|||24||||3|1|1103.66|1103.66|1103.66|0.00|0.00||CO45||0.00|0.00||50.00|50.00|0.00|0.00|0.00|0.00|0.00|0.00|0.00|0.00|0.00|0.00|0.00|0.00||N|||W000000080|D|W000000080|0|0|0.00|||1|02||1103.66||||||||1||02|2000000182|N|0.00|0.00|02|24|||||25|59||||||||K57.30|J45.909|||||||||99291|||||||0.00|50.00|0.00|N|||AETNA
002026060100000874|1234567|0987654|N|001|AC123456|03|P|N||PPO|02|PKG0042|PPO001|1|F|W000000088|Lopez|Sofia|F|19850107|93789|CO|ES|537589625|W000000088|W000000088|Lopez|Sofia|F|EE|19850107|202606010000874|ACAS2026060100000874||TCN2026060100000874|SRC2026060100000874|002026060100000874|NY0001|NY0001||2|100000283|DR Clark MD|2|100000283|PV000283|DR Clark MD|1756 MEDICAL PLAZA||OH MEDICAL CTR|OH|97695|1|38|P|P|20260506|20260516|20260318|20260318|20260518||||||71046|95|P|Y|07||2|||11||||3|1|1181.71|1181.71|304.43|0.00|0.00|PR1|CO45||877.28|877.28||75.00|75.00|96.99|81.92|81.92|623.37|623.37|0.00|0.00|0.00|304.43|0.00|0.00|0.00||N|||W000000088|P|W000000088|0|0|0.00|||1|38||1181.71||||Y||||1||38|2000000283|N|0.00|0.00|38|11|||||GT|||||||||Z23|J18.9|E66.9|E66.9|||||||71046|||||||81.92|75.00|96.99|N|||AETNA
002026060100000875|1234567|0987654|N|001|AC123456|03|P|N||PPO|03|PKG0042|PPO001|3|F|W000000180|Jones|Victoria|F|19711224|62163|NJ|EC||W000000489|W000000489|Jones|Zoey|F|CH|20070806|202606010000875|ACAS2026060100000875||TCN2026060100000875|SRC2026060100000875|002026060100000875|NY0001|NY0001||2|100000123|DR Clark MD|2|100000123|PV000123|DR Clark MD|1280 MEDICAL PLAZA||IL MEDICAL CTR|IL|87183|1|03|P|P|20260503|20260522|20260425|20260425|20260525||||||71046|51|P|Y|08||A|||11||||2|3|3033.16|3033.16|2061.05|0.00|0.00|PR1|CO45||972.11|972.11||20.00|20.00|146.03|157.27|157.27|648.81|648.81|0.00|0.00|0.00|2061.05|0.00|0.00|0.00||N|||W000000489|P|W000000489|0|0|0.00|||3|03||3033.16||Y|N|||||1||03|2000000123|N|0.00|0.00|03|11||||||59||||||||F32.9|I50.9|||||||||71046|||||||157.27|20.00|146.03|N|||AETNA
002026060100000876|1234567|0987654|N|001|AC123456|03|P|Y||PPO|02|PKG0042|PPO001|N|F|W000000354|Taylor|Evelyn|F|19790527|57931|MA|EF|323805672|W000000354|W000000354|Taylor|Evelyn|F|EE|19790527|202606010000876|ACAS2026060100000876||TCN2026060100000876|SRC2026060100000876|002026060100000876|NY0001|NY0001||2|100000037|DR Jones MD|2|100000037|PV000037|DR Jones MD|2002 MEDICAL PLAZA||OH MEDICAL CTR|OH|77498|1|07|P|N|20260514|20260528|20260507|20260507|20260601||||||80061|GT|P|Y|02||4|||13||||1|3|1566.88|1566.88|853.22|0.00|0.00|PR1|CO45||713.66|713.66||30.00|30.00|132.88|128.62|128.62|422.16|422.16|0.00|0.00|0.00|853.22|0.00|0.00|0.00||N|||W000000354|P|W000000354|0|0|0.00|||N|07||1566.88||N|N|||||1||07|2000000037|N|0.00|0.00|07|13|||||26|25||||||||K21.0|J45.909|||||||||80061|||||||128.62|30.00|132.88|N|||AETNA
002026060100000877|1234567|0987654|N|001|AC123456|01|I|N||PPO|02|PKG0042|PPO001|1|F|W000000378|Martinez|Amelia|F|19730426|22927|NC|EF|739552030|W000000378|W000000378|Martinez|Amelia|F|EE|19730426|202606010000877|ACAS2026060100000877||TCN2026060100000877|SRC2026060100000877|002026060100000877|NY0001|NY0001||2|100000070|DR Garcia MD|2|100000070|PV000070|DR Garcia MD|2007 MEDICAL PLAZA||NY MEDICAL CTR|NY|17582|4|10|P|P|20260511|20260531|20260501|20260505|20260601||||06|683|71046||I|Y|04||S|||32|02|0250|132|2|2|401.49|401.49|125.79|0.00|0.00|PR1|CO45||275.70|275.70||75.00|75.00|33.55|23.05|23.05|144.10|144.10|0.00|0.00|0.00|125.79|0.00|0.00|0.00||N|||W000000378|P|W000000378|1|1|0.00|||1|10||401.49||N||Y||||1||10|2000000070|N|0.00|0.00|10|32|2|3|20260501|20260505|50|AT||||||||R51|J06.9|F41.9||||||||71046|||||||23.05|75.00|33.55|N|3||AETNA
002026060100000878|1234567|0987654|N|001|AC123456|03|P|Y||PPO|03|PKG0042|PPO001|N|F|W000000295|Smith|Carter|M|19650527|95087|AZ|EC||W000000522|W000000522|Smith|Sofia|F|SP|19940226|202606010000878|ACAS2026060100000878||TCN2026060100000878|SRC2026060100000878|002026060100000878|NY0001|NY0001||2|100000269|DR Gonzalez MD|2|100000269|PV000269|DR Gonzalez MD|3403 MEDICAL PLAZA||VA MEDICAL CTR|VA|42171|1|40|P|N|20260423|20260514|20260502|20260502|20260515||||||99232|TC|P|Y|04||B|||21||||1|1|283.36|283.36|84.94|0.00|0.00|PR1|CO45||198.42|198.42||0.00|0.00|25.67|25.74|25.74|147.01|147.01|0.00|0.00|0.00|84.94|0.00|0.00|0.00||N|||W000000522|P|W000000522|0|0|0.00|||N|40||283.36||||||||1||40|2000000269|N|0.00|0.00|40|21|||||25|||||||||E78.5|Z23|||||||||99232|||||||25.74|0.00|25.67|N|||AETNA
002026060100000879|1234567|0987654|N|001|AC123456|03|P|N||PPO|02|PKG0042|PPO001|3|F|W000000384|Clark|Lucas|M|19770720|34878|CO|EE|932893851|W000000384|W000000384|Clark|Lucas|M|EE|19770720|202606010000879|ACAS2026060100000879||TCN2026060100000879|SRC2026060100000879|002026060100000879|NY0001|NY0001||2|100000219|DR Clark MD|2|100000219|PV000219|DR Clark MD|7239 MEDICAL PLAZA||NY MEDICAL CTR|NY|81201|1|09|P|P|20260418|20260517|20260428|20260428|20260518||||||97110|AT|P|Y|02||S|||13||||2|3|207.84|207.84|54.00|0.00|0.00|PR1|CO45||153.84|153.84||30.00|30.00|12.18|16.28|16.28|95.38|95.38|0.00|0.00|0.00|54.00|0.00|0.00|0.00||N|||W000000384|P|W000000384|1|0|0.00|||3|09||207.84||Y|Y|||||1||09|2000000219|N|0.00|0.00|09|13||||||50||||||||J30.9|K21.0|F41.9||||||||97110|||||||16.28|30.00|12.18|N|||AETNA
002026060100000880|1234567|0987654|N|001|AC123456|03|P|N||PPO|02|PKG0042|PPO001|2|F|W000000292|Williams|Mia|F|19651009|50694|CA|ES||W000000442|W000000442|Williams|Daniel|M|SP|19940114|202606010000880|ACAS2026060100000880||TCN2026060100000880|SRC2026060100000880|002026060100000880|NY0001|NY0001||2|100000031|DR Walker MD|2|100000031|PV000031|DR Walker MD|4681 MEDICAL PLAZA||VA MEDICAL CTR|VA|47211|1|01|P|P|20260504|20260529|20260502|20260502|20260530||||||36415|95|P|Y|05||2|||11||||2|1|2326.78|2326.78|2326.78|0.00|0.00||CO45||0.00|0.00||30.00|30.00|0.00|0.00|0.00|0.00|0.00|0.00|0.00|0.00|0.00|0.00|0.00|0.00||N|||W000000442|D|W000000442|0|0|0.00|||2|01||2326.78||||N||||1||01|2000000031|N|0.00|0.00|01|11|||||95|||||||||E11.65|J44.1|J44.1||||||||36415|||||||0.00|30.00|0.00|N|||AETNA
002026060100000881|1234567|0987654|N|001|AC123456|03|P|N||PPO|01|PKG0042|PPO001|3|F|W000000061|Johnson|Aiden|M|19881221|15399|GA|ES|288289895|W000000061|W000000061|Johnson|Aiden|M|EE|19881221|202606010000881|ACAS2026060100000881||TCN2026060100000881|SRC2026060100000881|002026060100000881|NY0001|NY0001||2|100000116|DR Martin MD|2|100000116|PV000116|DR Martin MD|750 MEDICAL PLAZA||PA MEDICAL CTR|PA|70228|1|11|P|P|20260520|20260530|20260419|20260419|20260531||||||90847|59|P|Y|01||2|||23||||3|2|343.28|343.28|248.71|0.00|0.00|PR1|CO45||94.57|94.57||30.00|30.00|6.23|9.45|9.45|48.89|48.89|0.00|0.00|0.00|248.71|0.00|0.00|0.00||N|||W000000061|P|W000000061|0|0|0.00|||3|11||343.28|||Y|||||1||11|2000000116|N|0.00|0.00|11|23|||||GT|TC||||||||M79.3|I25.10|F41.9||||||||90847|||||||9.45|30.00|6.23|N|||AETNA
002026060100000882|1234567|0987654|N|001|AC123456|03|P|Y||PPO|03|PKG0042|PPO001|N|F|W000000142|Jones|Daniel|M|19600420|47183|FL|EF||W000000596|W000000596|Jones|Liam|M|CH|20091118|202606010000882|ACAS2026060100000882||TCN2026060100000882|SRC2026060100000882|002026060100000882|NY0001|NY0001||2|100000080|DR Thomas MD|2|100000080|PV000080|DR Thomas MD|7284 MEDICAL PLAZA||WA MEDICAL CTR|WA|91685|1|05|P|N|20260507|20260529|20260524|20260524|20260530||||||99205|50|P|Y|03||S|||99||||1|2|2340.68|2340.68|2340.68|0.00|0.00||CO45||0.00|0.00||30.00|30.00|0.00|0.00|0.00|0.00|0.00|0.00|0.00|0.00|0.00|0.00|0.00|0.00||N|||W000000596|D|W000000596|0|0|0.00|||N|05||2340.68||||||||1||05|2000000080|N|0.00|0.00|05|99||||||||||||||F41.9||M17.11||||||||99205|||||||0.00|30.00|0.00|N|||AETNA
002026060100000883|1234567|0987654|N|001|AC123456|03|P|N||PPO|02|PKG0042|PPO001|3|F|W000000315|White|Jacob|M|19870612|14929|MA|EE|588508394|W000000315|W000000315|White|Jacob|M|EE|19870612|202606010000883|ACAS2026060100000883||TCN2026060100000883|SRC2026060100000883|002026060100000883|NY0001|NY0001||2|100000054|DR Perez MD|2|100000054|PV000054|DR Perez MD|1544 MEDICAL PLAZA||PA MEDICAL CTR|PA|33474|1|09|P|P|20260504|20260524|20260504|20260504|20260526||||||71046|51|P|Y|03||M|||11||||3|3|1039.31|1039.31|556.98|0.00|0.00|PR1|CO45||482.33|482.33||50.00|50.00|108.14|75.76|75.76|248.43|248.43|0.00|0.00|0.00|556.98|0.00|0.00|0.00||N|||W000000315|P|W000000315|0|0|0.00|||3|09||1039.31||N||||||1||09|2000000054|N|0.00|0.00|09|11|||||59|||||||||Z79.899||||||||||71046|||||||75.76|50.00|108.14|N|||AETNA
002026060100000884|1234567|0987654|N|001|AC123456|03|P|Y||PPO|03|PKG0042|PPO001|N|F|W000000109|Taylor|Charlotte|F|19770318|91814|MA|EF|685647475|W000000109|W000000109|Taylor|Charlotte|F|EE|19770318|202606010000884|ACAS2026060100000884||TCN2026060100000884|SRC2026060100000884|002026060100000884|NY0001|NY0001||2|100000254|DR Robinson MD|2|100000254|PV000254|DR Robinson MD|5730 MEDICAL PLAZA||OH MEDICAL CTR|OH|36906|1|40|P|N|20260427|20260516|20260501|20260501|20260517||||||80053|GT|P|Y|05||F|||13||||2|1|880.44|880.44|373.47|0.00|0.00|PR1|CO45||506.97|506.97||20.00|20.00|62.40|55.49|55.49|369.08|369.08|0.00|0.00|0.00|373.47|0.00|0.00|0.00||N|||W000000109|P|W000000109|0|0|0.00|||N|40||880.44||||||||1||40|2000000254|N|0.00|0.00|40|13|||||GT|||||||||J30.9||||||||||80053|||||||55.49|20.00|62.40|N|||AETNA
002026060100000885|1234567|0987654|N|001|AC123456|03|P|N||PPO|01|PKG0042|PPO001|1|F|W000000319|Robinson|Grace|F|19910704|14301|FL|EE||W000000570|W000000570|Robinson|Zoey|F|SP|19710802|202606010000885|ACAS2026060100000885||TCN2026060100000885|SRC2026060100000885|002026060100000885|NY0001|NY0001||2|100000186|DR Sanchez MD|2|100000186|PV000186|DR Sanchez MD|1373 MEDICAL PLAZA||NJ MEDICAL CTR|NJ|87936|1|06|P|P|20260504|20260528|20260514|20260514|20260601||||||90847|TC|P|Y|07||S|||32||||1|1|512.43|512.43|283.30|0.00|0.00|PR1|CO45||229.13|229.13||75.00|75.00|51.36|18.51|18.51|84.26|84.26|0.00|0.00|0.00|283.30|0.00|0.00|0.00||N|||W000000570|P|W000000570|0|0|0.00|||1|06||512.43||||||||1||06|2000000186|N|0.00|0.00|06|32|||||50|||||||||R05|G43.909|R51||||||||90847|||||||18.51|75.00|51.36|N|||AETNA
002026060100000886|1234567|0987654|N|001|AC123456|03|P|N||PPO|02|PKG0042|PPO001|3|F|W000000115|Smith|Sofia|F|19890507|95285|FL|EE||W000000515|W000000515|Smith|Jacob|M|CH|20110501|202606010000886|ACAS2026060100000886||TCN2026060100000886|SRC2026060100000886|002026060100000886|NY0001|NY0001||2|100000054|DR Perez MD|2|100000054|PV000054|DR Perez MD|6109 MEDICAL PLAZA||MA MEDICAL CTR|MA|29977|1|09|P|P|20260508|20260516|20260314|20260314|20260517||||||85025|GT|P|Y|01||F|||13||||1|3|1166.28|1166.28|400.23|0.00|0.00|PR1|CO45||766.05|766.05||75.00|75.00|1.61|130.46|130.46|558.98|558.98|0.00|0.00|0.00|400.23|0.00|0.00|0.00||N|||W000000515|P|W000000515|0|0|0.00|||3|09||1166.28|||Y|||||1||09|2000000054|N|0.00|0.00|09|13|||||AT|25||||||||E66.9|M17.11|Z00.00||||||||85025|||||||130.46|75.00|1.61|N|||AETNA
002026060100000887|1234567|0987654|N|001|AC123456|01|I|N||PPO|01|PKG0042|PPO001|2|F|W000000038|Sanchez|David|M|19860820|86417|IL|EC|928721025|W000000038|W000000038|Sanchez|David|M|EE|19860820|202606010000887|ACAS2026060100000887||TCN2026060100000887|SRC2026060100000887|002026060100000887|NY0001|NY0001||2|100000196|DR Brown MD|2|100000196|PV000196|DR Brown MD|1145 MEDICAL PLAZA||PA MEDICAL CTR|PA|55655|4|01|P|P|20260517|20260531|20260331|20260403|20260603||||08|872|99214||I|Y|07||M|||12|05|0370|131|1|1|656.45|656.45|656.45|0.00|0.00||CO45||0.00|0.00||20.00|20.00|0.00|0.00|0.00|0.00|0.00|0.00|0.00|0.00|0.00|0.00|0.00|0.00||N|||W000000038|D|W000000038|0|1|0.00|||2|01||656.45||N|Y|||||1||01|2000000196|N|0.00|0.00|01|12|7||20260331|20260403|95|AT||||||||Z87.891|Z23|||||||||99214|||||||0.00|20.00|0.00|N|||AETNA
002026060100000888|1234567|0987654|N|001|AC123456|01|I|N||PPO|03|PKG0042|PPO001|2|F|W000000136|Hernandez|Ava|F|19620710|60237|NY|EC|604823576|W000000136|W000000136|Hernandez|Ava|F|EE|19620710|202606010000888|ACAS2026060100000888||TCN2026060100000888|SRC2026060100000888|002026060100000888|NY0001|NY0001||2|100000125|DR Lewis MD|2|100000125|PV000125|DR Lewis MD|5980 MEDICAL PLAZA||FL MEDICAL CTR|FL|51994|4|05|P|P|20260422|20260517|20260311|20260315|20260519||||13|470|99283|50|I|Y|01||2|||12|20|0450|122|2|2|485.98|485.98|159.03|0.00|0.00|PR1|CO45||326.95|326.95||75.00|75.00|43.19|23.87|23.87|184.89|184.89|0.00|0.00|0.00|159.03|0.00|0.00|0.00||N|||W000000136|P|W000000136|0|1|0.00|||2|05||485.98|||N|||||1||05|2000000125|N|0.00|0.00|05|12|2|1|20260311|20260315|95|95|Y|||||||G47.33|I25.10||I10|||||||99283|||||||23.87|75.00|43.19|N|1||AETNA
002026060100000889|1234567|0987654|N|001|AC123456|03|P|N||PPO|02|PKG0042|PPO001|1|F|W000000012|Lewis|Mia|F|19911214|12787|MI|ES|823835927|W000000012|W000000012|Lewis|Mia|F|EE|19911214|202606010000889|ACAS2026060100000889||TCN2026060100000889|SRC2026060100000889|002026060100000889|NY0001|NY0001||2|100000019|DR Jackson MD|2|100000019|PV000019|DR Jackson MD|2938 MEDICAL PLAZA||CA MEDICAL CTR|CA|59574|1|04|P|P|20260429|20260526|20260410|20260410|20260530||||||90834|25|P|Y|08||4|||22||||2|3|1201.83|1201.83|784.93|0.00|0.00|PR1|CO45||416.90|416.90||20.00|20.00|58.76|83.10|83.10|255.04|255.04|0.00|0.00|0.00|784.93|0.00|0.00|0.00||N|||W000000012|P|W000000012|0|0|0.00|||1|04||1201.83||||||||1||04|2000000019|N|0.00|0.00|04|22|||||TC|GT||||||||G47.33||S93.401||||||||90834|||||||83.10|20.00|58.76|N|||AETNA
002026060100000890|1234567|0987654|N|001|AC123456|03|P|Y||PPO|03|PKG0042|PPO001|N|F|W000000190|Sanchez|Ava|F|19910217|55973|CO|EF|877969812|W000000190|W000000190|Sanchez|Ava|F|EE|19910217|202606010000890|ACAS2026060100000890||TCN2026060100000890|SRC2026060100000890|002026060100000890|NY0001|NY0001||2|100000135|DR Miller MD|2|100000135|PV000135|DR Miller MD|8699 MEDICAL PLAZA||CO MEDICAL CTR|CO|67895|1|50|P|N|20260508|20260513|20260518|20260518|20260516||||||99232|GT|P|Y|07||M|||22||||2|1|588.53|588.53|386.96|0.00|0.00|PR1|CO45||201.57|201.57||0.00|0.00|45.28|31.21|31.21|125.08|125.08|0.00|0.00|0.00|386.96|0.00|0.00|0.00||N|||W000000190|P|W000000190|0|0|0.00|||N|50||588.53||||||||1||50|2000000135|N|0.00|0.00|50|22|||||TC|AT||||||||R51|E66.9||E66.9|||||||99232|||||||31.21|0.00|45.28|N|||AETNA
002026060100000891|1234567|0987654|N|001|AC123456|01|I|N||PPO|02|PKG0042|PPO001|3|F|W000000070|Gonzalez|Jackson|M|19940417|59717|AZ|EC|135454860|W000000070|W000000070|Gonzalez|Jackson|M|EE|19940417|202606010000891|ACAS2026060100000891||TCN2026060100000891|SRC2026060100000891|002026060100000891|NY0001|NY0001||2|100000056|DR White MD|2|100000056|PV000056|DR White MD|3986 MEDICAL PLAZA||OH MEDICAL CTR|OH|96997|4|11|P|P|20260506|20260522|20260312|20260314|20260526||||13|871|99283||I|Y|08||M|||22|03|0250|211|2|3|337.45|337.45|178.78|0.00|0.00|PR1|CO45||158.67|158.67||30.00|30.00|45.83|8.70|8.70|74.14|74.14|0.00|0.00|0.00|178.78|0.00|0.00|0.00||N|||W000000070|P|W000000070|0|1|0.00|||3|11||337.45|||Y|||||1||11|2000000056|N|0.00|0.00|11|22|1|4|20260312|20260314||||||||||K21.0|J18.9|||||||||99283|||||||8.70|30.00|45.83|N|4||AETNA
002026060100000892|1234567|0987654|N|001|AC123456|03|P|N||PPO|01|PKG0042|PPO001|3|F|W000000331|Jackson|Benjamin|M|19860928|72284|GA|EE||W000000497|W000000497|Jackson|Isabella|F|SP|19680820|202606010000892|ACAS2026060100000892||TCN2026060100000892|SRC2026060100000892|002026060100000892|NY0001|NY0001||2|100000074|DR Martinez MD|2|100000074|PV000074|DR Martinez MD|8021 MEDICAL PLAZA||TX MEDICAL CTR|TX|48776|1|40|P|P|20260515|20260526|20260419|20260419|20260530||||||99204|AT|P|Y|04||2|||21||||3|2|1107.49|1107.49|827.99|0.00|0.00|PR1|CO45||279.50|279.50||50.00|50.00|31.86|43.31|43.31|154.33|154.33|0.00|0.00|0.00|827.99|0.00|0.00|0.00||N|||W000000497|P|W000000497|0|0|0.00|||3|40||1107.49||Y||||||1||40|2000000074|N|0.00|0.00|40|21|||||95|AT||||||||Z12.31||||||||||99204|||||||43.31|50.00|31.86|N|||AETNA
002026060100000893|1234567|0987654|N|001|AC123456|03|P|Y||PPO|02|PKG0042|PPO001|N|F|W000000366|Davis|Lucas|M|19910918|46944|GA|ES|972511995|W000000366|W000000366|Davis|Lucas|M|EE|19910918|202606010000893|ACAS2026060100000893||TCN2026060100000893|SRC2026060100000893|002026060100000893|NY0001|NY0001||2|100000264|DR Davis MD|2|100000264|PV000264|DR Davis MD|3942 MEDICAL PLAZA||NJ MEDICAL CTR|NJ|94696|1|09|P|N|20260518|20260527|20260330|20260330|20260530||||||97110|26|P|Y|07||M|||32||||1|3|629.93|629.93|254.22|0.00|0.00|PR1|CO45||375.71|375.71||75.00|75.00|39.52|46.04|46.04|215.15|215.15|0.00|0.00|0.00|254.22|0.00|0.00|0.00||N|||W000000366|P|W000000366|0|0|0.00|||N|09||629.93|||N|||||1||09|2000000264|N|0.00|0.00|09|32||||||50||N||||||J30.9|E78.5|I50.9|Z00.00|F41.9||||||97110|||||||46.04|75.00|39.52|N|||AETNA
002026060100000894|1234567|0987654|N|001|AC123456|01|I|N||PPO|03|PKG0042|PPO001|3|F|W000000014|Rodriguez|Zoey|F|19800425|93440|NY|EE||W000000687|W000000687|Rodriguez|Charlotte|F|SP|19940804|202606010000894|ACAS2026060100000894||TCN2026060100000894|SRC2026060100000894|002026060100000894|NY0001|NY0001||2|100000214|DR Perez MD|2|100000214|PV000214|DR Perez MD|9502 MEDICAL PLAZA||OH MEDICAL CTR|OH|86772|4|04|P|P|20260510|20260516|20260425|20260427|20260519||||13|293|99203|59|I|Y|01||M|||11|01|0450|131|1|3|1007.85|1007.85|606.70|0.00|0.00|PR1|CO45||401.15|401.15||40.00|40.00|73.47|32.01|32.01|255.67|255.67|0.00|0.00|0.00|606.70|0.00|0.00|0.00||N|||W000000687|P|W000000687|0|1|0.00|||3|04||1007.85||Y||N||||1||04|2000000214|N|0.00|0.00|04|11|4|4|20260425|20260427|95|TC|Y|||||||N39.0||J44.1|G47.33|||||||99203|||||||32.01|40.00|73.47|N|4||AETNA
002026060100000895|1234567|0987654|N|001|AC123456|03|P|N||PPO|02|PKG0042|PPO001|1|F|W000000016|Williams|Jacob|M|19650902|85993|CA|EF||W000000525|W000000525|Williams|Abigail|F|SP|19660903|202606010000895|ACAS2026060100000895||TCN2026060100000895|SRC2026060100000895|002026060100000895|NY0001|NY0001||2|100000041|DR Rodriguez MD|2|100000041|PV000041|DR Rodriguez MD|3221 MEDICAL PLAZA||NY MEDICAL CTR|NY|94767|1|11|P|P|20260506|20260524|20260415|20260415|20260526||||||93000|GT|P|Y|06||M|||24||||1|3|452.24|452.24|213.16|0.00|0.00|PR1|CO45||239.08|239.08||50.00|50.00|20.17|34.14|34.14|134.77|134.77|0.00|0.00|0.00|213.16|0.00|0.00|0.00||N|||W000000525|P|W000000525|0|0|0.00|||1|11||452.24||||Y||||1||11|2000000041|N|0.00|0.00|11|24|||||25|25||||||||G43.909||M54.5||||||||93000|||||||34.14|50.00|20.17|N|||AETNA
002026060100000896|1234567|0987654|N|001|AC123456|01|I|N||PPO|03|PKG0042|PPO001|3|F|W000000246|Gonzalez|Ava|F|19820118|91913|CO|EC||W000000429|W000000429|Gonzalez|Oliver|M|CH|20080708|202606010000896|ACAS2026060100000896||TCN2026060100000896|SRC2026060100000896|002026060100000896|NY0001|NY0001||2|100000256|DR Young MD|2|100000256|PV000256|DR Young MD|3419 MEDICAL PLAZA||WA MEDICAL CTR|WA|75498|4|01|P|P|20260504|20260525|20260416|20260419|20260528||||09|293|97110|GT|I|Y|03||A|||31|07|0200|212|3|2|237.99|237.99|237.99|0.00|0.00||CO45||0.00|0.00||20.00|20.00|0.00|0.00|0.00|0.00|0.00|0.00|0.00|0.00|0.00|0.00|0.00|0.00||N|||W000000429|D|W000000429|0|1|0.00|||3|01||237.99||||||||1||01|2000000256|N|0.00|0.00|01|31|2|9|20260416|20260419|TC||Y|||||||M79.3|K57.30|E11.9|F32.9|||||||97110|||||||0.00|20.00|0.00|N|9||AETNA
002026060100000897|1234567|0987654|N|001|AC123456|03|P|N||PPO|03|PKG0042|PPO001|3|F|W000000357|Sanchez|Michael|M|19940707|32450|TX|EC|236307144|W000000357|W000000357|Sanchez|Michael|M|EE|19940707|202606010000897|ACAS2026060100000897||TCN2026060100000897|SRC2026060100000897|002026060100000897|NY0001|NY0001||2|100000173|DR Gonzalez MD|2|100000173|PV000173|DR Gonzalez MD|5830 MEDICAL PLAZA||NJ MEDICAL CTR|NJ|95503|1|08|P|P|20260430|20260518|20260503|20260503|20260522||||||90834|TC|P|Y|02||S|||31||||3|1|2906.81|2906.81|1932.09|0.00|0.00|PR1|CO45||974.72|974.72||75.00|75.00|281.17|80.87|80.87|537.68|537.68|0.00|0.00|0.00|1932.09|0.00|0.00|0.00||N|||W000000357|P|W000000357|0|0|0.00|||3|08||2906.81|||Y|||||1||08|2000000173|N|0.00|0.00|08|31|||||GT|||||||||Z23|F32.9|||||||||90834|||||||80.87|75.00|281.17|N|||AETNA
002026060100000898|1234567|0987654|N|001|AC123456|01|I|Y||PPO|01|PKG0042|PPO001|N|F|W000000039|Harris|Daniel|M|19820619|75988|CA|EC|666164919|W000000039|W000000039|Harris|Daniel|M|EE|19820619|202606010000898|ACAS2026060100000898||TCN2026060100000898|SRC2026060100000898|002026060100000898|NY0001|NY0001||2|100000263|DR Miller MD|2|100000263|PV000263|DR Miller MD|4080 MEDICAL PLAZA||VA MEDICAL CTR|VA|46315|4|08|P|N|20260507|20260521|20260410|20260413|20260523||||10|194|99205||I|Y|07||F|||24|04|0370|111|1|3|2476.54|2476.54|1086.14|0.00|0.00|PR1|CO45||1390.40|1390.40||40.00|40.00|337.67|234.60|234.60|778.13|778.13|0.00|0.00|0.00|1086.14|0.00|0.00|0.00||N|||W000000039|P|W000000039|0|1|0.00|||N|08||2476.54||Y||Y||||1||08|2000000263|N|0.00|0.00|08|24|1||20260410|20260413|25|26||||||||M54.5|Z79.899|J18.9||||||||99205|||||||234.60|40.00|337.67|N|||AETNA
002026060100000899|1234567|0987654|N|001|AC123456|01|I|N||PPO|02|PKG0042|PPO001|2|F|W000000050|White|Mia|F|19900717|64000|AZ|EC|601397958|W000000050|W000000050|White|Mia|F|EE|19900717|202606010000899|ACAS2026060100000899||TCN2026060100000899|SRC2026060100000899|002026060100000899|NY0001|NY0001||2|100000225|DR Smith MD|2|100000225|PV000225|DR Smith MD|2711 MEDICAL PLAZA||TX MEDICAL CTR|TX|34701|4|50|P|P|20260425|20260519|20260326|20260329|20260520||||13|194|99283|26|I|Y|04||2|||22|03|0100|121|2|3|1409.82|1409.82|841.90|0.00|0.00|PR1|CO45||567.92|567.92||0.00|0.00|163.31|58.15|58.15|346.46|346.46|0.00|0.00|0.00|841.90|0.00|0.00|0.00||N|||W000000050|P|W000000050|0|1|0.00|||2|50||1409.82||||||||1||50|2000000225|N|0.00|0.00|50|22|2||20260326|20260329|95|51||||||||E11.65||||||||||99283|||||||58.15|0.00|163.31|N|||AETNA
002026060100000900|1234567|0987654|N|001|AC123456|01|I|N||PPO|02|PKG0042|PPO001|1|F|W000000342|Gonzalez|Emma|F|19940225|24294|PA|EC||W000000432|W000000432|Gonzalez|Ella|F|CH|20110325|202606010000900|ACAS2026060100000900||TCN2026060100000900|SRC2026060100000900|002026060100000900|NY0001|NY0001||2|100000102|DR Garcia MD|2|100000102|PV000102|DR Garcia MD|7411 MEDICAL PLAZA||MI MEDICAL CTR|MI|12298|4|12|P|P|20260502|20260523|20260526|20260529|20260526||||03|292|99203|GT|I|Y|08||2|||21|03|0900|131|2|3|478.36|478.36|307.41|0.00|0.00|PR1|CO45||170.95|170.95||0.00|0.00|11.17|22.80|22.80|136.98|136.98|0.00|0.00|0.00|307.41|0.00|0.00|0.00||N|||W000000432|P|W000000432|0|1|0.00|||1|12||478.36||Y||Y||||1||12|2000000102|N|0.00|0.00|12|21|5||20260526|20260529|25|59||||||||J06.9|E11.9|R51||||||||99203|||||||22.80|0.00|11.17|N|||AETNA
002026060100000901|1234567|0987654|N|001|AC123456|03|P|N||PPO|01|PKG0042|PPO001|3|F|W000000004|Lee|Zoey|F|19730727|23341|PA|EE|427284552|W000000004|W000000004|Lee|Zoey|F|EE|19730727|202606010000901|ACAS2026060100000901||TCN2026060100000901|SRC2026060100000901|002026060100000901|NY0001|NY0001||2|100000161|DR Smith MD|2|100000161|PV000161|DR Smith MD|9250 MEDICAL PLAZA||WA MEDICAL CTR|WA|19374|1|11|P|P|20260503|20260530|20260516|20260516|20260531||||||71046|51|P|Y|06||A|||13||||2|1|515.29|515.29|327.51|0.00|0.00|PR1|CO45||187.78|187.78||20.00|20.00|1.00|23.50|23.50|143.28|143.28|0.00|0.00|0.00|327.51|0.00|0.00|0.00||N|||W000000004|P|W000000004|0|0|0.00|||3|11||515.29||N||N||||1||11|2000000161|N|0.00|0.00|11|13|||||GT|26||||||||M54.5|E66.9|I10||||||||71046|||||||23.50|20.00|1.00|N|||AETNA
002026060100000902|1234567|0987654|N|001|AC123456|01|I|N||PPO|02|PKG0042|PPO001|1|F|W000000030|Perez|Liam|M|19870217|22523|OH|EF|165268215|W000000030|W000000030|Perez|Liam|M|EE|19870217|202606010000902|ACAS2026060100000902||TCN2026060100000902|SRC2026060100000902|002026060100000902|NY0001|NY0001||2|100000160|DR Young MD|2|100000160|PV000160|DR Young MD|6830 MEDICAL PLAZA||OH MEDICAL CTR|OH|65715|4|10|P|P|20260518|20260531|20260317|20260318|20260601||||07|293|99291|AT|I|Y|04||N|||24|04|0730|121|1|3|2153.78|2153.78|1384.00|0.00|0.00|PR1|CO45||769.78|769.78||0.00|0.00|100.98|143.87|143.87|524.93|524.93|0.00|0.00|0.00|1384.00|0.00|0.00|0.00||N|||W000000030|P|W000000030|0|1|0.00|||1|10||2153.78||N|N|||||1||10|2000000160|N|0.00|0.00|10|24|5|1|20260317|20260318|51|50||||||||J18.9|I10|||||||||99291|||||||143.87|0.00|100.98|N|1||AETNA
002026060100000903|1234567|0987654|N|001|AC123456|03|P|N||PPO|01|PKG0042|PPO001|3|F|W000000154|Clark|Aiden|M|19680508|42391|WA|EF|710663906|W000000154|W000000154|Clark|Aiden|M|EE|19680508|202606010000903|ACAS2026060100000903||TCN2026060100000903|SRC2026060100000903|002026060100000903|NY0001|NY0001||2|100000216|DR White MD|2|100000216|PV000216|DR White MD|422 MEDICAL PLAZA||AZ MEDICAL CTR|AZ|54246|1|06|P|P|20260521|20260531|20260409|20260409|20260602||||||99283||P|Y|06||2|||31||||2|1|492.38|492.38|215.95|0.00|0.00|PR1|CO45||276.43|276.43||20.00|20.00|77.42|36.86|36.86|142.15|142.15|0.00|0.00|0.00|215.95|0.00|0.00|0.00||N|||W000000154|P|W000000154|0|0|0.00|||3|06||492.38|||N|N||||1||06|2000000216|N|0.00|0.00|06|31||||||25||||||||S93.401|E66.9|K57.30||||||||99283|||||||36.86|20.00|77.42|N|||AETNA
002026060100000904|1234567|0987654|N|001|AC123456|01|I|N||PPO|02|PKG0042|PPO001|1|F|W000000310|Jackson|Riley|F|19801022|90089|TX|ES||W000000619|W000000619|Jackson|Ethan|M|CH|20041106|202606010000904|ACAS2026060100000904||TCN2026060100000904|SRC2026060100000904|002026060100000904|NY0001|NY0001||2|100000075|DR Hernandez MD|2|100000075|PV000075|DR Hernandez MD|767 MEDICAL PLAZA||TX MEDICAL CTR|TX|39589|4|50|P|P|20260505|20260521|20260306|20260309|20260524||||14|683|99232||I|Y|05||4|||31|04|0200|131|1|1|388.51|388.51|258.81|0.00|0.00|PR1|CO45||129.70|129.70||75.00|75.00|5.38|11.61|11.61|37.71|37.71|0.00|0.00|0.00|258.81|0.00|0.00|0.00||N|||W000000619|P|W000000619|0|1|0.00|||1|50||388.51||N|N|||||1||50|2000000075|N|0.00|0.00|50|31||9|20260306|20260309|25|50||||||||R51|Z87.891|||E78.5||||||99232|||||||11.61|75.00|5.38|N|9||AETNA
002026060100000905|1234567|0987654|N|001|AC123456|03|P|Y||PPO|01|PKG0042|PPO001|N|F|W000000322|Rodriguez|Olivia|F|19741114|49355|MI|ES|555615650|W000000322|W000000322|Rodriguez|Olivia|F|EE|19741114|202606010000905|ACAS2026060100000905||TCN2026060100000905|SRC2026060100000905|002026060100000905|NY0001|NY0001||2|100000100|DR Brown MD|2|100000100|PV000100|DR Brown MD|8657 MEDICAL PLAZA||IL MEDICAL CTR|IL|59130|1|10|P|N|20260505|20260522|20260406|20260406|20260525||||||93000||P|Y|03||M|||23||||2|1|3266.26|3266.26|1857.35|0.00|0.00|PR1|CO45||1408.91|1408.91||20.00|20.00|49.53|180.01|180.01|1159.37|1159.37|0.00|0.00|0.00|1857.35|0.00|0.00|0.00||N|||W000000322|P|W000000322|0|0|0.00|||N|10||3266.26||||||||1||10|2000000100|N|0.00|0.00|10|23||||||25||||||||G43.909||Z00.00||||||||93000|||||||180.01|20.00|49.53|N|||AETNA
002026060100000906|1234567|0987654|N|001|AC123456|03|P|Y||PPO|01|PKG0042|PPO001|N|F|W000000331|Jackson|Benjamin|M|19860928|72284|GA|EE||W000000497|W000000497|Jackson|Isabella|F|SP|19680820|202606010000906|ACAS2026060100000906||TCN2026060100000906|SRC2026060100000906|002026060100000906|NY0001|NY0001||2|100000074|DR Martinez MD|2|100000074|PV000074|DR Martinez MD|3182 MEDICAL PLAZA||NJ MEDICAL CTR|NJ|24333|1|40|P|N|20260501|20260517|20260402|20260402|20260521||||||90834|25|P|Y|06||2|||99||||1|3|638.72|638.72|259.36|0.00|0.00|PR1|CO45||379.36|379.36||40.00|40.00|7.85|72.25|72.25|259.26|259.26|0.00|0.00|0.00|259.36|0.00|0.00|0.00||N|||W000000497|P|W000000497|0|0|0.00|||N|40||638.72||||||||1||40|2000000074|N|0.00|0.00|40|99|||||TC|TC||||||||M17.11||||||||||90834|||||||72.25|40.00|7.85|N|||AETNA
002026060100000907|1234567|0987654|N|001|AC123456|03|P|N||PPO|03|PKG0042|PPO001|2|F|W000000289|Martin|Sofia|F|19870327|56224|AZ|ES|331384801|W000000289|W000000289|Martin|Sofia|F|EE|19870327|202606010000907|ACAS2026060100000907||TCN2026060100000907|SRC2026060100000907|002026060100000907|NY0001|NY0001||2|100000089|DR Harris MD|2|100000089|PV000089|DR Harris MD|8825 MEDICAL PLAZA||NC MEDICAL CTR|NC|47325|1|40|P|P|20260420|20260515|20260312|20260312|20260519||||||80053|TC|P|Y|04||2|||23||||1|3|2990.40|2990.40|1474.76|0.00|0.00|PR1|CO45||1515.64|1515.64||75.00|75.00|347.85|203.21|203.21|889.58|889.58|0.00|0.00|0.00|1474.76|0.00|0.00|0.00||N|||W000000289|P|W000000289|0|0|0.00|||2|40||2990.40||||N||||1||40|2000000089|N|0.00|0.00|40|23|||||95|GT||||||||Z87.891||Z00.00||||||||80053|||||||203.21|75.00|347.85|N|||AETNA
002026060100000908|1234567|0987654|N|001|AC123456|01|I|N||PPO|03|PKG0042|PPO001|3|F|W000000122|Martin|Amelia|F|19920427|52407|OH|EE|855198852|W000000122|W000000122|Martin|Amelia|F|EE|19920427|202606010000908|ACAS2026060100000908||TCN2026060100000908|SRC2026060100000908|002026060100000908|NY0001|NY0001||2|100000049|DR Taylor MD|2|100000049|PV000049|DR Taylor MD|2562 MEDICAL PLAZA||TX MEDICAL CTR|TX|84102|4|04|P|P|20260522|20260528|20260401|20260405|20260530||||01|392|80061|51|I|Y|03||M|||24|04|0110|132|2|2|202.63|202.63|202.63|0.00|0.00||CO45||0.00|0.00||20.00|20.00|0.00|0.00|0.00|0.00|0.00|0.00|0.00|0.00|0.00|0.00|0.00|0.00||N|||W000000122|D|W000000122|0|1|0.00|||3|04||202.63||||||||1||04|2000000049|N|0.00|0.00|04|24|1|1|20260401|20260405||51||||||||M17.11|||Z79.899|||||||80061|||||||0.00|20.00|0.00|N|1||AETNA
002026060100000909|1234567|0987654|N|001|AC123456|03|P|N||PPO|02|PKG0042|PPO001|1|F|W000000260|Thompson|Elijah|M|19910519|14415|MI|EF|471506173|W000000260|W000000260|Thompson|Elijah|M|EE|19910519|202606010000909|ACAS2026060100000909||TCN2026060100000909|SRC2026060100000909|002026060100000909|NY0001|NY0001||2|100000011|DR Hernandez MD|2|100000011|PV000011|DR Hernandez MD|9532 MEDICAL PLAZA||NY MEDICAL CTR|NY|29094|1|11|P|P|20260425|20260513|20260429|20260429|20260514||||||99395|GT|P|Y|04||M|||12||||1|3|1033.24|1033.24|645.31|0.00|0.00|PR1|CO45||387.93|387.93||50.00|50.00|80.93|27.07|27.07|229.93|229.93|0.00|0.00|0.00|645.31|0.00|0.00|0.00||N|||W000000260|P|W000000260|0|0|0.00|||1|11||1033.24||||||||1||11|2000000011|N|0.00|0.00|11|12|||||51|AT||||||||F32.9|M54.5|F41.9||||||||99395|||||||27.07|50.00|80.93|N|||AETNA
002026060100000910|1234567|0987654|N|001|AC123456|03|P|N||PPO|02|PKG0042|PPO001|1|F|W000000065|Martin|Ella|F|19941022|34993|PA|ES|703983546|W000000065|W000000065|Martin|Ella|F|EE|19941022|202606010000910|ACAS2026060100000910||TCN2026060100000910|SRC2026060100000910|002026060100000910|NY0001|NY0001||2|100000283|DR Clark MD|2|100000283|PV000283|DR Clark MD|3373 MEDICAL PLAZA||CA MEDICAL CTR|CA|37588|1|38|P|P|20260429|20260514|20260413|20260413|20260516||||||97110||P|Y|03||2|||23||||2|2|3867.72|3867.72|1097.05|0.00|0.00|PR1|CO45||2770.67|2770.67||30.00|30.00|44.30|600.86|600.86|2095.51|2095.51|0.00|0.00|0.00|1097.05|0.00|0.00|0.00||N|||W000000065|P|W000000065|0|0|0.00|||1|38||3867.72||N||||||1||38|2000000283|N|0.00|0.00|38|23||||||TC||||||||M54.5||G47.33||||||||97110|||||||600.86|30.00|44.30|N|||AETNA
002026060100000911|1234567|0987654|N|001|AC123456|01|I|Y||PPO|02|PKG0042|PPO001|N|F|W000000075|Thomas|Riley|F|19670608|12834|NY|EF||W000000540|W000000540|Thomas|Liam|M|CH|20121125|202606010000911|ACAS2026060100000911||TCN2026060100000911|SRC2026060100000911|002026060100000911|NY0001|NY0001||2|100000023|DR Thompson MD|2|100000023|PV000023|DR Thompson MD|924 MEDICAL PLAZA||VA MEDICAL CTR|VA|98721|4|08|P|N|20260510|20260520|20260507|20260511|20260523||||10|470|85025||I|Y|02||B|||32|20|0636|121|1|2|682.18|682.18|370.46|0.00|0.00|PR1|CO45||311.72|311.72||20.00|20.00|67.64|30.51|30.51|193.57|193.57|0.00|0.00|0.00|370.46|0.00|0.00|0.00||N|||W000000540|P|W000000540|0|1|0.00|||N|08||682.18||Y||||||1||08|2000000023|N|0.00|0.00|08|32||3|20260507|20260511||26||||||||M17.11||S93.401||||||||85025|||||||30.51|20.00|67.64|N|3||AETNA
002026060100000912|1234567|0987654|N|001|AC123456|01|I|N||PPO|02|PKG0042|PPO001|3|F|W000000129|Brown|Liam|M|19910613|52557|AZ|ES|832418062|W000000129|W000000129|Brown|Liam|M|EE|19910613|202606010000912|ACAS2026060100000912||TCN2026060100000912|SRC2026060100000912|002026060100000912|NY0001|NY0001||2|100000267|DR Hernandez MD|2|100000267|PV000267|DR Hernandez MD|418 MEDICAL PLAZA||CA MEDICAL CTR|CA|29724|4|12|P|P|20260430|20260521|20260429|20260430|20260525||||08|392|85025|51|I|Y|01||A|||32|20|0100|211|2|2|531.44|531.44|322.33|0.00|0.00|PR1|CO45||209.11|209.11||75.00|75.00|28.14|20.64|20.64|85.33|85.33|0.00|0.00|0.00|322.33|0.00|0.00|0.00||N|||W000000129|P|W000000129|0|1|0.00|||3|12||531.44||||||||1||12|2000000267|N|0.00|0.00|12|32|||20260429|20260430|26|50||||||||E11.9|R51|||||||||85025|||||||20.64|75.00|28.14|N|||AETNA
002026060100000913|1234567|0987654|N|001|AC123456|03|P|N||PPO|03|PKG0042|PPO001|3|F|W000000264|Thompson|Emma|F|19730622|39353|CO|EF|780375313|W000000264|W000000264|Thompson|Emma|F|EE|19730622|202606010000913|ACAS2026060100000913||TCN2026060100000913|SRC2026060100000913|002026060100000913|NY0001|NY0001||2|100000001|DR Smith MD|2|100000001|PV000001|DR Smith MD|7241 MEDICAL PLAZA||GA MEDICAL CTR|GA|20776|1|01|P|P|20260503|20260528|20260331|20260331|20260529||||||80053|25|P|Y|05||F|||11||||1|2|246.51|246.51|73.42|0.00|0.00|PR1|CO45||173.09|173.09||40.00|40.00|8.20|22.77|22.77|102.12|102.12|0.00|0.00|0.00|73.42|0.00|0.00|0.00||N|||W000000264|P|W000000264|0|0|0.00|||3|01||246.51||N||Y||||1||01|2000000001|N|0.00|0.00|01|11|||||TC|51||||||||J06.9|J30.9|F32.9||||||||80053|||||||22.77|40.00|8.20|N|||AETNA
002026060100000914|1234567|0987654|N|001|AC123456|03|P|N||PPO|01|PKG0042|PPO001|2|F|W000000014|Rodriguez|Zoey|F|19800425|93440|NY|EE||W000000687|W000000687|Rodriguez|Charlotte|F|SP|19940804|202606010000914|ACAS2026060100000914||TCN2026060100000914|SRC2026060100000914|002026060100000914|NY0001|NY0001||2|100000234|DR Martinez MD|2|100000234|PV000234|DR Martinez MD|4959 MEDICAL PLAZA||CA MEDICAL CTR|CA|85540|1|09|P|P|20260510|20260528|20260515|20260515|20260601||||||99204|TC|P|Y|08||4|||32||||1|1|1669.02|1669.02|704.92|0.00|0.00|PR1|CO45||964.10|964.10||30.00|30.00|85.36|85.44|85.44|763.30|763.30|0.00|0.00|0.00|704.92|0.00|0.00|0.00||N|||W000000687|P|W000000687|0|0|0.00|||2|09||1669.02||Y||||||1||09|2000000234|N|0.00|0.00|09|32|||||25|95||||||||Z23|M79.3|||||||||99204|||||||85.44|30.00|85.36|N|||AETNA
002026060100000915|1234567|0987654|N|001|AC123456|01|I|N||PPO|03|PKG0042|PPO001|2|F|W000000318|Davis|Elizabeth|F|19900221|65669|FL|EC||W000000415|W000000415|Davis|Emily|F|CH|20160527|202606010000915|ACAS2026060100000915||TCN2026060100000915|SRC2026060100000915|002026060100000915|NY0001|NY0001||2|100000099|DR Williams MD|2|100000099|PV000099|DR Williams MD|3370 MEDICAL PLAZA||NY MEDICAL CTR|NY|51151|4|09|P|P|20260524|20260531|20260331|20260402|20260602||||12|293|71046|51|I|Y|05||2|||12|03|0300|122|2|2|345.64|345.64|153.13|0.00|0.00|PR1|CO45||192.51|192.51||50.00|50.00|28.94|28.30|28.30|85.27|85.27|0.00|0.00|0.00|153.13|0.00|0.00|0.00||N|||W000000415|P|W000000415|0|1|0.00|||2|09||345.64||Y|Y|||||1||09|2000000099|N|0.00|0.00|09|12|5|2|20260331|20260402||26||||||||S93.401|R05|R05|G47.33|||||||71046|||||||28.30|50.00|28.94|N|2||AETNA
002026060100000916|1234567|0987654|N|001|AC123456|01|I|N||PPO|03|PKG0042|PPO001|2|F|W000000321|Young|Ethan|M|19771201|73723|FL|EF|981162930|W000000321|W000000321|Young|Ethan|M|EE|19771201|202606010000916|ACAS2026060100000916||TCN2026060100000916|SRC2026060100000916|002026060100000916|NY0001|NY0001||2|100000156|DR Ramirez MD|2|100000156|PV000156|DR Ramirez MD|265 MEDICAL PLAZA||VA MEDICAL CTR|VA|67906|4|06|P|P|20260513|20260519|20260408|20260409|20260522||||10|292|99396|50|I|Y|01||B|||22|20|0450|131|1|1|613.64|613.64|188.16|0.00|0.00|PR1|CO45||425.48|425.48||75.00|75.00|42.08|68.51|68.51|239.89|239.89|0.00|0.00|0.00|188.16|0.00|0.00|0.00||N|||W000000321|P|W000000321|0|1|0.00|||2|06||613.64||Y||||||1||06|2000000156|N|0.00|0.00|06|22|1|4|20260408|20260409|59|26|N|||||||E78.5|||M79.3|||||||99396|||||||68.51|75.00|42.08|N|4||AETNA
002026060100000917|1234567|0987654|N|001|AC123456|03|P|N||PPO|03|PKG0042|PPO001|1|F|W000000381|Harris|Oliver|M|19851001|73289|NJ|EE|510962801|W000000381|W000000381|Harris|Oliver|M|EE|19851001|202606010000917|ACAS2026060100000917||TCN2026060100000917|SRC2026060100000917|002026060100000917|NY0001|NY0001||2|100000085|DR Lee MD|2|100000085|PV000085|DR Lee MD|4690 MEDICAL PLAZA||NC MEDICAL CTR|NC|15067|1|10|P|P|20260508|20260523|20260501|20260501|20260525||||||99213|26|P|Y|08||2|||13||||2|1|232.91|232.91|167.87|0.00|0.00|PR1|CO45||65.04|65.04||50.00|50.00|18.92|0.00|0.00|0.00|0.00|0.00|0.00|0.00|167.87|0.00|0.00|0.00||N|||W000000381|P|W000000381|0|0|0.00|||1|10||232.91||||||||1||10|2000000085|N|0.00|0.00|10|13||||||||||||||E11.9|E11.9|R05||||||||99213|||||||0.00|50.00|18.92|N|||AETNA
002026060100000918|1234567|0987654|N|001|AC123456|03|P|N||PPO|02|PKG0042|PPO001|3|F|W000000141|Lewis|Riley|F|19930224|67296|OH|EF||W000000549|W000000549|Lewis|Riley|F|SP|19801005|202606010000918|ACAS2026060100000918||TCN2026060100000918|SRC2026060100000918|002026060100000918|NY0001|NY0001||2|100000148|DR Martin MD|2|100000148|PV000148|DR Martin MD|5099 MEDICAL PLAZA||CO MEDICAL CTR|CO|60883|1|38|P|P|20260507|20260528|20260524|20260524|20260529||||||99396|AT|P|Y|03||M|||11||||2|1|2498.29|2498.29|827.33|0.00|0.00|PR1|CO45||1670.96|1670.96||75.00|75.00|237.98|274.38|274.38|1083.60|1083.60|0.00|0.00|0.00|827.33|0.00|0.00|0.00||N|||W000000549|P|W000000549|0|0|0.00|||3|38||2498.29||Y||||||1||38|2000000148|N|0.00|0.00|38|11|||||GT|||||||||E66.9||R51||||||||99396|||||||274.38|75.00|237.98|N|||AETNA
002026060100000919|1234567|0987654|N|001|AC123456|03|P|N||PPO|02|PKG0042|PPO001|1|F|W000000179|Lewis|Carter|M|19681106|11340|MI|EF|280797492|W000000179|W000000179|Lewis|Carter|M|EE|19681106|202606010000919|ACAS2026060100000919||TCN2026060100000919|SRC2026060100000919|002026060100000919|NY0001|NY0001||2|100000136|DR Davis MD|2|100000136|PV000136|DR Davis MD|8620 MEDICAL PLAZA||CA MEDICAL CTR|CA|77697|1|01|P|P|20260517|20260529|20260329|20260329|20260531||||||85025|50|P|Y|02||1|||21||||1|2|1775.17|1775.17|1775.17|0.00|0.00||CO45||0.00|0.00||20.00|20.00|0.00|0.00|0.00|0.00|0.00|0.00|0.00|0.00|0.00|0.00|0.00|0.00||N|||W000000179|D|W000000179|0|0|0.00|||1|01||1775.17||N||||||1||01|2000000136|N|0.00|0.00|01|21|||||50|AT||||||||Z87.891||||||||||85025|||||||0.00|20.00|0.00|N|||AETNA
002026060100000920|1234567|0987654|N|001|AC123456|03|P|Y||PPO|01|PKG0042|PPO001|N|F|W000000095|Brown|Nora|F|19790626|50299|GA|ES||W000000446|W000000446|Brown|Riley|F|CH|20190611|202606010000920|ACAS2026060100000920||TCN2026060100000920|SRC2026060100000920|002026060100000920|NY0001|NY0001||2|100000159|DR Walker MD|2|100000159|PV000159|DR Walker MD|2961 MEDICAL PLAZA||AZ MEDICAL CTR|AZ|36273|1|09|P|N|20260518|20260530|20260318|20260318|20260601||||||99283|AT|P|Y|06||F|||13||||3|1|647.52|647.52|369.09|0.00|0.00|PR1|CO45||278.43|278.43||30.00|30.00|56.23|40.69|40.69|151.51|151.51|0.00|0.00|0.00|369.09|0.00|0.00|0.00||N|||W000000446|P|W000000446|0|0|0.00|||N|09||647.52||Y||||||1||09|2000000159|N|0.00|0.00|09|13|||||50|50||||||||E66.9||||||||||99283|||||||40.69|30.00|56.23|N|||AETNA
002026060100000921|1234567|0987654|N|001|AC123456|03|P|N||PPO|03|PKG0042|PPO001|3|F|W000000041|Smith|Sebastian|M|19730319|51457|MA|ES||W000000611|W000000611|Smith|Nora|F|CH|20140713|202606010000921|ACAS2026060100000921||TCN2026060100000921|SRC2026060100000921|002026060100000921|NY0001|NY0001||2|100000118|DR Perez MD|2|100000118|PV000118|DR Perez MD|6743 MEDICAL PLAZA||OH MEDICAL CTR|OH|33244|1|38|P|P|20260423|20260519|20260326|20260326|20260520||||||99203|GT|P|Y|07||1|||12||||1|3|249.38|249.38|155.07|0.00|0.00|PR1|CO45||94.31|94.31||20.00|20.00|18.41|6.72|6.72|49.18|49.18|0.00|0.00|0.00|155.07|0.00|0.00|0.00||N|||W000000611|P|W000000611|0|0|0.00|||3|38||249.38||N||||||1||38|2000000118|N|0.00|0.00|38|12|||||AT|AT||||||||J44.1||||||||||99203|||||||6.72|20.00|18.41|N|||AETNA
002026060100000922|1234567|0987654|N|001|AC123456|03|P|N||PPO|03|PKG0042|PPO001|1|F|W000000360|Miller|Evelyn|F|19801028|33497|PA|EF||W000000401|W000000401|Miller|Liam|M|CH|20050404|202606010000922|ACAS2026060100000922||TCN2026060100000922|SRC2026060100000922|002026060100000922|NY0001|NY0001||2|100000161|DR Smith MD|2|100000161|PV000161|DR Smith MD|9898 MEDICAL PLAZA||MI MEDICAL CTR|MI|39032|1|11|P|P|20260513|20260518|20260422|20260422|20260519||||||99395|95|P|Y|04||N|||99||||2|3|2454.11|2454.11|2454.11|0.00|0.00||CO45||0.00|0.00||50.00|50.00|0.00|0.00|0.00|0.00|0.00|0.00|0.00|0.00|0.00|0.00|0.00|0.00||N|||W000000401|D|W000000401|0|0|0.00|||1|11||2454.11||||Y||||1||11|2000000161|N|0.00|0.00|11|99||||||26||||||||I10||I10||||||||99395|||||||0.00|50.00|0.00|N|||AETNA
002026060100000923|1234567|0987654|N|001|AC123456|03|P|Y||PPO|01|PKG0042|PPO001|N|F|W000000313|Taylor|Benjamin|M|19911114|41957|NC|ES|629232175|W000000313|W000000313|Taylor|Benjamin|M|EE|19911114|202606010000923|ACAS2026060100000923||TCN2026060100000923|SRC2026060100000923|002026060100000923|NY0001|NY0001||2|100000248|DR White MD|2|100000248|PV000248|DR White MD|2827 MEDICAL PLAZA||NJ MEDICAL CTR|NJ|84471|1|08|P|N|20260513|20260519|20260402|20260402|20260523||||||99213|95|P|Y|07||F|||32||||2|1|487.34|487.34|136.19|0.00|0.00|PR1|CO45||351.15|351.15||50.00|50.00|65.15|35.48|35.48|200.52|200.52|0.00|0.00|0.00|136.19|0.00|0.00|0.00||N|||W000000313|P|W000000313|0|0|0.00|||N|08||487.34|||Y|||||1||08|2000000248|N|0.00|0.00|08|32||||||||||||||E66.9|Z23|||||||||99213|||||||35.48|50.00|65.15|N|||AETNA
002026060100000924|1234567|0987654|N|001|AC123456|03|P|N||PPO|02|PKG0042|PPO001|3|F|W000000102|Gonzalez|Grace|F|19600112|74254|FL|EE|774834628|W000000102|W000000102|Gonzalez|Grace|F|EE|19600112|202606010000924|ACAS2026060100000924||TCN2026060100000924|SRC2026060100000924|002026060100000924|NY0001|NY0001||2|100000131|DR Williams MD|2|100000131|PV000131|DR Williams MD|9261 MEDICAL PLAZA||NJ MEDICAL CTR|NJ|11602|1|11|P|P|20260521|20260529|20260422|20260422|20260601||||||80053||P|Y|02||1|||22||||3|1|259.97|259.97|176.53|0.00|0.00|PR1|CO45||83.44|83.44||40.00|40.00|6.10|6.31|6.31|31.03|31.03|0.00|0.00|0.00|176.53|0.00|0.00|0.00||N|||W000000102|P|W000000102|0|0|0.00|||3|11||259.97||N|N|||||1||11|2000000131|N|0.00|0.00|11|22||||||51||||||||I10|E11.9|||||||||80053|||||||6.31|40.00|6.10|N|||AETNA
002026060100000925|1234567|0987654|N|001|AC123456|01|I|N||PPO|03|PKG0042|PPO001|2|F|W000000174|Thomas|Logan|M|19770505|86916|IL|EF|891139762|W000000174|W000000174|Thomas|Logan|M|EE|19770505|202606010000925|ACAS2026060100000925||TCN2026060100000925|SRC2026060100000925|002026060100000925|NY0001|NY0001||2|100000109|DR Gonzalez MD|2|100000109|PV000109|DR Gonzalez MD|9085 MEDICAL PLAZA||OH MEDICAL CTR|OH|90896|4|04|P|P|20260502|20260531|20260427|20260427|20260602||||09|195|99204|AT|I|Y|02||F|||24|05|0300|111|2|2|148.74|148.74|148.74|0.00|0.00||CO45||0.00|0.00||40.00|40.00|0.00|0.00|0.00|0.00|0.00|0.00|0.00|0.00|0.00|0.00|0.00|0.00||N|||W000000174|D|W000000174|0|1|0.00|||2|04||148.74|||Y|||||1||04|2000000109|N|0.00|0.00|04|24|1||20260427|20260427|50|||||||||K57.30|G43.909|||||||||99204|||||||0.00|40.00|0.00|N|||AETNA
002026060100000926|1234567|0987654|N|001|AC123456|01|I|N||PPO|01|PKG0042|PPO001|2|F|W000000133|Lee|Charlotte|F|19610202|29042|FL|EC||W000000663|W000000663|Lee|Jackson|M|CH|20161112|202606010000926|ACAS2026060100000926||TCN2026060100000926|SRC2026060100000926|002026060100000926|NY0001|NY0001||2|100000040|DR Davis MD|2|100000040|PV000040|DR Davis MD|8463 MEDICAL PLAZA||PA MEDICAL CTR|PA|53024|4|10|P|P|20260512|20260529|20260430|20260502|20260602||||04|872|90847||I|Y|08||2|||31|05|0250|112|1|2|384.11|384.11|155.35|0.00|0.00|PR1|CO45||228.76|228.76||50.00|50.00|48.48|15.82|15.82|114.46|114.46|0.00|0.00|0.00|155.35|0.00|0.00|0.00||N|||W000000663|P|W000000663|0|1|0.00|||2|10||384.11||Y||N||||1||10|2000000040|N|0.00|0.00|10|31|4|2|20260430|20260502|50|26||||||||K21.0||S93.401||||||||90847|||||||15.82|50.00|48.48|N|2||AETNA
002026060100000927|1234567|0987654|N|001|AC123456|03|P|N||PPO|03|PKG0042|PPO001|1|F|W000000379|Harris|Henry|M|19701205|71647|CA|EC|564929214|W000000379|W000000379|Harris|Henry|M|EE|19701205|202606010000927|ACAS2026060100000927||TCN2026060100000927|SRC2026060100000927|002026060100000927|NY0001|NY0001||2|100000108|DR Lopez MD|2|100000108|PV000108|DR Lopez MD|216 MEDICAL PLAZA||WA MEDICAL CTR|WA|10622|1|03|P|P|20260509|20260517|20260510|20260510|20260520||||||99204||P|Y|07||M|||11||||2|1|193.17|193.17|76.29|0.00|0.00|PR1|CO45||116.88|116.88||20.00|20.00|19.54|19.06|19.06|58.28|58.28|0.00|0.00|0.00|76.29|0.00|0.00|0.00||N|||W000000379|P|W000000379|0|0|0.00|||1|03||193.17||Y||Y||||1||03|2000000108|N|0.00|0.00|03|11|||||GT|GT||||||||E66.9|E11.65|M79.3||||||||99204|||||||19.06|20.00|19.54|N|||AETNA
002026060100000928|1234567|0987654|N|001|AC123456|03|P|Y||PPO|02|PKG0042|PPO001|N|F|W000000211|Williams|Mason|M|19720721|19522|CO|EC|572338726|W000000211|W000000211|Williams|Mason|M|EE|19720721|202606010000928|ACAS2026060100000928||TCN2026060100000928|SRC2026060100000928|002026060100000928|NY0001|NY0001||2|100000038|DR Garcia MD|2|100000038|PV000038|DR Garcia MD|3481 MEDICAL PLAZA||FL MEDICAL CTR|FL|92803|1|08|P|N|20260505|20260517|20260306|20260306|20260520||||||99396|26|P|Y|03||A|||31||||3|1|391.74|391.74|262.32|0.00|0.00|PR1|CO45||129.42|129.42||30.00|30.00|14.31|8.71|8.71|76.40|76.40|0.00|0.00|0.00|262.32|0.00|0.00|0.00||N|||W000000211|P|W000000211|0|0|0.00|||N|08||391.74||Y||N||||1||08|2000000038|N|0.00|0.00|08|31|||||59|26||||||||Z79.899||M17.11||||||||99396|||||||8.71|30.00|14.31|N|||AETNA
002026060100000929|1234567|0987654|N|001|AC123456|01|I|N||PPO|02|PKG0042|PPO001|3|F|W000000293|Gonzalez|Zoey|F|19930111|13885|NJ|EF|741104168|W000000293|W000000293|Gonzalez|Zoey|F|EE|19930111|202606010000929|ACAS2026060100000929||TCN2026060100000929|SRC2026060100000929|002026060100000929|NY0001|NY0001||2|100000055|DR Thompson MD|2|100000055|PV000055|DR Thompson MD|2653 MEDICAL PLAZA||CA MEDICAL CTR|CA|60867|4|10|P|P|20260427|20260526|20260401|20260402|20260530||||07|871|85025|26|I|Y|01||B|||11|02|0636|132|3|1|1252.31|1252.31|429.46|0.00|0.00|PR1|CO45||822.85|822.85||50.00|50.00|41.33|74.26|74.26|657.26|657.26|0.00|0.00|0.00|429.46|0.00|0.00|0.00||N|||W000000293|P|W000000293|0|1|0.00|||3|10||1252.31||Y|Y|||||1||10|2000000055|N|0.00|0.00|10|11|1|9|20260401|20260402|25|TC||||||||J06.9|Z12.31|||||||||85025|||||||74.26|50.00|41.33|N|9||AETNA
002026060100000930|1234567|0987654|N|001|AC123456|03|P|Y||PPO|02|PKG0042|PPO001|N|F|W000000034|Anderson|Aria|F|19690901|73098|TX|EF||W000000405|W000000405|Anderson|Zoey|F|SP|19761225|202606010000930|ACAS2026060100000930||TCN2026060100000930|SRC2026060100000930|002026060100000930|NY0001|NY0001||2|100000286|DR Robinson MD|2|100000286|PV000286|DR Robinson MD|7717 MEDICAL PLAZA||TX MEDICAL CTR|TX|82147|1|01|P|N|20260508|20260530|20260513|20260513|20260601||||||99213||P|Y|08||N|||21||||2|3|483.43|483.43|239.23|0.00|0.00|PR1|CO45||244.20|244.20||0.00|0.00|37.03|32.32|32.32|174.85|174.85|0.00|0.00|0.00|239.23|0.00|0.00|0.00||N|||W000000405|P|W000000405|0|0|0.00|||N|01||483.43||||Y||||1||01|2000000286|N|0.00|0.00|01|21||||||59||||||||E78.5|M17.11|F32.9||||||||99213|||||||32.32|0.00|37.03|N|||AETNA
002026060100000931|1234567|0987654|N|001|AC123456|03|P|N||PPO|01|PKG0042|PPO001|1|F|W000000377|Miller|Chloe|F|19620322|30596|MI|EC|553253400|W000000377|W000000377|Miller|Chloe|F|EE|19620322|202606010000931|ACAS2026060100000931||TCN2026060100000931|SRC2026060100000931|002026060100000931|NY0001|NY0001||2|100000027|DR Clark MD|2|100000027|PV000027|DR Clark MD|351 MEDICAL PLAZA||PA MEDICAL CTR|PA|18219|1|12|P|P|20260515|20260525|20260315|20260315|20260528||||||97110|95|P|Y|02||B|||21||||3|2|899.95|899.95|293.18|0.00|0.00|PR1|CO45||606.77|606.77||75.00|75.00|58.13|91.44|91.44|382.20|382.20|0.00|0.00|0.00|293.18|0.00|0.00|0.00||N|||W000000377|P|W000000377|0|0|0.00|||1|12||899.95||Y||||||1||12|2000000027|N|0.00|0.00|12|21||||||||||||||Z00.00||K57.30||||||||97110|||||||91.44|75.00|58.13|N|||AETNA
002026060100000932|1234567|0987654|N|001|AC123456|03|P|N||PPO|02|PKG0042|PPO001|3|F|W000000159|Harris|Emma|F|19830903|52540|NC|ES||W000000490|W000000490|Harris|Matthew|M|CH|20041119|202606010000932|ACAS2026060100000932||TCN2026060100000932|SRC2026060100000932|002026060100000932|NY0001|NY0001||2|100000145|DR Taylor MD|2|100000145|PV000145|DR Taylor MD|6468 MEDICAL PLAZA||MA MEDICAL CTR|MA|43774|1|10|P|P|20260505|20260516|20260515|20260515|20260520||||||90834||P|Y|05||S|||21||||3|2|359.66|359.66|254.05|0.00|0.00|PR1|CO45||105.61|105.61||20.00|20.00|28.92|7.20|7.20|49.49|49.49|0.00|0.00|0.00|254.05|0.00|0.00|0.00||N|||W000000490|P|W000000490|0|0|0.00|||3|10||359.66||Y||||||1||10|2000000145|N|0.00|0.00|10|21|||||95|59|Y|||||||K21.0|||S93.401|||||||90834|||||||7.20|20.00|28.92|N|||AETNA
002026060100000933|1234567|0987654|N|001|AC123456|03|P|N||PPO|02|PKG0042|PPO001|3|F|W000000181|Harris|Scarlett|F|19630624|40932|NC|ES|183708295|W000000181|W000000181|Harris|Scarlett|F|EE|19630624|202606010000933|ACAS2026060100000933||TCN2026060100000933|SRC2026060100000933|002026060100000933|NY0001|NY0001||2|100000251|DR Clark MD|2|100000251|PV000251|DR Clark MD|2120 MEDICAL PLAZA||CO MEDICAL CTR|CO|57072|1|11|P|P|20260523|20260529|20260407|20260407|20260602||||||99205|26|P|Y|05||N|||11||||3|1|703.03|703.03|512.22|0.00|0.00|PR1|CO45||190.81|190.81||50.00|50.00|30.59|19.84|19.84|90.38|90.38|0.00|0.00|0.00|512.22|0.00|0.00|0.00||N|||W000000181|P|W000000181|0|0|0.00|||3|11||703.03||N||||||1||11|2000000251|N|0.00|0.00|11|11||||||25|Y|||||||E11.65|||J18.9|||||||99205|||||||19.84|50.00|30.59|N|||AETNA
002026060100000934|1234567|0987654|N|001|AC123456|03|P|N||PPO|03|PKG0042|PPO001|3|F|W000000111|Garcia|Mia|F|19871209|63080|MI|EF||W000000455|W000000455|Garcia|Mason|M|CH|20081115|202606010000934|ACAS2026060100000934||TCN2026060100000934|SRC2026060100000934|002026060100000934|NY0001|NY0001||2|100000286|DR Robinson MD|2|100000286|PV000286|DR Robinson MD|8877 MEDICAL PLAZA||MI MEDICAL CTR|MI|73010|1|01|P|P|20260422|20260516|20260513|20260513|20260518||||||99291|95|P|Y|02||N|||13||||2|1|3404.20|3404.20|1468.93|0.00|0.00|PR1|CO45||1935.27|1935.27||40.00|40.00|502.76|290.22|290.22|1102.29|1102.29|0.00|0.00|0.00|1468.93|0.00|0.00|0.00||N|||W000000455|P|W000000455|0|0|0.00|||3|01||3404.20||Y||||||1||01|2000000286|N|0.00|0.00|01|13|||||GT|||||||||J44.1||||||||||99291|||||||290.22|40.00|502.76|N|||AETNA
002026060100000935|1234567|0987654|N|001|AC123456|03|P|N||PPO|01|PKG0042|PPO001|1|F|W000000310|Jackson|Riley|F|19801022|90089|TX|ES|997106913|W000000310|W000000310|Jackson|Riley|F|EE|19801022|202606010000935|ACAS2026060100000935||TCN2026060100000935|SRC2026060100000935|002026060100000935|NY0001|NY0001||2|100000045|DR Gonzalez MD|2|100000045|PV000045|DR Gonzalez MD|3476 MEDICAL PLAZA||PA MEDICAL CTR|PA|65528|1|50|P|P|20260515|20260523|20260427|20260427|20260525||||||99395||P|Y|07||M|||12||||2|3|494.62|494.62|333.86|0.00|0.00|PR1|CO45||160.76|160.76||75.00|75.00|18.82|7.64|7.64|59.30|59.30|0.00|0.00|0.00|333.86|0.00|0.00|0.00||N|||W000000310|P|W000000310|0|0|0.00|||1|50||494.62||Y||||||1||50|2000000045|N|0.00|0.00|50|12|||||50|51||||||||R51|E66.9|||||||||99395|||||||7.64|75.00|18.82|N|||AETNA
002026060100000936|1234567|0987654|N|001|AC123456|01|I|N||PPO|02|PKG0042|PPO001|1|F|W000000304|Walker|Logan|M|19931112|85991|MI|EF||W000000659|W000000659|Walker|Oliver|M|SP|19900321|202606010000936|ACAS2026060100000936||TCN2026060100000936|SRC2026060100000936|002026060100000936|NY0001|NY0001||2|100000050|DR Moore MD|2|100000050|PV000050|DR Moore MD|6056 MEDICAL PLAZA||CA MEDICAL CTR|CA|55547|4|05|P|P|20260517|20260529|20260402|20260403|20260531||||09|293|97110|GT|I|Y|06||F|||31|02|0730|121|2|2|922.20|922.20|449.60|0.00|0.00|PR1|CO45||472.60|472.60||50.00|50.00|117.31|75.61|75.61|229.68|229.68|0.00|0.00|0.00|449.60|0.00|0.00|0.00||N|||W000000659|P|W000000659|0|1|0.00|||1|05||922.20||Y||||||1||05|2000000050|N|0.00|0.00|05|31|4|2|20260402|20260403||TC||||||||R51||||||||||97110|||||||75.61|50.00|117.31|N|2||AETNA
002026060100000937|1234567|0987654|N|001|AC123456|03|P|Y||PPO|01|PKG0042|PPO001|N|F|W000000111|Garcia|Mia|F|19871209|63080|MI|EF|449202842|W000000111|W000000111|Garcia|Mia|F|EE|19871209|202606010000937|ACAS2026060100000937||TCN2026060100000937|SRC2026060100000937|002026060100000937|NY0001|NY0001||2|100000112|DR Thomas MD|2|100000112|PV000112|DR Thomas MD|4330 MEDICAL PLAZA||IL MEDICAL CTR|IL|38985|1|07|P|N|20260501|20260514|20260304|20260304|20260517||||||99283||P|Y|08||4|||23||||3|1|175.79|175.79|130.60|0.00|0.00|PR1|CO45||45.19|45.19||40.00|40.00|0.77|0.67|0.67|3.75|3.75|0.00|0.00|0.00|130.60|0.00|0.00|0.00||N|||W000000111|P|W000000111|0|0|0.00|||N|07||175.79||Y||||||1||07|2000000112|N|0.00|0.00|07|23||||||59||||||||Z87.891||||E11.65||||||99283|||||||0.67|40.00|0.77|N|||AETNA
002026060100000938|1234567|0987654|N|001|AC123456|03|P|Y||PPO|02|PKG0042|PPO001|N|F|W000000104|Perez|Mia|F|19760228|50706|MA|EC|863299020|W000000104|W000000104|Perez|Mia|F|EE|19760228|202606010000938|ACAS2026060100000938||TCN2026060100000938|SRC2026060100000938|002026060100000938|NY0001|NY0001||2|100000167|DR Miller MD|2|100000167|PV000167|DR Miller MD|2312 MEDICAL PLAZA||NJ MEDICAL CTR|NJ|94387|1|02|P|N|20260502|20260522|20260304|20260304|20260525||||||99203|59|P|Y|02||4|||21||||2|1|2421.37|2421.37|2421.37|0.00|0.00||CO45||0.00|0.00||50.00|50.00|0.00|0.00|0.00|0.00|0.00|0.00|0.00|0.00|0.00|0.00|0.00|0.00||N|||W000000104|D|W000000104|0|0|0.00|||N|02||2421.37||Y|Y|||||1||02|2000000167|N|0.00|0.00|02|21|||||GT||Y|||||||J45.909|F32.9||N39.0|||||||99203|||||||0.00|50.00|0.00|N|||AETNA
002026060100000939|1234567|0987654|N|001|AC123456|01|I|N||PPO|02|PKG0042|PPO001|1|F|W000000324|Brown|Amelia|F|19700116|46262|WA|EE|402892165|W000000324|W000000324|Brown|Amelia|F|EE|19700116|202606010000939|ACAS2026060100000939||TCN2026060100000939|SRC2026060100000939|002026060100000939|NY0001|NY0001||2|100000288|DR Young MD|2|100000288|PV000288|DR Young MD|4221 MEDICAL PLAZA||MA MEDICAL CTR|MA|50727|4|03|P|P|20260429|20260519|20260312|20260315|20260523||||10|470|71046|AT|I|Y|01||B|||13|03|0250|121|2|3|443.36|443.36|133.11|0.00|0.00|PR1|CO45||310.25|310.25||30.00|30.00|7.28|31.83|31.83|241.14|241.14|0.00|0.00|0.00|133.11|0.00|0.00|0.00||N|||W000000324|P|W000000324|0|1|0.00|||1|03||443.36||||||||1||03|2000000288|N|0.00|0.00|03|13|4|3|20260312|20260315|59|GT||||||||S93.401||||||||||71046|||||||31.83|30.00|7.28|N|3||AETNA
002026060100000940|1234567|0987654|N|001|AC123456|01|I|N||PPO|03|PKG0042|PPO001|3|F|W000000356|Rodriguez|Isabella|F|19940701|71870|PA|EE|225546453|W000000356|W000000356|Rodriguez|Isabella|F|EE|19940701|202606010000940|ACAS2026060100000940||TCN2026060100000940|SRC2026060100000940|002026060100000940|NY0001|NY0001||2|100000063|DR Walker MD|2|100000063|PV000063|DR Walker MD|6179 MEDICAL PLAZA||TX MEDICAL CTR|TX|39375|4|03|P|P|20260506|20260530|20260507|20260510|20260601||||11|194|99396|AT|I|Y|08||2|||99|05|0300|132|1|3|1624.50|1624.50|1624.50|0.00|0.00||CO45||0.00|0.00||40.00|40.00|0.00|0.00|0.00|0.00|0.00|0.00|0.00|0.00|0.00|0.00|0.00|0.00||N|||W000000356|D|W000000356|0|1|0.00|||3|03||1624.50||Y||Y||||1||03|2000000063|N|0.00|0.00|03|99|4||20260507|20260510||95||||||||F41.9|R51|E11.65||||||||99396|||||||0.00|40.00|0.00|N|||AETNA
002026060100000941|1234567|0987654|N|001|AC123456|01|I|N||PPO|03|PKG0042|PPO001|3|F|W000000209|Jackson|Joseph|M|19691124|20944|OH|EC||W000000484|W000000484|Jackson|Carter|M|CH|20200426|202606010000941|ACAS2026060100000941||TCN2026060100000941|SRC2026060100000941|002026060100000941|NY0001|NY0001||2|100000050|DR Moore MD|2|100000050|PV000050|DR Moore MD|9658 MEDICAL PLAZA||TX MEDICAL CTR|TX|70481|4|05|P|P|20260512|20260524|20260520|20260522|20260526||||15|196|85025|25|I|Y|05||B|||99|04|0300|111|1|3|599.02|599.02|162.23|0.00|0.00|PR1|CO45||436.79|436.79||75.00|75.00|120.40|54.57|54.57|186.82|186.82|0.00|0.00|0.00|162.23|0.00|0.00|0.00||N|||W000000484|P|W000000484|0|1|0.00|||3|05||599.02|||Y|Y||||1||05|2000000050|N|0.00|0.00|05|99|5|9|20260520|20260522|26|25||||||||J44.1|M79.3|E78.5||||||||85025|||||||54.57|75.00|120.40|N|9||AETNA
002026060100000942|1234567|0987654|N|001|AC123456|03|P|N||PPO|01|PKG0042|PPO001|3|F|W000000283|Lewis|Harper|F|19780201|98004|NJ|ES|503863588|W000000283|W000000283|Lewis|Harper|F|EE|19780201|202606010000942|ACAS2026060100000942||TCN2026060100000942|SRC2026060100000942|002026060100000942|NY0001|NY0001||2|100000076|DR Lopez MD|2|100000076|PV000076|DR Lopez MD|5798 MEDICAL PLAZA||WA MEDICAL CTR|WA|26277|1|01|P|P|20260505|20260519|20260312|20260312|20260521||||||80061|26|P|Y|03||B|||24||||3|1|1118.61|1118.61|333.85|0.00|0.00|PR1|CO45||784.76|784.76||0.00|0.00|168.77|71.33|71.33|544.66|544.66|0.00|0.00|0.00|333.85|0.00|0.00|0.00||N|||W000000283|P|W000000283|0|0|0.00|||3|01||1118.61|||Y|||||1||01|2000000076|N|0.00|0.00|01|24|||||95|TC||||||||G43.909|J30.9|||||||||80061|||||||71.33|0.00|168.77|N|||AETNA
002026060100000943|1234567|0987654|N|001|AC123456|03|P|Y||PPO|02|PKG0042|PPO001|N|F|W000000060|Davis|Sophia|F|19790724|80545|MI|EC||W000000640|W000000640|Davis|Jacob|M|CH|20140325|202606010000943|ACAS2026060100000943||TCN2026060100000943|SRC2026060100000943|002026060100000943|NY0001|NY0001||2|100000263|DR Miller MD|2|100000263|PV000263|DR Miller MD|5644 MEDICAL PLAZA||NC MEDICAL CTR|NC|22661|1|08|P|N|20260505|20260519|20260310|20260310|20260522||||||99395|TC|P|Y|05||M|||11||||3|3|1176.57|1176.57|621.22|0.00|0.00|PR1|CO45||555.35|555.35||30.00|30.00|104.15|50.07|50.07|371.13|371.13|0.00|0.00|0.00|621.22|0.00|0.00|0.00||N|||W000000640|P|W000000640|0|0|0.00|||N|08||1176.57|||N|||||1||08|2000000263|N|0.00|0.00|08|11||||||50||||||||Z87.891|Z00.00|||||||||99395|||||||50.07|30.00|104.15|N|||AETNA
002026060100000944|1234567|0987654|N|001|AC123456|01|I|Y||PPO|03|PKG0042|PPO001|N|F|W000000332|Lewis|Zoey|F|19701122|26691|TX|EF|507348331|W000000332|W000000332|Lewis|Zoey|F|EE|19701122|202606010000944|ACAS2026060100000944||TCN2026060100000944|SRC2026060100000944|002026060100000944|NY0001|NY0001||2|100000010|DR Martinez MD|2|100000010|PV000010|DR Martinez MD|9511 MEDICAL PLAZA||GA MEDICAL CTR|GA|87758|4|10|P|N|20260524|20260530|20260504|20260504|20260601||||13|378|99283||I|Y|05||N|||32|04|0730|211|2|2|452.79|452.79|249.41|0.00|0.00|PR1|CO45||203.38|203.38||0.00|0.00|32.49|24.29|24.29|146.60|146.60|0.00|0.00|0.00|249.41|0.00|0.00|0.00||N|||W000000332|P|W000000332|0|1|0.00|||N|10||452.79||Y||||||1||10|2000000010|N|0.00|0.00|10|32|2|9|20260504|20260504|51|59||||||||R51||||||||||99283|||||||24.29|0.00|32.49|N|9||AETNA
002026060100000945|1234567|0987654|N|001|AC123456|03|P|N||PPO|01|PKG0042|PPO001|1|F|W000000091|Johnson|Oliver|M|19660225|19550|AZ|EE|987588146|W000000091|W000000091|Johnson|Oliver|M|EE|19660225|202606010000945|ACAS2026060100000945||TCN2026060100000945|SRC2026060100000945|002026060100000945|NY0001|NY0001||2|100000115|DR Jackson MD|2|100000115|PV000115|DR Jackson MD|4049 MEDICAL PLAZA||CO MEDICAL CTR|CO|93863|1|10|P|P|20260427|20260520|20260526|20260526|20260523||||||99213||P|Y|01||4|||24||||1|2|1682.64|1682.64|508.00|0.00|0.00|PR1|CO45||1174.64|1174.64||40.00|40.00|200.71|95.07|95.07|838.86|838.86|0.00|0.00|0.00|508.00|0.00|0.00|0.00||N|||W000000091|P|W000000091|0|0|0.00|||1|10||1682.64||N|N|||||1||10|2000000115|N|0.00|0.00|10|24|||||50|||Y||||||E11.9|J06.9|||N39.0||||||99213|||||||95.07|40.00|200.71|N|||AETNA
002026060100000946|1234567|0987654|N|001|AC123456|03|P|N||PPO|02|PKG0042|PPO001|1|F|W000000084|Ramirez|Nora|F|19621218|54421|PA|EE|696147728|W000000084|W000000084|Ramirez|Nora|F|EE|19621218|202606010000946|ACAS2026060100000946||TCN2026060100000946|SRC2026060100000946|002026060100000946|NY0001|NY0001||2|100000036|DR Brown MD|2|100000036|PV000036|DR Brown MD|8607 MEDICAL PLAZA||PA MEDICAL CTR|PA|52142|1|06|P|P|20260426|20260514|20260402|20260402|20260516||||||90834|26|P|Y|07||N|||22||||1|2|348.93|348.93|99.98|0.00|0.00|PR1|CO45||248.95|248.95||50.00|50.00|47.70|37.50|37.50|113.75|113.75|0.00|0.00|0.00|99.98|0.00|0.00|0.00||N|||W000000084|P|W000000084|0|0|0.00|||1|06||348.93||||N||||1||06|2000000036|N|0.00|0.00|06|22||||||||||||||M17.11|M17.11|M79.3||||||||90834|||||||37.50|50.00|47.70|N|||AETNA
002026060100000947|1234567|0987654|N|001|AC123456|01|I|N||PPO|03|PKG0042|PPO001|3|F|W000000007|Davis|James|M|19610916|98986|MI|EE||W000000682|W000000682|Davis|Logan|M|SP|19971211|202606010000947|ACAS2026060100000947||TCN2026060100000947|SRC2026060100000947|002026060100000947|NY0001|NY0001||2|100000048|DR Thomas MD|2|100000048|PV000048|DR Thomas MD|1697 MEDICAL PLAZA||MI MEDICAL CTR|MI|14431|4|03|P|P|20260501|20260517|20260521|20260524|20260520||||15|872|80061|TC|I|Y|07||M|||23|07|0730|212|3|2|1288.51|1288.51|339.63|0.00|0.00|PR1|CO45||948.88|948.88||0.00|0.00|235.30|135.41|135.41|578.17|578.17|0.00|0.00|0.00|339.63|0.00|0.00|0.00||N|||W000000682|P|W000000682|0|1|0.00|||3|03||1288.51||Y|N|||||1||03|2000000048|N|0.00|0.00|03|23|5|1|20260521|20260524||||||||||Z12.31|E11.9|E66.9||||||||80061|||||||135.41|0.00|235.30|N|1||AETNA
002026060100000948|1234567|0987654|N|001|AC123456|03|P|Y||PPO|01|PKG0042|PPO001|N|F|W000000094|Lee|Ella|F|19710920|59281|NY|EE|657689059|W000000094|W000000094|Lee|Ella|F|EE|19710920|202606010000948|ACAS2026060100000948||TCN2026060100000948|SRC2026060100000948|002026060100000948|NY0001|NY0001||2|100000276|DR Martin MD|2|100000276|PV000276|DR Martin MD|7485 MEDICAL PLAZA||OH MEDICAL CTR|OH|50926|1|06|P|N|20260429|20260528|20260524|20260524|20260529||||||85025||P|Y|07||4|||11||||3|1|477.39|477.39|174.65|0.00|0.00|PR1|CO45||302.74|302.74||40.00|40.00|54.21|39.86|39.86|168.67|168.67|0.00|0.00|0.00|174.65|0.00|0.00|0.00||N|||W000000094|P|W000000094|0|0|0.00|||N|06||477.39||||N||||1||06|2000000276|N|0.00|0.00|06|11|||||59|||||||||Z23||Z87.891||||||||85025|||||||39.86|40.00|54.21|N|||AETNA
002026060100000949|1234567|0987654|N|001|AC123456|01|I|N||PPO|01|PKG0042|PPO001|1|F|W000000028|Brown|Oliver|M|19870116|41574|GA|EC||W000000664|W000000664|Brown|Daniel|M|CH|20120818|202606010000949|ACAS2026060100000949||TCN2026060100000949|SRC2026060100000949|002026060100000949|NY0001|NY0001||2|100000001|DR Smith MD|2|100000001|PV000001|DR Smith MD|7277 MEDICAL PLAZA||NC MEDICAL CTR|NC|36142|4|01|P|P|20260505|20260514|20260309|20260313|20260515||||14|194|85025||I|Y|02||S|||12|05|0250|122|2|1|895.27|895.27|581.04|0.00|0.00|PR1|CO45||314.23|314.23||30.00|30.00|70.57|52.10|52.10|161.56|161.56|0.00|0.00|0.00|581.04|0.00|0.00|0.00||N|||W000000664|P|W000000664|0|1|0.00|||1|01||895.27||||||||1||01|2000000001|N|0.00|0.00|01|12|5|3|20260309|20260313|GT|GT||||||||N39.0|J06.9|||||||||85025|||||||52.10|30.00|70.57|N|3||AETNA
002026060100000950|1234567|0987654|N|001|AC123456|03|P|Y||PPO|01|PKG0042|PPO001|N|F|W000000195|Davis|Zoey|F|19701128|43724|FL|EC|164194290|W000000195|W000000195|Davis|Zoey|F|EE|19701128|202606010000950|ACAS2026060100000950||TCN2026060100000950|SRC2026060100000950|002026060100000950|NY0001|NY0001||2|100000097|DR Smith MD|2|100000097|PV000097|DR Smith MD|7330 MEDICAL PLAZA||CO MEDICAL CTR|CO|72867|1|07|P|N|20260420|20260519|20260415|20260415|20260523||||||90834|TC|P|Y|08||B|||21||||2|1|449.13|449.13|124.64|0.00|0.00|PR1|CO45||324.49|324.49||50.00|50.00|27.35|55.56|55.56|191.58|191.58|0.00|0.00|0.00|124.64|0.00|0.00|0.00||N|||W000000195|P|W000000195|0|0|0.00|||N|07||449.13||||||||1||07|2000000097|N|0.00|0.00|07|21|||||50|||||||||Z87.891|E11.65|||||||||90834|||||||55.56|50.00|27.35|N|||AETNA
002026060100000951|1234567|0987654|N|001|AC123456|03|P|N||PPO|03|PKG0042|PPO001|1|F|W000000066|Wilson|Nora|F|19730616|33185|PA|EE|271617878|W000000066|W000000066|Wilson|Nora|F|EE|19730616|202606010000951|ACAS2026060100000951||TCN2026060100000951|SRC2026060100000951|002026060100000951|NY0001|NY0001||2|100000275|DR Jackson MD|2|100000275|PV000275|DR Jackson MD|7929 MEDICAL PLAZA||CO MEDICAL CTR|CO|37151|1|05|P|P|20260508|20260530|20260518|20260518|20260531||||||99395||P|Y|02||1|||12||||1|1|694.01|694.01|191.84|0.00|0.00|PR1|CO45||502.17|502.17||20.00|20.00|147.15|74.42|74.42|260.60|260.60|0.00|0.00|0.00|191.84|0.00|0.00|0.00||N|||W000000066|P|W000000066|0|0|0.00|||1|05||694.01||||Y||||1||05|2000000275|N|0.00|0.00|05|12|||||26|26||||||||K21.0||Z23||||||||99395|||||||74.42|20.00|147.15|N|||AETNA
002026060100000952|1234567|0987654|N|001|AC123456|01|I|N||PPO|01|PKG0042|PPO001|2|F|W000000214|White|Sofia|F|19930722|63252|AZ|ES|719564313|W000000214|W000000214|White|Sofia|F|EE|19930722|202606010000952|ACAS2026060100000952||TCN2026060100000952|SRC2026060100000952|002026060100000952|NY0001|NY0001||2|100000183|DR Thompson MD|2|100000183|PV000183|DR Thompson MD|9453 MEDICAL PLAZA||WA MEDICAL CTR|WA|72248|4|03|P|P|20260519|20260529|20260402|20260404|20260530||||04|392|82947|25|I|Y|08||N|||13|02|0370|131|2|2|266.80|266.80|111.24|0.00|0.00|PR1|CO45||155.56|155.56||0.00|0.00|1.49|23.25|23.25|130.82|130.82|0.00|0.00|0.00|111.24|0.00|0.00|0.00||N|||W000000214|P|W000000214|0|1|0.00|||2|03||266.80|||Y|||||1||03|2000000183|N|0.00|0.00|03|13|4|3|20260402|20260404|51|GT|N|||||||M54.5|J30.9|Z12.31|E11.65|||||||82947|||||||23.25|0.00|1.49|N|3||AETNA
002026060100000953|1234567|0987654|N|001|AC123456|03|P|N||PPO|02|PKG0042|PPO001|1|F|W000000063|Taylor|Matthew|M|19670226|60346|IL|EC||W000000431|W000000431|Taylor|Mason|M|CH|20070325|202606010000953|ACAS2026060100000953||TCN2026060100000953|SRC2026060100000953|002026060100000953|NY0001|NY0001||2|100000022|DR Perez MD|2|100000022|PV000022|DR Perez MD|5565 MEDICAL PLAZA||CO MEDICAL CTR|CO|28753|1|07|P|P|20260423|20260514|20260426|20260426|20260515||||||99395||P|Y|04||A|||11||||3|1|820.92|820.92|263.81|0.00|0.00|PR1|CO45||557.11|557.11||0.00|0.00|64.61|73.99|73.99|418.51|418.51|0.00|0.00|0.00|263.81|0.00|0.00|0.00||N|||W000000431|P|W000000431|0|0|0.00|||1|07||820.92||||||||1||07|2000000022|N|0.00|0.00|07|11||||||59||||||||K21.0|F32.9|||||||||99395|||||||73.99|0.00|64.61|N|||AETNA
002026060100000954|1234567|0987654|N|001|AC123456|03|P|N||PPO|01|PKG0042|PPO001|3|F|W000000300|Jackson|Sofia|F|19920114|18082|TX|EC|520653316|W000000300|W000000300|Jackson|Sofia|F|EE|19920114|202606010000954|ACAS2026060100000954||TCN2026060100000954|SRC2026060100000954|002026060100000954|NY0001|NY0001||2|100000140|DR Lopez MD|2|100000140|PV000140|DR Lopez MD|908 MEDICAL PLAZA||NJ MEDICAL CTR|NJ|34909|1|05|P|P|20260505|20260528|20260412|20260412|20260601||||||99232||P|Y|08||N|||32||||1|3|690.60|690.60|324.18|0.00|0.00|PR1|CO45||366.42|366.42||30.00|30.00|96.96|34.42|34.42|205.04|205.04|0.00|0.00|0.00|324.18|0.00|0.00|0.00||N|||W000000300|P|W000000300|0|0|0.00|||3|05||690.60|||Y|||||1||05|2000000140|N|0.00|0.00|05|32||||||||||||||E78.5|Z79.899|||||||||99232|||||||34.42|30.00|96.96|N|||AETNA
002026060100000955|1234567|0987654|N|001|AC123456|03|P|Y||PPO|03|PKG0042|PPO001|N|F|W000000386|Wilson|Victoria|F|19720804|97819|MI|EF||W000000550|W000000550|Wilson|Zoey|F|CH|20010217|202606010000955|ACAS2026060100000955||TCN2026060100000955|SRC2026060100000955|002026060100000955|NY0001|NY0001||2|100000292|DR Brown MD|2|100000292|PV000292|DR Brown MD|4525 MEDICAL PLAZA||FL MEDICAL CTR|FL|84504|1|07|P|N|20260516|20260530|20260312|20260312|20260603||||||97110||P|Y|02||S|||11||||3|1|420.26|420.26|116.81|0.00|0.00|PR1|CO45||303.45|303.45||30.00|30.00|16.43|39.07|39.07|217.95|217.95|0.00|0.00|0.00|116.81|0.00|0.00|0.00||N|||W000000550|P|W000000550|0|0|0.00|||N|07||420.26||Y||||||1||07|2000000292|N|0.00|0.00|07|11|||||GT|||||||||Z00.00|R05|||||||||97110|||||||39.07|30.00|16.43|N|||AETNA
002026060100000956|1234567|0987654|N|001|AC123456|03|P|N||PPO|02|PKG0042|PPO001|3|F|W000000199|Clark|Sophia|F|19940227|68249|VA|EE||W000000428|W000000428|Clark|Scarlett|F|CH|20061201|202606010000956|ACAS2026060100000956||TCN2026060100000956|SRC2026060100000956|002026060100000956|NY0001|NY0001||2|100000121|DR Harris MD|2|100000121|PV000121|DR Harris MD|5035 MEDICAL PLAZA||WA MEDICAL CTR|WA|99825|1|01|P|P|20260510|20260523|20260507|20260507|20260525||||||99291|TC|P|Y|08||A|||12||||1|2|634.75|634.75|446.25|0.00|0.00|PR1|CO45||188.50|188.50||75.00|75.00|7.99|16.40|16.40|89.11|89.11|0.00|0.00|0.00|446.25|0.00|0.00|0.00||N|||W000000428|P|W000000428|0|0|0.00|||3|01||634.75||N||||||1||01|2000000121|N|0.00|0.00|01|12||||||GT||||||||J06.9||||||||||99291|||||||16.40|75.00|7.99|N|||AETNA
002026060100000957|1234567|0987654|N|001|AC123456|03|P|N||PPO|03|PKG0042|PPO001|1|F|W000000281|Moore|James|M|19690407|68950|AZ|ES|773896843|W000000281|W000000281|Moore|James|M|EE|19690407|202606010000957|ACAS2026060100000957||TCN2026060100000957|SRC2026060100000957|002026060100000957|NY0001|NY0001||2|100000159|DR Walker MD|2|100000159|PV000159|DR Walker MD|6307 MEDICAL PLAZA||NJ MEDICAL CTR|NJ|71725|1|09|P|P|20260427|20260522|20260403|20260403|20260524||||||99205||P|Y|03||2|||31||||3|2|745.39|745.39|237.05|0.00|0.00|PR1|CO45||508.34|508.34||30.00|30.00|55.73|51.14|51.14|371.47|371.47|0.00|0.00|0.00|237.05|0.00|0.00|0.00||N|||W000000281|P|W000000281|0|0|0.00|||1|09||745.39||Y||||||1||09|2000000159|N|0.00|0.00|09|31||||||51||||||||J45.909||||||||||99205|||||||51.14|30.00|55.73|N|||AETNA
002026060100000958|1234567|0987654|N|001|AC123456|01|I|N||PPO|01|PKG0042|PPO001|2|F|W000000320|Brown|Sebastian|M|19610625|93316|VA|EF||W000000445|W000000445|Brown|Sofia|F|CH|20101222|202606010000958|ACAS2026060100000958||TCN2026060100000958|SRC2026060100000958|002026060100000958|NY0001|NY0001||2|100000160|DR Young MD|2|100000160|PV000160|DR Young MD|1666 MEDICAL PLAZA||FL MEDICAL CTR|FL|84363|4|10|P|P|20260512|20260521|20260318|20260322|20260523||||12|291|85025|59|I|Y|05||B|||11|01|0250|121|3|2|393.90|393.90|393.90|0.00|0.00||CO45||0.00|0.00||20.00|20.00|0.00|0.00|0.00|0.00|0.00|0.00|0.00|0.00|0.00|0.00|0.00|0.00||N|||W000000445|D|W000000445|0|1|0.00|||2|10||393.90||N||||||1||10|2000000160|N|0.00|0.00|10|11||2|20260318|20260322|59|||||||||R51|G43.909|||||||||85025|||||||0.00|20.00|0.00|N|2||AETNA
002026060100000959|1234567|0987654|N|001|AC123456|03|P|N||PPO|01|PKG0042|PPO001|3|F|W000000352|Williams|Harper|F|19710926|36114|CA|EE||W000000681|W000000681|Williams|Elizabeth|F|SP|19811119|202606010000959|ACAS2026060100000959||TCN2026060100000959|SRC2026060100000959|002026060100000959|NY0001|NY0001||2|100000199|DR Miller MD|2|100000199|PV000199|DR Miller MD|7204 MEDICAL PLAZA||AZ MEDICAL CTR|AZ|83549|1|04|P|P|20260514|20260519|20260421|20260421|20260521||||||82947||P|Y|05||M|||99||||3|1|596.19|596.19|346.06|0.00|0.00|PR1|CO45||250.13|250.13||50.00|50.00|70.04|21.73|21.73|108.36|108.36|0.00|0.00|0.00|346.06|0.00|0.00|0.00||N|||W000000681|P|W000000681|0|0|0.00|||3|04||596.19||Y||Y||||1||04|2000000199|N|0.00|0.00|04|99|||||50|||||||||Z87.891|M79.3|R51||||||||82947|||||||21.73|50.00|70.04|N|||AETNA
002026060100000960|1234567|0987654|N|001|AC123456|03|P|N||PPO|03|PKG0042|PPO001|2|F|W000000289|Martin|Sofia|F|19870327|56224|AZ|ES|331384801|W000000289|W000000289|Martin|Sofia|F|EE|19870327|202606010000960|ACAS2026060100000960||TCN2026060100000960|SRC2026060100000960|002026060100000960|NY0001|NY0001||2|100000057|DR Harris MD|2|100000057|PV000057|DR Harris MD|6468 MEDICAL PLAZA||MA MEDICAL CTR|MA|94318|1|12|P|P|20260422|20260513|20260306|20260306|20260514||||||80053||P|Y|03||S|||99||||1|1|282.95|282.95|193.07|0.00|0.00|PR1|CO45||89.88|89.88||0.00|0.00|22.55|9.86|9.86|57.47|57.47|0.00|0.00|0.00|193.07|0.00|0.00|0.00||N|||W000000289|P|W000000289|0|0|0.00|||2|12||282.95||N||||||1||12|2000000057|N|0.00|0.00|12|99|||||95|||||||||G47.33|I25.10|||||||||80053|||||||9.86|0.00|22.55|N|||AETNA
002026060100000961|1234567|0987654|N|001|AC123456|03|P|N||PPO|01|PKG0042|PPO001|1|F|W000000108|Perez|Scarlett|F|19620926|81815|NY|EF|888176578|W000000108|W000000108|Perez|Scarlett|F|EE|19620926|202606010000961|ACAS2026060100000961||TCN2026060100000961|SRC2026060100000961|002026060100000961|NY0001|NY0001||2|100000252|DR Ramirez MD|2|100000252|PV000252|DR Ramirez MD|1039 MEDICAL PLAZA||NJ MEDICAL CTR|NJ|95112|1|12|P|P|20260420|20260517|20260419|20260419|20260518||||||99291||P|Y|05||1|||13||||1|2|4884.75|4884.75|2493.33|0.00|0.00|PR1|CO45||2391.42|2391.42||30.00|30.00|332.95|253.16|253.16|1775.31|1775.31|0.00|0.00|0.00|2493.33|0.00|0.00|0.00||N|||W000000108|P|W000000108|0|0|0.00|||1|12||4884.75||Y||||||1||12|2000000252|N|0.00|0.00|12|13|||||50|25||||||||Z79.899||||||||||99291|||||||253.16|30.00|332.95|N|||AETNA
002026060100000962|1234567|0987654|N|001|AC123456|03|P|N||PPO|01|PKG0042|PPO001|2|F|W000000287|Martin|David|M|19920320|20891|AZ|ES|736109632|W000000287|W000000287|Martin|David|M|EE|19920320|202606010000962|ACAS2026060100000962||TCN2026060100000962|SRC2026060100000962|002026060100000962|NY0001|NY0001||2|100000297|DR Rodriguez MD|2|100000297|PV000297|DR Rodriguez MD|5835 MEDICAL PLAZA||NJ MEDICAL CTR|NJ|85297|1|12|P|P|20260514|20260531|20260418|20260418|20260603||||||71046||P|Y|02||1|||24||||3|3|1636.39|1636.39|1037.27|0.00|0.00|PR1|CO45||599.12|599.12||40.00|40.00|174.88|59.95|59.95|324.29|324.29|0.00|0.00|0.00|1037.27|0.00|0.00|0.00||N|||W000000287|P|W000000287|0|0|0.00|||2|12||1636.39||||||||1||12|2000000297|N|0.00|0.00|12|24|||||GT|GT||||||||Z12.31||J18.9||||||||71046|||||||59.95|40.00|174.88|N|||AETNA
002026060100000963|1234567|0987654|N|001|AC123456|03|P|Y||PPO|03|PKG0042|PPO001|N|F|W000000116|Williams|Evelyn|F|19660412|69479|WA|EF||W000000589|W000000589|Williams|Emily|F|CH|20070914|202606010000963|ACAS2026060100000963||TCN2026060100000963|SRC2026060100000963|002026060100000963|NY0001|NY0001||2|100000043|DR Hernandez MD|2|100000043|PV000043|DR Hernandez MD|5882 MEDICAL PLAZA||CO MEDICAL CTR|CO|92809|1|38|P|N|20260522|20260530|20260313|20260313|20260602||||||99205||P|Y|08||2|||13||||3|3|838.93|838.93|229.84|0.00|0.00|PR1|CO45||609.09|609.09||20.00|20.00|117.36|81.20|81.20|390.53|390.53|0.00|0.00|0.00|229.84|0.00|0.00|0.00||N|||W000000589|P|W000000589|0|0|0.00|||N|38||838.93||N||||||1||38|2000000043|N|0.00|0.00|38|13||||||26||||||||E11.9|Z87.891|||||||||99205|||||||81.20|20.00|117.36|N|||AETNA
002026060100000964|1234567|0987654|N|001|AC123456|01|I|N||PPO|03|PKG0042|PPO001|2|F|W000000153|Jackson|Samuel|M|19910523|28179|OH|EC|178987984|W000000153|W000000153|Jackson|Samuel|M|EE|19910523|202606010000964|ACAS2026060100000964||TCN2026060100000964|SRC2026060100000964|002026060100000964|NY0001|NY0001||2|100000246|DR Perez MD|2|100000246|PV000246|DR Perez MD|976 MEDICAL PLAZA||NJ MEDICAL CTR|NJ|34825|4|06|P|P|20260513|20260531|20260403|20260404|20260604||||02|871|99203||I|Y|05||4|||32|04|0200|121|3|2|1801.36|1801.36|847.25|0.00|0.00|PR1|CO45||954.11|954.11||40.00|40.00|250.07|138.19|138.19|525.85|525.85|0.00|0.00|0.00|847.25|0.00|0.00|0.00||N|||W000000153|P|W000000153|0|1|0.00|||2|06||1801.36|||N|||||1||06|2000000246|N|0.00|0.00|06|32||4|20260403|20260404|TC|51||||||||F41.9|E11.9|||||||||99203|||||||138.19|40.00|250.07|N|4||AETNA
002026060100000965|1234567|0987654|N|001|AC123456|03|P|N||PPO|03|PKG0042|PPO001|3|F|W000000312|Lewis|Emily|F|19850905|68052|VA|EC||W000000665|W000000665|Lewis|Avery|F|CH|20020805|202606010000965|ACAS2026060100000965||TCN2026060100000965|SRC2026060100000965|002026060100000965|NY0001|NY0001||2|100000246|DR Perez MD|2|100000246|PV000246|DR Perez MD|759 MEDICAL PLAZA||FL MEDICAL CTR|FL|60351|1|06|P|P|20260513|20260524|20260315|20260315|20260525||||||99396||P|Y|03||F|||31||||1|3|123.67|123.67|37.24|0.00|0.00|PR1|CO45||86.43|86.43||30.00|30.00|6.38|10.34|10.34|39.71|39.71|0.00|0.00|0.00|37.24|0.00|0.00|0.00||N|||W000000665|P|W000000665|0|0|0.00|||3|06||123.67|||N|||||1||06|2000000246|N|0.00|0.00|06|31|||||59|59||||||||G43.909|E78.5|||||||||99396|||||||10.34|30.00|6.38|N|||AETNA
002026060100000966|1234567|0987654|N|001|AC123456|01|I|N||PPO|02|PKG0042|PPO001|2|F|W000000271|Brown|Samuel|M|19760305|61791|PA|EC||W000000412|W000000412|Brown|Riley|F|CH|20061126|202606010000966|ACAS2026060100000966||TCN2026060100000966|SRC2026060100000966|002026060100000966|NY0001|NY0001||2|100000223|DR Walker MD|2|100000223|PV000223|DR Walker MD|6015 MEDICAL PLAZA||MI MEDICAL CTR|MI|86932|4|38|P|P|20260430|20260525|20260321|20260322|20260526||||04|293|82947||I|Y|01||2|||23|03|0370|211|3|3|75.64|75.64|46.21|0.00|0.00|PR1|CO45||29.43|29.43||75.00|75.00|4.32|0.00|0.00|0.00|0.00|0.00|0.00|0.00|46.21|0.00|0.00|0.00||N|||W000000412|P|W000000412|0|1|0.00|||2|38||75.64||N|Y|||||1||38|2000000223|N|0.00|0.00|38|23|2||20260321|20260322|GT|||||||||R51|Z00.00|J45.909||||||||82947|||||||0.00|75.00|4.32|N|||AETNA
002026060100000967|1234567|0987654|N|001|AC123456|03|P|N||PPO|01|PKG0042|PPO001|1|F|W000000397|Miller|Samuel|M|19930405|88055|FL|EF||W000000422|W000000422|Miller|Evelyn|F|SP|19700323|202606010000967|ACAS2026060100000967||TCN2026060100000967|SRC2026060100000967|002026060100000967|NY0001|NY0001||2|100000112|DR Thomas MD|2|100000112|PV000112|DR Thomas MD|3349 MEDICAL PLAZA||TX MEDICAL CTR|TX|17673|1|07|P|P|20260424|20260514|20260328|20260328|20260517||||||85025|GT|P|Y|04||B|||22||||2|2|473.71|473.71|349.13|0.00|0.00|PR1|CO45||124.58|124.58||20.00|20.00|1.11|10.92|10.92|92.55|92.55|0.00|0.00|0.00|349.13|0.00|0.00|0.00||N|||W000000422|P|W000000422|0|0|0.00|||1|07||473.71||N|Y|||||1||07|2000000112|N|0.00|0.00|07|22|||||AT|50||||||||J06.9|G43.909||N39.0|||||||85025|||||||10.92|20.00|1.11|N|||AETNA
002026060100000968|1234567|0987654|N|001|AC123456|03|P|N||PPO|02|PKG0042|PPO001|2|F|W000000222|Williams|Ava|F|19710715|77617|MA|EE|333968608|W000000222|W000000222|Williams|Ava|F|EE|19710715|202606010000968|ACAS2026060100000968||TCN2026060100000968|SRC2026060100000968|002026060100000968|NY0001|NY0001||2|100000141|DR Gonzalez MD|2|100000141|PV000141|DR Gonzalez MD|513 MEDICAL PLAZA||GA MEDICAL CTR|GA|84648|1|06|P|P|20260512|20260525|20260507|20260507|20260528||||||71046||P|Y|04||M|||32||||1|2|206.07|206.07|74.63|0.00|0.00|PR1|CO45||131.44|131.44||75.00|75.00|0.35|8.17|8.17|47.92|47.92|0.00|0.00|0.00|74.63|0.00|0.00|0.00||N|||W000000222|P|W000000222|0|0|0.00|||2|06||206.07||Y|N|||||1||06|2000000141|N|0.00|0.00|06|32|||||51|50||||||||I50.9|E11.9|R05||||||||71046|||||||8.17|75.00|0.35|N|||AETNA
002026060100000969|1234567|0987654|N|001|AC123456|03|P|Y||PPO|03|PKG0042|PPO001|N|F|W000000122|Martin|Amelia|F|19920427|52407|OH|EE||W000000645|W000000645|Martin|Harper|F|CH|20150616|202606010000969|ACAS2026060100000969||TCN2026060100000969|SRC2026060100000969|002026060100000969|NY0001|NY0001||2|100000252|DR Ramirez MD|2|100000252|PV000252|DR Ramirez MD|4288 MEDICAL PLAZA||NY MEDICAL CTR|NY|79950|1|12|P|N|20260511|20260531|20260424|20260424|20260602||||||71046|50|P|Y|03||N|||99||||2|3|543.97|543.97|216.94|0.00|0.00|PR1|CO45||327.03|327.03||40.00|40.00|69.21|26.92|26.92|190.90|190.90|0.00|0.00|0.00|216.94|0.00|0.00|0.00||N|||W000000645|P|W000000645|0|0|0.00|||N|12||543.97||Y||||||1||12|2000000252|N|0.00|0.00|12|99|||||GT|95||||||||J45.909|N39.0|||E11.65||||||71046|||||||26.92|40.00|69.21|N|||AETNA
002026060100000970|1234567|0987654|N|001|AC123456|03|P|N||PPO|02|PKG0042|PPO001|2|F|W000000026|Young|Chloe|F|19890101|31676|CA|EF|579461363|W000000026|W000000026|Young|Chloe|F|EE|19890101|202606010000970|ACAS2026060100000970||TCN2026060100000970|SRC2026060100000970|002026060100000970|NY0001|NY0001||2|100000046|DR Wilson MD|2|100000046|PV000046|DR Wilson MD|8218 MEDICAL PLAZA||IL MEDICAL CTR|IL|93945|1|01|P|P|20260424|20260515|20260315|20260315|20260518||||||90847|95|P|Y|03||S|||11||||3|2|792.20|792.20|378.08|0.00|0.00|PR1|CO45||414.12|414.12||50.00|50.00|14.70|55.69|55.69|293.73|293.73|0.00|0.00|0.00|378.08|0.00|0.00|0.00||N|||W000000026|P|W000000026|0|0|0.00|||2|01||792.20|||N|N||||1||01|2000000046|N|0.00|0.00|01|11||||||25||||||||J44.1|M54.5|F32.9||||||||90847|||||||55.69|50.00|14.70|N|||AETNA
002026060100000971|1234567|0987654|N|001|AC123456|03|P|N||PPO|01|PKG0042|PPO001|3|F|W000000210|Moore|Matthew|M|19710707|36460|MI|EF|826113698|W000000210|W000000210|Moore|Matthew|M|EE|19710707|202606010000971|ACAS2026060100000971||TCN2026060100000971|SRC2026060100000971|002026060100000971|NY0001|NY0001||2|100000249|DR Harris MD|2|100000249|PV000249|DR Harris MD|6873 MEDICAL PLAZA||WA MEDICAL CTR|WA|52304|1|09|P|P|20260506|20260527|20260405|20260405|20260531||||||82947|50|P|Y|04||F|||24||||2|1|1454.41|1454.41|497.89|0.00|0.00|PR1|CO45||956.52|956.52||20.00|20.00|157.20|192.42|192.42|586.90|586.90|0.00|0.00|0.00|497.89|0.00|0.00|0.00||N|||W000000210|P|W000000210|0|0|0.00|||3|09||1454.41||||||||1||09|2000000249|N|0.00|0.00|09|24|||||51|||||||||E66.9|I10|||||||||82947|||||||192.42|20.00|157.20|N|||AETNA
002026060100000972|1234567|0987654|N|001|AC123456|03|P|N||PPO|01|PKG0042|PPO001|2|F|W000000293|Gonzalez|Zoey|F|19930111|13885|NJ|EF|741104168|W000000293|W000000293|Gonzalez|Zoey|F|EE|19930111|202606010000972|ACAS2026060100000972||TCN2026060100000972|SRC2026060100000972|002026060100000972|NY0001|NY0001||2|100000277|DR Lee MD|2|100000277|PV000277|DR Lee MD|8345 MEDICAL PLAZA||MA MEDICAL CTR|MA|45743|1|07|P|P|20260430|20260514|20260504|20260504|20260517||||||99291|AT|P|Y|02||1|||11||||1|2|252.77|252.77|83.40|0.00|0.00|PR1|CO45||169.37|169.37||0.00|0.00|35.36|17.04|17.04|116.97|116.97|0.00|0.00|0.00|83.40|0.00|0.00|0.00||N|||W000000293|P|W000000293|0|0|0.00|||2|07||252.77||N||||||1||07|2000000277|N|0.00|0.00|07|11|||||95|26||||||||J18.9||I50.9||||||||99291|||||||17.04|0.00|35.36|N|||AETNA
002026060100000973|1234567|0987654|N|001|AC123456|03|P|N||PPO|03|PKG0042|PPO001|2|F|W000000335|Lee|Charlotte|F|19720917|42065|WA|ES|223448158|W000000335|W000000335|Lee|Charlotte|F|EE|19720917|202606010000973|ACAS2026060100000973||TCN2026060100000973|SRC2026060100000973|002026060100000973|NY0001|NY0001||2|100000205|DR Gonzalez MD|2|100000205|PV000205|DR Gonzalez MD|2779 MEDICAL PLAZA||CO MEDICAL CTR|CO|40910|1|10|P|P|20260428|20260517|20260430|20260430|20260519||||||99396|GT|P|Y|07||2|||23||||2|3|934.20|934.20|426.04|0.00|0.00|PR1|CO45||508.16|508.16||50.00|50.00|4.91|67.00|67.00|386.25|386.25|0.00|0.00|0.00|426.04|0.00|0.00|0.00||N|||W000000335|P|W000000335|0|0|0.00|||2|10||934.20||||||||1||10|2000000205|N|0.00|0.00|10|23|||||TC|59||||||||K21.0|Z23|||||||||99396|||||||67.00|50.00|4.91|N|||AETNA
002026060100000974|1234567|0987654|N|001|AC123456|03|P|Y||PPO|03|PKG0042|PPO001|N|F|W000000332|Lewis|Zoey|F|19701122|26691|TX|EF|507348331|W000000332|W000000332|Lewis|Zoey|F|EE|19701122|202606010000974|ACAS2026060100000974||TCN2026060100000974|SRC2026060100000974|002026060100000974|NY0001|NY0001||2|100000103|DR Miller MD|2|100000103|PV000103|DR Miller MD|5751 MEDICAL PLAZA||NY MEDICAL CTR|NY|12307|1|38|P|N|20260509|20260515|20260323|20260323|20260518||||||99395||P|Y|01||1|||99||||3|1|673.33|673.33|179.80|0.00|0.00|PR1|CO45||493.53|493.53||30.00|30.00|66.44|82.90|82.90|314.19|314.19|0.00|0.00|0.00|179.80|0.00|0.00|0.00||N|||W000000332|P|W000000332|0|0|0.00|||N|38||673.33||||||||1||38|2000000103|N|0.00|0.00|38|99|||||50|||||||||J30.9|Z12.31||E78.5|||||||99395|||||||82.90|30.00|66.44|N|||AETNA
002026060100000975|1234567|0987654|N|001|AC123456|01|I|N||PPO|01|PKG0042|PPO001|2|F|W000000104|Perez|Mia|F|19760228|50706|MA|EC|863299020|W000000104|W000000104|Perez|Mia|F|EE|19760228|202606010000975|ACAS2026060100000975||TCN2026060100000975|SRC2026060100000975|002026060100000975|NY0001|NY0001||2|100000168|DR Davis MD|2|100000168|PV000168|DR Davis MD|6092 MEDICAL PLAZA||TX MEDICAL CTR|TX|94867|4|03|P|P|20260501|20260516|20260512|20260514|20260519||||05|872|85025|26|I|Y|07||M|||32|02|0370|132|3|3|893.71|893.71|348.68|0.00|0.00|PR1|CO45||545.03|545.03||20.00|20.00|111.86|72.87|72.87|340.30|340.30|0.00|0.00|0.00|348.68|0.00|0.00|0.00||N|||W000000104|P|W000000104|0|1|0.00|||2|03||893.71||Y||||||1||03|2000000168|N|0.00|0.00|03|32|5|1|20260512|20260514||50||||||||S93.401||||||||||85025|||||||72.87|20.00|111.86|N|1||AETNA
002026060100000976|1234567|0987654|N|001|AC123456|01|I|N||PPO|02|PKG0042|PPO001|1|F|W000000158|Lewis|Chloe|F|19800306|47583|WA|EE|546506453|W000000158|W000000158|Lewis|Chloe|F|EE|19800306|202606010000976|ACAS2026060100000976||TCN2026060100000976|SRC2026060100000976|002026060100000976|NY0001|NY0001||2|100000016|DR Thomas MD|2|100000016|PV000016|DR Thomas MD|8866 MEDICAL PLAZA||TX MEDICAL CTR|TX|13164|4|01|P|P|20260515|20260529|20260518|20260518|20260530||||10|872|99205|TC|I|Y|02||M|||21|03|0730|211|1|2|427.60|427.60|175.98|0.00|0.00|PR1|CO45||251.62|251.62||75.00|75.00|67.16|11.67|11.67|97.79|97.79|0.00|0.00|0.00|175.98|0.00|0.00|0.00||N|||W000000158|P|W000000158|0|1|0.00|||1|01||427.60||N||||||1||01|2000000016|N|0.00|0.00|01|21|1||20260518|20260518|GT|||||||||E11.9|R51|||Z23||||||99205|||||||11.67|75.00|67.16|N|||AETNA
002026060100000977|1234567|0987654|N|001|AC123456|03|P|N||PPO|01|PKG0042|PPO001|3|F|W000000067|Harris|Sebastian|M|19731011|48205|WA|EC|677404226|W000000067|W000000067|Harris|Sebastian|M|EE|19731011|202606010000977|ACAS2026060100000977||TCN2026060100000977|SRC2026060100000977|002026060100000977|NY0001|NY0001||2|100000280|DR White MD|2|100000280|PV000280|DR White MD|9757 MEDICAL PLAZA||WA MEDICAL CTR|WA|78139|1|10|P|P|20260502|20260520|20260323|20260323|20260524||||||82947||P|Y|02||A|||99||||1|3|2155.26|2155.26|1226.97|0.00|0.00|PR1|CO45||928.29|928.29||20.00|20.00|83.33|102.50|102.50|722.46|722.46|0.00|0.00|0.00|1226.97|0.00|0.00|0.00||N|||W000000067|P|W000000067|0|0|0.00|||3|10||2155.26|||Y|||||1||10|2000000280|N|0.00|0.00|10|99|||||59|||||||||J45.909|J18.9|||||||||82947|||||||102.50|20.00|83.33|N|||AETNA
002026060100000978|1234567|0987654|N|001|AC123456|03|P|N||PPO|03|PKG0042|PPO001|3|F|W000000360|Miller|Evelyn|F|19801028|33497|PA|EF||W000000401|W000000401|Miller|Liam|M|CH|20050404|202606010000978|ACAS2026060100000978||TCN2026060100000978|SRC2026060100000978|002026060100000978|NY0001|NY0001||2|100000103|DR Miller MD|2|100000103|PV000103|DR Miller MD|1254 MEDICAL PLAZA||MI MEDICAL CTR|MI|39412|1|38|P|P|20260426|20260524|20260503|20260503|20260527||||||97110|26|P|Y|02||1|||11||||1|1|609.12|609.12|456.15|0.00|0.00|PR1|CO45||152.97|152.97||30.00|30.00|44.71|18.80|18.80|59.46|59.46|0.00|0.00|0.00|456.15|0.00|0.00|0.00||N|||W000000401|P|W000000401|0|0|0.00|||3|38||609.12||Y|Y|Y||||1||38|2000000103|N|0.00|0.00|38|11|||||TC|||||||||M17.11|J44.1|M54.5||||||||97110|||||||18.80|30.00|44.71|N|||AETNA
002026060100000979|1234567|0987654|N|001|AC123456|03|P|Y||PPO|01|PKG0042|PPO001|N|F|W000000246|Gonzalez|Ava|F|19820118|91913|CO|EC|529584665|W000000246|W000000246|Gonzalez|Ava|F|EE|19820118|202606010000979|ACAS2026060100000979||TCN2026060100000979|SRC2026060100000979|002026060100000979|NY0001|NY0001||2|100000018|DR Moore MD|2|100000018|PV000018|DR Moore MD|5834 MEDICAL PLAZA||TX MEDICAL CTR|TX|35604|1|03|P|N|20260422|20260520|20260323|20260323|20260523||||||80053|50|P|Y|08||A|||11||||3|2|3005.07|3005.07|1891.78|0.00|0.00|PR1|CO45||1113.29|1113.29||50.00|50.00|282.07|90.21|90.21|691.01|691.01|0.00|0.00|0.00|1891.78|0.00|0.00|0.00||N|||W000000246|P|W000000246|0|0|0.00|||N|03||3005.07||||Y||||1||03|2000000018|N|0.00|0.00|03|11|||||95|||||||||N39.0||J45.909||||||||80053|||||||90.21|50.00|282.07|N|||AETNA
002026060100000980|1234567|0987654|N|001|AC123456|01|I|N||PPO|01|PKG0042|PPO001|1|F|W000000397|Miller|Samuel|M|19930405|88055|FL|EF|120148606|W000000397|W000000397|Miller|Samuel|M|EE|19930405|202606010000980|ACAS2026060100000980||TCN2026060100000980|SRC2026060100000980|002026060100000980|NY0001|NY0001||2|100000239|DR Anderson MD|2|100000239|PV000239|DR Anderson MD|3905 MEDICAL PLAZA||GA MEDICAL CTR|GA|25038|4|40|P|P|20260430|20260517|20260412|20260412|20260520||||11|392|99213||I|Y|03||4|||13|07|0100|212|2|1|339.74|339.74|125.04|0.00|0.00|PR1|CO45||214.70|214.70||75.00|75.00|41.91|19.09|19.09|78.70|78.70|0.00|0.00|0.00|125.04|0.00|0.00|0.00||N|||W000000397|P|W000000397|0|1|0.00|||1|40||339.74||N||||||1||40|2000000239|N|0.00|0.00|40|13|7||20260412|20260412||TC||||||||Z79.899|I50.9||I50.9|||||||99213|||||||19.09|75.00|41.91|N|||AETNA
002026060100000981|1234567|0987654|N|001|AC123456|03|P|N||PPO|02|PKG0042|PPO001|1|F|W000000017|Thomas|Riley|F|19820727|48736|PA|ES||W000000413|W000000413|Thomas|Abigail|F|SP|19650114|202606010000981|ACAS2026060100000981||TCN2026060100000981|SRC2026060100000981|002026060100000981|NY0001|NY0001||2|100000198|DR Garcia MD|2|100000198|PV000198|DR Garcia MD|4862 MEDICAL PLAZA||NY MEDICAL CTR|NY|75699|1|03|P|P|20260501|20260522|20260304|20260304|20260524||||||99291||P|Y|05||4|||11||||3|1|1250.63|1250.63|494.08|0.00|0.00|PR1|CO45||756.55|756.55||75.00|75.00|88.95|129.69|129.69|462.91|462.91|0.00|0.00|0.00|494.08|0.00|0.00|0.00||N|||W000000413|P|W000000413|0|0|0.00|||1|03||1250.63||||Y||||1||03|2000000198|N|0.00|0.00|03|11|||||59|||||||||J06.9||E66.9||||||||99291|||||||129.69|75.00|88.95|N|||AETNA
002026060100000982|1234567|0987654|N|001|AC123456|03|P|N||PPO|01|PKG0042|PPO001|1|F|W000000318|Davis|Elizabeth|F|19900221|65669|FL|EC||W000000492|W000000492|Davis|Scarlett|F|CH|20120516|202606010000982|ACAS2026060100000982||TCN2026060100000982|SRC2026060100000982|002026060100000982|NY0001|NY0001||2|100000187|DR Clark MD|2|100000187|PV000187|DR Clark MD|369 MEDICAL PLAZA||PA MEDICAL CTR|PA|57456|1|07|P|P|20260519|20260526|20260413|20260413|20260530||||||99396|51|P|Y|07||2|||22||||1|3|632.25|632.25|369.54|0.00|0.00|PR1|CO45||262.71|262.71||40.00|40.00|56.04|23.30|23.30|143.37|143.37|0.00|0.00|0.00|369.54|0.00|0.00|0.00||N|||W000000492|P|W000000492|0|0|0.00|||1|07||632.25||N||N||||1||07|2000000187|N|0.00|0.00|07|22|||||51|26||||||||Z79.899||G47.33||||||||99396|||||||23.30|40.00|56.04|N|||AETNA
002026060100000983|1234567|0987654|N|001|AC123456|03|P|N||PPO|01|PKG0042|PPO001|2|F|W000000383|Jones|Benjamin|M|19830303|87743|OH|EE|559463786|W000000383|W000000383|Jones|Benjamin|M|EE|19830303|202606010000983|ACAS2026060100000983||TCN2026060100000983|SRC2026060100000983|002026060100000983|NY0001|NY0001||2|100000017|DR Taylor MD|2|100000017|PV000017|DR Taylor MD|7316 MEDICAL PLAZA||NJ MEDICAL CTR|NJ|66146|1|02|P|P|20260427|20260514|20260315|20260315|20260516||||||93000||P|Y|02||N|||21||||1|1|503.42|503.42|503.42|0.00|0.00||CO45||0.00|0.00||0.00|0.00|0.00|0.00|0.00|0.00|0.00|0.00|0.00|0.00|0.00|0.00|0.00|0.00||N|||W000000383|D|W000000383|0|0|0.00|||2|02||503.42||||||||1||02|2000000017|N|0.00|0.00|02|21|||||TC|51|Y|||||||I25.10|Z00.00||Z23|||||||93000|||||||0.00|0.00|0.00|N|||AETNA
002026060100000984|1234567|0987654|N|001|AC123456|01|I|N||PPO|01|PKG0042|PPO001|3|F|W000000314|Martin|Sofia|F|19910218|89804|TX|EE||W000000454|W000000454|Martin|Evelyn|F|CH|20040324|202606010000984|ACAS2026060100000984||TCN2026060100000984|SRC2026060100000984|002026060100000984|NY0001|NY0001||2|100000226|DR Johnson MD|2|100000226|PV000226|DR Johnson MD|598 MEDICAL PLAZA||IL MEDICAL CTR|IL|53517|4|01|P|P|20260427|20260519|20260316|20260320|20260522||||10|195|36415|59|I|Y|02||M|||31|07|0636|122|2|2|1138.50|1138.50|742.71|0.00|0.00|PR1|CO45||395.79|395.79||0.00|0.00|36.01|45.15|45.15|314.63|314.63|0.00|0.00|0.00|742.71|0.00|0.00|0.00||N|||W000000454|P|W000000454|0|1|0.00|||3|01||1138.50||N||Y||||1||01|2000000226|N|0.00|0.00|01|31|5|9|20260316|20260320||GT||||||||F41.9||E66.9||||||||36415|||||||45.15|0.00|36.01|N|9||AETNA
002026060100000985|1234567|0987654|N|001|AC123456|03|P|N||PPO|03|PKG0042|PPO001|3|F|W000000271|Brown|Samuel|M|19760305|61791|PA|EC||W000000412|W000000412|Brown|Riley|F|CH|20061126|202606010000985|ACAS2026060100000985||TCN2026060100000985|SRC2026060100000985|002026060100000985|NY0001|NY0001||2|100000192|DR Young MD|2|100000192|PV000192|DR Young MD|7435 MEDICAL PLAZA||FL MEDICAL CTR|FL|38103|1|12|P|P|20260423|20260515|20260509|20260509|20260516||||||99203||P|Y|02||B|||31||||2|1|515.79|515.79|515.79|0.00|0.00||CO45||0.00|0.00||50.00|50.00|0.00|0.00|0.00|0.00|0.00|0.00|0.00|0.00|0.00|0.00|0.00|0.00||N|||W000000412|D|W000000412|0|0|0.00|||3|12||515.79||||||||1||12|2000000192|N|0.00|0.00|12|31||||||51||||||||K57.30||||||||||99203|||||||0.00|50.00|0.00|N|||AETNA
002026060100000986|1234567|0987654|N|001|AC123456|03|P|N||PPO|03|PKG0042|PPO001|3|F|W000000144|Jackson|Emily|F|19601211|38734|NY|EF||W000000457|W000000457|Jackson|Isabella|F|CH|20070412|202606010000986|ACAS2026060100000986||TCN2026060100000986|SRC2026060100000986|002026060100000986|NY0001|NY0001||2|100000239|DR Anderson MD|2|100000239|PV000239|DR Anderson MD|5622 MEDICAL PLAZA||OH MEDICAL CTR|OH|76371|1|40|P|P|20260428|20260527|20260304|20260304|20260530||||||90847|26|P|Y|01||S|||12||||2|1|69.22|69.22|19.13|0.00|0.00|PR1|CO45||50.09|50.09||40.00|40.00|13.65|0.00|0.00|0.00|0.00|0.00|0.00|0.00|19.13|0.00|0.00|0.00||N|||W000000457|P|W000000457|0|0|0.00|||3|40||69.22||||Y||||1||40|2000000239|N|0.00|0.00|40|12|||||TC|51||||||||Z79.899|Z12.31|Z23||||||||90847|||||||0.00|40.00|13.65|N|||AETNA
002026060100000987|1234567|0987654|N|001|AC123456|01|I|N||PPO|03|PKG0042|PPO001|1|F|W000000342|Gonzalez|Emma|F|19940225|24294|PA|EC||W000000432|W000000432|Gonzalez|Ella|F|CH|20110325|202606010000987|ACAS2026060100000987||TCN2026060100000987|SRC2026060100000987|002026060100000987|NY0001|NY0001||2|100000249|DR Harris MD|2|100000249|PV000249|DR Harris MD|3969 MEDICAL PLAZA||NY MEDICAL CTR|NY|34064|4|09|P|P|20260430|20260516|20260325|20260327|20260517||||14|871|99205|50|I|Y|07||N|||13|20|0370|132|2|2|49.23|49.23|49.23|0.00|0.00||CO45||0.00|0.00||0.00|0.00|0.00|0.00|0.00|0.00|0.00|0.00|0.00|0.00|0.00|0.00|0.00|0.00||N|||W000000432|D|W000000432|0|1|0.00|||1|09||49.23||||||||1||09|2000000249|N|0.00|0.00|09|13|7|1|20260325|20260327|51|TC||||||||J06.9||||||||||99205|||||||0.00|0.00|0.00|N|1||AETNA
002026060100000988|1234567|0987654|N|001|AC123456|03|P|Y||PPO|02|PKG0042|PPO001|N|F|W000000222|Williams|Ava|F|19710715|77617|MA|EE|333968608|W000000222|W000000222|Williams|Ava|F|EE|19710715|202606010000988|ACAS2026060100000988||TCN2026060100000988|SRC2026060100000988|002026060100000988|NY0001|NY0001||2|100000064|DR Young MD|2|100000064|PV000064|DR Young MD|2040 MEDICAL PLAZA||WA MEDICAL CTR|WA|86224|1|04|P|N|20260428|20260525|20260518|20260518|20260528||||||93000|50|P|Y|03||A|||99||||1|3|1961.68|1961.68|1230.97|0.00|0.00|PR1|CO45||730.71|730.71||50.00|50.00|158.45|69.04|69.04|453.22|453.22|0.00|0.00|0.00|1230.97|0.00|0.00|0.00||N|||W000000222|P|W000000222|0|0|0.00|||N|04||1961.68||||N||||1||04|2000000064|N|0.00|0.00|04|99|||||26|50||||||||E78.5||Z00.00||||||||93000|||||||69.04|50.00|158.45|N|||AETNA
002026060100000989|1234567|0987654|N|001|AC123456|03|P|Y||PPO|01|PKG0042|PPO001|N|F|W000000173|Young|Grace|F|19850219|95432|MI|ES|737353038|W000000173|W000000173|Young|Grace|F|EE|19850219|202606010000989|ACAS2026060100000989||TCN2026060100000989|SRC2026060100000989|002026060100000989|NY0001|NY0001||2|100000064|DR Young MD|2|100000064|PV000064|DR Young MD|220 MEDICAL PLAZA||PA MEDICAL CTR|PA|59866|1|04|P|N|20260424|20260523|20260527|20260527|20260524||||||71046|26|P|Y|04||N|||24||||3|1|1892.62|1892.62|958.51|0.00|0.00|PR1|CO45||934.11|934.11||75.00|75.00|146.84|85.03|85.03|627.24|627.24|0.00|0.00|0.00|958.51|0.00|0.00|0.00||N|||W000000173|P|W000000173|0|0|0.00|||N|04||1892.62|||N|||||1||04|2000000064|N|0.00|0.00|04|24|||||AT|51||||||||J44.1|J30.9|||||||||71046|||||||85.03|75.00|146.84|N|||AETNA
002026060100000990|1234567|0987654|N|001|AC123456|01|I|N||PPO|01|PKG0042|PPO001|2|F|W000000293|Gonzalez|Zoey|F|19930111|13885|NJ|EF||W000000552|W000000552|Gonzalez|Sebastian|M|CH|20000815|202606010000990|ACAS2026060100000990||TCN2026060100000990|SRC2026060100000990|002026060100000990|NY0001|NY0001||2|100000278|DR Perez MD|2|100000278|PV000278|DR Perez MD|1785 MEDICAL PLAZA||NY MEDICAL CTR|NY|41994|4|08|P|P|20260426|20260515|20260504|20260506|20260519||||09|872|99232||I|Y|02||2|||11|07|0100|211|1|2|3308.47|3308.47|1841.14|0.00|0.00|PR1|CO45||1467.33|1467.33||0.00|0.00|334.96|270.47|270.47|861.90|861.90|0.00|0.00|0.00|1841.14|0.00|0.00|0.00||N|||W000000552|P|W000000552|0|1|0.00|||2|08||3308.47||||||||1||08|2000000278|N|0.00|0.00|08|11|2|4|20260504|20260506|50|59||||||||G43.909|||Z00.00|||||||99232|||||||270.47|0.00|334.96|N|4||AETNA
002026060100000991|1234567|0987654|N|001|AC123456|01|I|N||PPO|02|PKG0042|PPO001|3|F|W000000240|Williams|Mason|M|19630315|50346|NC|EC|760772168|W000000240|W000000240|Williams|Mason|M|EE|19630315|202606010000991|ACAS2026060100000991||TCN2026060100000991|SRC2026060100000991|002026060100000991|NY0001|NY0001||2|100000160|DR Young MD|2|100000160|PV000160|DR Young MD|3170 MEDICAL PLAZA||IL MEDICAL CTR|IL|38988|4|10|P|P|20260518|20260525|20260526|20260527|20260527||||04|196|80061|TC|I|Y|08||1|||13|04|0200|112|1|2|655.31|655.31|252.45|0.00|0.00|PR1|CO45||402.86|402.86||50.00|50.00|99.95|31.43|31.43|221.48|221.48|0.00|0.00|0.00|252.45|0.00|0.00|0.00||N|||W000000240|P|W000000240|0|1|0.00|||3|10||655.31||||||||1||10|2000000160|N|0.00|0.00|10|13|4|1|20260526|20260527||||||||||E78.5|M79.3|||||||||80061|||||||31.43|50.00|99.95|N|1||AETNA
002026060100000992|1234567|0987654|N|001|AC123456|03|P|N||PPO|02|PKG0042|PPO001|3|F|W000000385|Brown|Aiden|M|19760222|89244|AZ|EF|882236871|W000000385|W000000385|Brown|Aiden|M|EE|19760222|202606010000992|ACAS2026060100000992||TCN2026060100000992|SRC2026060100000992|002026060100000992|NY0001|NY0001||2|100000132|DR Brown MD|2|100000132|PV000132|DR Brown MD|398 MEDICAL PLAZA||CA MEDICAL CTR|CA|85757|1|12|P|P|20260513|20260527|20260427|20260427|20260529||||||99291|25|P|Y|04||S|||31||||3|1|221.69|221.69|59.62|0.00|0.00|PR1|CO45||162.07|162.07||30.00|30.00|1.13|30.36|30.36|100.58|100.58|0.00|0.00|0.00|59.62|0.00|0.00|0.00||N|||W000000385|P|W000000385|0|0|0.00|||3|12||221.69||||||||1||12|2000000132|N|0.00|0.00|12|31|||||AT|50||||||||G43.909|J30.9|E66.9||||||||99291|||||||30.36|30.00|1.13|N|||AETNA
002026060100000993|1234567|0987654|N|001|AC123456|03|P|N||PPO|02|PKG0042|PPO001|2|F|W000000138|Thompson|Lucas|M|19860210|21496|GA|EF|789268436|W000000138|W000000138|Thompson|Lucas|M|EE|19860210|202606010000993|ACAS2026060100000993||TCN2026060100000993|SRC2026060100000993|002026060100000993|NY0001|NY0001||2|100000087|DR Thompson MD|2|100000087|PV000087|DR Thompson MD|8102 MEDICAL PLAZA||WA MEDICAL CTR|WA|57128|1|12|P|P|20260420|20260514|20260304|20260304|20260517||||||90834|TC|P|Y|01||F|||22||||1|2|465.61|465.61|211.45|0.00|0.00|PR1|CO45||254.16|254.16||30.00|30.00|6.03|43.10|43.10|175.03|175.03|0.00|0.00|0.00|211.45|0.00|0.00|0.00||N|||W000000138|P|W000000138|0|0|0.00|||2|12||465.61||||||||1||12|2000000087|N|0.00|0.00|12|22|||||50|||||||||N39.0|Z79.899|||I50.9||||||90834|||||||43.10|30.00|6.03|N|||AETNA
002026060100000994|1234567|0987654|N|001|AC123456|01|I|N||PPO|03|PKG0042|PPO001|2|F|W000000302|Young|Scarlett|F|19620715|77536|PA|EF|286313251|W000000302|W000000302|Young|Scarlett|F|EE|19620715|202606010000994|ACAS2026060100000994||TCN2026060100000994|SRC2026060100000994|002026060100000994|NY0001|NY0001||2|100000192|DR Young MD|2|100000192|PV000192|DR Young MD|7568 MEDICAL PLAZA||OH MEDICAL CTR|OH|95559|4|12|P|P|20260424|20260513|20260417|20260417|20260514||||08|292|80053|59|I|Y|07||A|||31|05|0636|112|3|1|671.63|671.63|305.21|0.00|0.00|PR1|CO45||366.42|366.42||50.00|50.00|36.99|52.12|52.12|227.31|227.31|0.00|0.00|0.00|305.21|0.00|0.00|0.00||N|||W000000302|P|W000000302|0|1|0.00|||2|12||671.63||N|Y|||||1||12|2000000192|N|0.00|0.00|12|31|1|3|20260417|20260417||26||||||||Z23|J30.9|Z79.899||||||||80053|||||||52.12|50.00|36.99|N|3||AETNA
002026060100000995|1234567|0987654|N|001|AC123456|03|P|N||PPO|02|PKG0042|PPO001|1|F|W000000371|Miller|Ella|F|19830603|86107|CA|EE|709429787|W000000371|W000000371|Miller|Ella|F|EE|19830603|202606010000995|ACAS2026060100000995||TCN2026060100000995|SRC2026060100000995|002026060100000995|NY0001|NY0001||2|100000227|DR Williams MD|2|100000227|PV000227|DR Williams MD|1180 MEDICAL PLAZA||PA MEDICAL CTR|PA|37491|1|02|P|P|20260428|20260526|20260525|20260525|20260530||||||99203||P|Y|01||4|||23||||1|1|282.60|282.60|160.40|0.00|0.00|PR1|CO45||122.20|122.20||20.00|20.00|33.64|14.58|14.58|53.98|53.98|0.00|0.00|0.00|160.40|0.00|0.00|0.00||N|||W000000371|P|W000000371|0|0|0.00|||1|02||282.60||Y||||||1||02|2000000227|N|0.00|0.00|02|23|||||25|25||||||||J30.9|J45.909|J44.1||||||||99203|||||||14.58|20.00|33.64|N|||AETNA
002026060100000996|1234567|0987654|N|001|AC123456|03|P|N||PPO|03|PKG0042|PPO001|2|F|W000000129|Brown|Liam|M|19910613|52557|AZ|ES||W000000439|W000000439|Brown|Abigail|F|SP|19950916|202606010000996|ACAS2026060100000996||TCN2026060100000996|SRC2026060100000996|002026060100000996|NY0001|NY0001||2|100000001|DR Smith MD|2|100000001|PV000001|DR Smith MD|1928 MEDICAL PLAZA||CO MEDICAL CTR|CO|67525|1|01|P|P|20260501|20260526|20260416|20260416|20260528||||||90834|25|P|Y|08||A|||23||||1|2|2700.76|2700.76|1263.10|0.00|0.00|PR1|CO45||1437.66|1437.66||0.00|0.00|171.77|264.44|264.44|1001.45|1001.45|0.00|0.00|0.00|1263.10|0.00|0.00|0.00||N|||W000000439|P|W000000439|1|0|0.00|||2|01||2700.76||Y||||||1||01|2000000001|N|0.00|0.00|01|23||||||51||||||||M79.3||I50.9||||||||90834|||||||264.44|0.00|171.77|N|||AETNA
002026060100000997|1234567|0987654|N|001|AC123456|01|I|N||PPO|01|PKG0042|PPO001|2|F|W000000369|Perez|Emma|F|19690818|93568|VA|EF|874466810|W000000369|W000000369|Perez|Emma|F|EE|19690818|202606010000997|ACAS2026060100000997||TCN2026060100000997|SRC2026060100000997|002026060100000997|NY0001|NY0001||2|100000166|DR Garcia MD|2|100000166|PV000166|DR Garcia MD|1397 MEDICAL PLAZA||CA MEDICAL CTR|CA|43545|4|01|P|P|20260521|20260527|20260509|20260513|20260531||||09|379|99232|AT|I|Y|08||1|||24|07|0200|112|2|1|4463.00|4463.00|2634.67|0.00|0.00|PR1|CO45||1828.33|1828.33||75.00|75.00|486.80|147.65|147.65|1118.88|1118.88|0.00|0.00|0.00|2634.67|0.00|0.00|0.00||N|||W000000369|P|W000000369|0|1|0.00|||2|01||4463.00||N|N|||||1||01|2000000166|N|0.00|0.00|01|24|1||20260509|20260513|59|||||||||E11.65|G43.909|||||||||99232|||||||147.65|75.00|486.80|N|||AETNA
002026060100000998|1234567|0987654|N|001|AC123456|03|P|N||PPO|01|PKG0042|PPO001|3|F|W000000253|Robinson|Elijah|M|19650419|21540|FL|ES|189188671|W000000253|W000000253|Robinson|Elijah|M|EE|19650419|202606010000998|ACAS2026060100000998||TCN2026060100000998|SRC2026060100000998|002026060100000998|NY0001|NY0001||2|100000299|DR Hernandez MD|2|100000299|PV000299|DR Hernandez MD|7595 MEDICAL PLAZA||NC MEDICAL CTR|NC|16902|1|40|P|P|20260505|20260531|20260316|20260316|20260604||||||90847||P|Y|05||B|||99||||1|2|998.78|998.78|748.54|0.00|0.00|PR1|CO45||250.24|250.24||30.00|30.00|34.72|46.37|46.37|139.15|139.15|0.00|0.00|0.00|748.54|0.00|0.00|0.00||N|||W000000253|P|W000000253|0|0|0.00|||3|40||998.78||Y||||||1||40|2000000299|N|0.00|0.00|40|99|||||50|||||||||S93.401|Z23|E66.9||||||||90847|||||||46.37|30.00|34.72|N|||AETNA
002026060100000999|1234567|0987654|N|001|AC123456|03|P|N||PPO|01|PKG0042|PPO001|3|F|W000000018|Martin|Evelyn|F|19900114|39850|WA|EF||W000000674|W000000674|Martin|Jackson|M|CH|20020428|202606010000999|ACAS2026060100000999||TCN2026060100000999|SRC2026060100000999|002026060100000999|NY0001|NY0001||2|100000085|DR Lee MD|2|100000085|PV000085|DR Lee MD|4212 MEDICAL PLAZA||MI MEDICAL CTR|MI|57675|1|10|P|P|20260508|20260521|20260520|20260520|20260522||||||93000|26|P|Y|07||N|||21||||1|2|659.03|659.03|208.88|0.00|0.00|PR1|CO45||450.15|450.15||20.00|20.00|39.01|94.38|94.38|296.76|296.76|0.00|0.00|0.00|208.88|0.00|0.00|0.00||N|||W000000674|P|W000000674|0|0|0.00|||3|10||659.03||||||||1||10|2000000085|N|0.00|0.00|10|21|||||TC|25|Y|||||||I50.9|Z00.00|K57.30|Z12.31|||||||93000|||||||94.38|20.00|39.01|N|||AETNA
002026060100001000|1234567|0987654|N|001|AC123456|03|P|N||PPO|03|PKG0042|PPO001|3|F|W000000359|Williams|Noah|M|19641011|34130|WA|ES|120373639|W000000359|W000000359|Williams|Noah|M|EE|19641011|202606010001000|ACAS2026060100001000||TCN2026060100001000|SRC2026060100001000|002026060100001000|NY0001|NY0001||2|100000085|DR Lee MD|2|100000085|PV000085|DR Lee MD|9609 MEDICAL PLAZA||MA MEDICAL CTR|MA|16765|1|10|P|P|20260502|20260527|20260323|20260323|20260530||||||80053|59|P|Y|01||M|||13||||1|3|221.25|221.25|221.25|0.00|0.00||CO45||0.00|0.00||50.00|50.00|0.00|0.00|0.00|0.00|0.00|0.00|0.00|0.00|0.00|0.00|0.00|0.00||N|||W000000359|D|W000000359|0|0|0.00|||3|10||221.25||N||||||1||10|2000000085|N|0.00|0.00|10|13||||||95|Y|||||||Z79.899|||J45.909|||||||80053|||||||0.00|50.00|0.00|N|||AETNA
