ps_unique_id|customer_nbr|group_nbr|source_derived|subgroup_nbr|account_nbr|product_ln_cd|rx_product_cd|plan_id|fund_ctg_cd|option_cd|rx_intgrtn_opt_cd|ee_id|ee_last_name|ee_first_name|subs_zip_cd|ssn_nbr|member_id|src_rx_member_id|last_name|first_name|src_mbr_gender_cd|mbr_rtp_type_cd|src_mbr_birth_dt|filler1|filler2|clm_status|dir_mbr_reim_ind|ee_ntwk_srv_area_id|office_id|sort_name|prescriber_id|spclty_ctg_cd|address_line_1|address_line_2|nabp_nbr|phm_zip_cd|process_dt|disp_dt|ndc_cd|label_nm|formulary_cd|generic_cd|source_type_cd|retail_mod_cd|new_refill_cnt|daw_cd|unts_dispensed_qty|days_supply_cnt|sub_ing_cost_amt|prof_fee_amt|awp_amt|sales_tax_amt|app_to_per_ded_amt|srv_copay_amt|paid_amt|ahf_paid_amt|ahf_bfd_amt|gpi_1st_10_bytes|phi_acas_bypass_cd|price_type_cd|calc_ing_cost_amt|prescbr_id_qlfy_cd|prod_distnctn_cd|rx_claim_id|compound_cd|maint_drug_cd|prescription_nbr|spaces1|spaces2|derived1|derived2|filler3|org_cd
002026060100000001|1234567|0987654|N|001|AC123456|PPO|RX|PPO001|F|01|I|W000000069|Lewis|Carter|13393|407502389|W000000069|W000000069|Lewis|Carter|M|EE|19740609|||P|N|NY0001|OFF0011|Lewis Carter|DR000065|01|8258 PHARMACY ST||7000011|42028|20260422|20260422|00781107905|Amlodipine 5mg|1|Y|M|R|3|2|90|30|27.00|3.25|40.50|0.00|0.00|15.00|15.25|0.00|0.00|3600002000|N|AWP|26.58|01||RX2026060100000001|0|N|3851479||||||AETNA
002026060100000002|1234567|0987654|N|001|AC123456|PPO|RX|PPO001|F|01|I|W000000327|Hernandez|Benjamin|81662||W000000520|W000000520|Hernandez|Sophia|F|SP|19810908|||P|N|NY0001|OFF0074|Hernandez Sophia|DR000134|02|1892 PHARMACY ST||7000074|29283|20260416|20260414|00054418925|Atorvastatin 20mg|2|Y|R|R|5|3|60|60|24.00|5.59|36.00|0.00|0.39|35.00|0.00|0.00|0.00|3900001000|N|AWP|23.17|01||RX2026060100000002|0|Y|7634448||||||AETNA
002026060100000003|1234567|0987654|N|001|AC123456|PPO|RX|PPO001|F|01|I|W000000381|Harris|Oliver|73289|510962801|W000000381|W000000381|Harris|Oliver|M|EE|19851001|||P|N|NY0001|OFF0008|Harris Oliver|DR000111|10|9218 PHARMACY ST||7000008|21234|20260421|20260419|65862001705|Omeprazole 20mg|1|Y|M|R|3|3|30|60|7.50|9.04|11.00|0.00|0.39|5.00|11.15|0.00|0.00|4920001000|N|AWP|7.39|01||RX2026060100000003|0|N|9382167||||||AETNA
002026060100000004|1234567|0987654|N|001|AC123456|PPO|RX|PPO001|F|01|I|W000000383|Jones|Benjamin|87743||W000000528|W000000528|Jones|Jacob|M|SP|19871102|||P|N|NY0001|OFF0080|Jones Jacob|DR000114|40|3688 PHARMACY ST||7000080|28391|20260501|20260501|00002774601|Trulicity 0.75mg|3|N|R|R|4|3|90|30|2250.00|7.31|3150.00|0.00|0.00|120.00|2137.31|0.00|0.00|2720006000|N|AWP|2240.12|01||RX2026060100000004|0|N|5047291||||||AETNA
002026060100000005|1234567|0987654|N|001|AC123456|PPO|RX|PPO001|F|01|I|W000000302|Young|Scarlett|77536|286313251|W000000302|W000000302|Young|Scarlett|F|EE|19620715|||P|N|NY0001|OFF0074|Young Scarlett|DR000129|12|1683 PHARMACY ST||7000074|29283|20260513|20260513|00169750111|Ozempic 0.5mg pen|3|N|M|R|1|0|90|90|2160.00|7.78|3300.00|0.00|0.00|80.00|2087.78|0.00|0.00|2720004000|N|AWP|2054.93|01||RX2026060100000005|0|N|9074520||||||AETNA
002026060100000006|1234567|0987654|N|001|AC123456|PPO|RX|PPO001|F|01|I|W000000326|Davis|Emma|16103|382935633|W000000326|W000000326|Davis|Emma|F|EE|19920228|||P|N|NY0001|OFF0044|Davis Emma|DR000055|10|8176 PHARMACY ST||7000044|83871|20260414|20260412|00093310505|Sertraline 50mg|1|Y|R|R|1|0|60|30|21.00|6.59|30.00|0.00|0.99|5.00|21.60|0.00|0.00|5800002000|N|AWP|20.33|01||RX2026060100000006|0|N|9951049||||||AETNA
002026060100000007|1234567|0987654|N|001|AC123456|PPO|RX|PPO001|F|01|I|W000000081|Martin|Chloe|24037|788518418|W000000081|W000000081|Martin|Chloe|F|EE|19930921|||P|N|NY0001|OFF0018|Martin Chloe|DR000023|02|6712 PHARMACY ST||7000018|73373|20260523|20260522|00093721956|Metformin 500mg|1|Y|M|R|1|0|90|60|18.75|3.99|27.00|0.00|0.00|10.00|12.74|0.00|0.00|2720002000|N|AWP|17.86|01||RX2026060100000007|0|N|5924604||||||AETNA
002026060100000008|1234567|0987654|N|001|AC123456|PPO|RX|PPO001|F|01|I|W000000073|Rodriguez|David|98659|548752320|W000000073|W000000073|Rodriguez|David|M|EE|19730609|||P|N|NY0001|OFF0044|Rodriguez David|DR000011|05|5722 PHARMACY ST||7000044|83871|20260527|20260527|00247100552|Albuterol HFA Inhaler|2|N|M|R|5|0|30|60|35.00|9.44|55.00|0.00|0.00|30.00|14.44|0.00|0.00|4400001000|N|AWP|33.41|01||RX2026060100000008|0|N|2560123||||||AETNA
002026060100000009|1234567|0987654|N|001|AC123456|PPO|RX|PPO001|F|01|I|W000000056|Smith|Avery|45236|747132596|W000000056|W000000056|Smith|Avery|F|EE|19731212|||P|N|NY0001|OFF0012|Smith Avery|DR000135|01|1790 PHARMACY ST||7000012|38230|20260413|20260411|00054418925|Atorvastatin 20mg|2|Y|R|R|5|0|30|60|12.00|7.93|18.00|0.00|0.00|35.00|0.00|0.00|0.00|3900001000|N|AWP|11.99|01||RX2026060100000009|0|N|6959628||||||AETNA
002026060100000010|1234567|0987654|N|001|AC123456|PPO|RX|PPO001|F|01|I|W000000100|Brown|Liam|28539||W000000677|W000000677|Brown|Abigail|F|CH|20000627|||P|N|NY0001|OFF0001|Brown Abigail|DR000001|50|4297 PHARMACY ST||7000001|76468|20260408|20260407|00169750111|Ozempic 0.5mg pen|3|N|R|R|3|0|90|60|2160.00|4.95|3300.00|0.00|165.85|80.00|1919.10|0.00|0.00|2720004000|N|AWP|2120.94|01||RX2026060100000010|0|Y|7635766||||||AETNA
002026060100000011|1234567|0987654|N|001|AC123456|PPO|RX|PPO001|F|01|I|W000000251|Gonzalez|Nora|53353|905327811|W000000251|W000000251|Gonzalez|Nora|F|EE|19871112|||P|N|NY0001|OFF0003|Gonzalez Nora|DR000035|05|1346 PHARMACY ST||7000003|49549|20260524|20260522|00378395305|Levothyroxine 50mcg|1|Y|R|R|0|0|90|30|33.00|6.51|48.00|0.00|0.00|15.00|24.51|0.00|0.00|5400001000|N|AWP|31.80|01||RX2026060100000011|0|N|6278710||||||AETNA
002026060100000012|1234567|0987654|N|001|AC123456|PPO|RX|PPO001|F|01|I|W000000225|Ramirez|Aiden|34909|520768375|W000000225|W000000225|Ramirez|Aiden|M|EE|19720528|||P|N|NY0001|OFF0075|Ramirez Aiden|DR000021|02|6887 PHARMACY ST||7000075|52523|20260529|20260528|00169750111|Ozempic 0.5mg pen|3|N|R|R|1|3|90|90|2160.00|6.10|3300.00|0.00|0.00|80.00|2086.10|0.00|0.00|2720004000|N|AWP|2125.02|01||RX2026060100000012|0|N|7139258||||||AETNA
002026060100000013|1234567|0987654|N|001|AC123456|PPO|RX|PPO001|F|01|I|W000000116|Williams|Evelyn|69479||W000000589|W000000589|Williams|Emily|F|CH|20070914|||P|N|NY0001|OFF0003|Williams Emily|DR000090|12|7909 PHARMACY ST||7000003|49549|20260508|20260507|00006098154|Januvia 100mg|3|N|M|M|4|0|60|30|570.00|3.79|840.00|0.00|0.00|100.00|473.79|0.00|0.00|2720003000|N|AWP|547.91|01||RX2026060100000013|0|Y|7462064||||||AETNA
002026060100000014|1234567|0987654|N|001|AC123456|PPO|RX|PPO001|F|01|I|W000000141|Lewis|Riley|67296|913701010|W000000141|W000000141|Lewis|Riley|F|EE|19930224|||P|N|NY0001|OFF0057|Lewis Riley|DR000123|11|3337 PHARMACY ST||7000057|50731|20260426|20260425|63304082805|Metoprolol 25mg|1|Y|R|R|0|3|60|90|16.00|5.59|24.00|0.00|0.87|5.00|15.72|0.00|0.00|3700002000|N|AWP|15.96|01||RX2026060100000014|0|Y|8888491||||||AETNA
002026060100000015|1234567|0987654|N|001|AC123456|PPO|RX|PPO001|F|01|I|W000000300|Jackson|Sofia|18082|520653316|W000000300|W000000300|Jackson|Sofia|F|EE|19920114|||P|N|NY0001|OFF0052|Jackson Sofia|DR000103|38|1718 PHARMACY ST||7000052|89811|20260417|20260417|00378395305|Levothyroxine 50mcg|1|Y|M|R|5|1|30|90|11.00|2.27|16.00|0.00|0.00|5.00|8.27|0.00|0.00|5400001000|N|AWP|10.57|01||RX2026060100000015|0|N|6560963||||||AETNA
002026060100000016|1234567|0987654|N|001|AC123456|PPO|RX|PPO001|F|01|I|W000000130|Rodriguez|James|69476||W000000601|W000000601|Rodriguez|Noah|M|CH|20031016|||P|N|NY0001|OFF0077|Rodriguez Noah|DR000019|09|2335 PHARMACY ST||7000077|53918|20260505|20260505|00310015615|Humira 40mg/0.4mL|3|N|R|R|3|0|90|60|14400.00|6.30|20400.00|0.00|2119.08|80.00|12207.22|0.00|0.00|8000001000|N|AWP|14043.68|01||RX2026060100000016|0|Y|5030786||||||AETNA
002026060100000017|1234567|0987654|N|001|AC123456|PPO|RX|PPO001|F|01|I|W000000095|Brown|Nora|50299|419761524|W000000095|W000000095|Brown|Nora|F|EE|19790626|||P|N|NY0001|OFF0066|Brown Nora|DR000035|10|6027 PHARMACY ST||7000066|71210|20260405|20260405|00093721956|Metformin 500mg|1|Y|M|R|1|0|60|60|12.50|7.76|18.00|0.00|0.00|15.00|5.26|0.00|0.00|2720002000|N|AWP|12.49|01||RX2026060100000017|0|Y|9596931||||||AETNA
002026060100000018|1234567|0987654|N|001|AC123456|PPO|RX|PPO001|F|01|I|W000000360|Miller|Evelyn|33497|727659792|W000000360|W000000360|Miller|Evelyn|F|EE|19801028|||P|N|NY0001|OFF0073|Miller Evelyn|DR000052|11|5182 PHARMACY ST||7000073|40156|20260418|20260417|00093310505|Sertraline 50mg|1|Y|R|M|3|0|90|30|31.50|5.89|45.00|0.00|0.00|10.00|27.39|0.00|0.00|5800002000|N|AWP|29.97|01||RX2026060100000018|0|N|4851457||||||AETNA
002026060100000019|1234567|0987654|N|001|AC123456|PPO|RX|PPO001|F|01|I|W000000316|Anderson|Noah|67046|583363383|W000000316|W000000316|Anderson|Noah|M|EE|19660325|||P|N|NY0001|OFF0072|Anderson Noah|DR000134|12|9513 PHARMACY ST||7000072|25976|20260413|20260411|51479087501|Jardiance 10mg|3|N|R|R|3|3|30|30|480.00|9.11|700.00|0.00|42.75|60.00|386.36|0.00|0.00|2720005000|N|AWP|468.93|01||RX2026060100000019|0|N|2746152||||||AETNA
002026060100000020|1234567|0987654|N|001|AC123456|PPO|RX|PPO001|F|01|I|W000000126|Thomas|Aria|11709|910469907|W000000126|W000000126|Thomas|Aria|F|EE|19640507|||P|N|NY0001|OFF0032|Thomas Aria|DR000066|38|6606 PHARMACY ST||7000032|21428|20260502|20260501|51479087501|Jardiance 10mg|3|N|M|R|0|3|60|30|960.00|6.68|1400.00|0.00|0.00|100.00|866.68|0.00|0.00|2720005000|N|AWP|940.94|01||RX2026060100000020|0|N|7809351||||||AETNA
002026060100000021|1234567|0987654|N|001|AC123456|PPO|RX|PPO001|F|01|I|W000000205|Taylor|William|98641|159246667|W000000205|W000000205|Taylor|William|M|EE|19660217|||P|N|NY0001|OFF0059|Taylor William|DR000050|50|3287 PHARMACY ST||7000059|89642|20260425|20260425|00378395305|Levothyroxine 50mcg|1|Y|R|M|4|0|60|60|22.00|7.27|32.00|0.00|0.00|5.00|24.27|0.00|0.00|5400001000|N|AWP|21.83|01||RX2026060100000021|0|N|1975683||||||AETNA
002026060100000022|1234567|0987654|N|001|AC123456|PPO|RX|PPO001|F|01|I|W000000276|White|Ethan|98100||W000000526|W000000526|White|Aiden|M|CH|20170912|||P|N|NY0001|OFF0069|White Aiden|DR000042|08|5063 PHARMACY ST||7000069|63078|20260405|20260405|51479087501|Jardiance 10mg|3|N|R|R|5|3|90|30|1440.00|9.31|2100.00|0.00|0.00|80.00|1369.31|0.00|0.00|2720005000|N|AWP|1408.14|01||RX2026060100000022|0|N|8088369||||||AETNA
002026060100000023|1234567|0987654|N|001|AC123456|PPO|RX|PPO001|F|01|I|W000000380|Martinez|Zoey|65448||W000000590|W000000590|Martinez|Ava|F|CH|20030518|||P|N|NY0001|OFF0029|Martinez Ava|DR000002|38|9896 PHARMACY ST||7000029|24865|20260422|20260420|00093721956|Metformin 500mg|1|Y|R|R|4|0|60|90|12.50|8.17|18.00|0.00|0.00|5.00|15.67|0.00|0.00|2720002000|N|AWP|12.16|01||RX2026060100000023|0|N|5188400||||||AETNA
002026060100000024|1234567|0987654|N|001|AC123456|PPO|RX|PPO001|F|01|I|W000000374|Lewis|Henry|47833||W000000556|W000000556|Lewis|Ethan|M|CH|20180919|||P|N|NY0001|OFF0064|Lewis Ethan|DR000006|05|7151 PHARMACY ST||7000064|31031|20260426|20260424|00093310505|Sertraline 50mg|1|Y|R|R|0|1|30|90|10.50|6.19|15.00|0.00|0.70|10.00|5.99|0.00|0.00|5800002000|N|AWP|10.33|01||RX2026060100000024|0|Y|5005137||||||AETNA
002026060100000025|1234567|0987654|N|001|AC123456|PPO|RX|PPO001|F|01|I|W000000301|Jones|Henry|59394||W000000662|W000000662|Jones|Charlotte|F|SP|19670125|||P|N|NY0001|OFF0025|Jones Charlotte|DR000086|05|2720 PHARMACY ST||7000025|14293|20260419|20260417|00378395305|Levothyroxine 50mcg|1|Y|R|R|0|3|90|90|33.00|4.71|48.00|0.00|2.67|5.00|30.04|0.00|0.00|5400001000|N|AWP|32.85|01||RX2026060100000025|0|N|5790807||||||AETNA
002026060100000026|1234567|0987654|N|001|AC123456|PPO|RX|PPO001|F|01|I|W000000388|Lopez|Henry|32831|640423471|W000000388|W000000388|Lopez|Henry|M|EE|19761211|||P|N|NY0001|OFF0060|Lopez Henry|DR000062|08|6085 PHARMACY ST||7000060|21000|20260515|20260513|00002774601|Trulicity 0.75mg|3|N|R|M|0|0|90|60|2250.00|9.60|3150.00|0.00|0.00|100.00|2159.60|0.00|0.00|2720006000|N|AWP|2244.22|01||RX2026060100000026|0|Y|4667679||||||AETNA
002026060100000027|1234567|0987654|N|001|AC123456|PPO|RX|PPO001|F|01|I|W000000243|Robinson|Noah|60935||W000000580|W000000580|Robinson|Oliver|M|SP|19790618|||P|N|NY0001|OFF0008|Robinson Oliver|DR000137|12|7405 PHARMACY ST||7000008|21234|20260529|20260527|00247100552|Albuterol HFA Inhaler|2|N|R|R|0|0|60|60|70.00|9.94|110.00|0.00|5.17|35.00|39.77|0.00|0.00|4400001000|N|AWP|68.09|01||RX2026060100000027|0|N|1519759||||||AETNA
002026060100000028|1234567|0987654|N|001|AC123456|PPO|RX|PPO001|F|01|I|W000000325|Perez|David|78788||W000000576|W000000576|Perez|Henry|M|CH|20070521|||P|N|NY0001|OFF0070|Perez Henry|DR000011|50|2648 PHARMACY ST||7000070|89690|20260527|20260526|00781107905|Amlodipine 5mg|1|Y|R|R|4|0|90|30|27.00|9.01|40.50|0.00|0.00|5.00|31.01|0.00|0.00|3600002000|N|AWP|26.02|01||RX2026060100000028|0|N|3855173||||||AETNA
002026060100000029|1234567|0987654|N|001|AC123456|PPO|RX|PPO001|F|01|I|W000000097|Gonzalez|Sebastian|52627|302748623|W000000097|W000000097|Gonzalez|Sebastian|M|EE|19890422|||P|N|NY0001|OFF0070|Gonzalez Sebastian|DR000078|38|9214 PHARMACY ST||7000070|89690|20260410|20260409|00093721956|Metformin 500mg|1|Y|R|R|1|3|60|90|12.50|4.56|18.00|0.00|0.00|5.00|12.06|0.00|0.00|2720002000|N|AWP|11.92|01||RX2026060100000029|0|N|6545248||||||AETNA
002026060100000030|1234567|0987654|N|001|AC123456|PPO|RX|PPO001|F|01|I|W000000199|Clark|Sophia|68249||W000000428|W000000428|Clark|Scarlett|F|CH|20061201|||P|N|NY0001|OFF0025|Clark Scarlett|DR000058|04|9901 PHARMACY ST||7000025|14293|20260530|20260529|00093310505|Sertraline 50mg|1|Y|R|R|4|0|90|90|31.50|3.68|45.00|0.00|0.00|10.00|25.18|0.00|0.00|5800002000|N|AWP|31.00|01||RX2026060100000030|0|N|2707583||||||AETNA
002026060100000031|1234567|0987654|N|001|AC123456|PPO|RX|PPO001|F|01|I|W000000193|Brown|Elijah|60850|689919896|W000000193|W000000193|Brown|Elijah|M|EE|19710203|||P|N|NY0001|OFF0022|Brown Elijah|DR000119|04|1441 PHARMACY ST||7000022|45157|20260528|20260526|00247100552|Albuterol HFA Inhaler|2|N|R|M|1|0|60|30|70.00|2.97|110.00|0.00|0.00|30.00|42.97|0.00|0.00|4400001000|N|AWP|69.21|01||RX2026060100000031|0|N|1512214||||||AETNA
002026060100000032|1234567|0987654|N|001|AC123456|PPO|RX|PPO001|F|01|I|W000000304|Walker|Logan|85991|724856655|W000000304|W000000304|Walker|Logan|M|EE|19931112|||P|N|NY0001|OFF0043|Walker Logan|DR000005|11|2938 PHARMACY ST||7000043|39150|20260508|20260508|00310015615|Humira 40mg/0.4mL|3|N|M|R|0|3|60|60|9600.00|8.57|13600.00|0.00|0.00|120.00|9488.57|0.00|0.00|8000001000|N|AWP|9251.00|01||RX2026060100000032|0|N|2036885||||||AETNA
002026060100000033|1234567|0987654|N|001|AC123456|PPO|RX|PPO001|F|01|I|W000000202|Miller|Carter|49187|407986662|W000000202|W000000202|Miller|Carter|M|EE|19750610|||P|N|NY0001|OFF0077|Miller Carter|DR000028|12|3577 PHARMACY ST||7000077|53918|20260530|20260530|51479087501|Jardiance 10mg|3|N|R|M|4|0|30|60|480.00|6.91|700.00|0.00|0.00|60.00|426.91|0.00|0.00|2720005000|N|AWP|474.46|01||RX2026060100000033|0|N|9069756||||||AETNA
002026060100000034|1234567|0987654|N|001|AC123456|PPO|RX|PPO001|F|01|I|W000000218|Lopez|Charlotte|97904|192403324|W000000218|W000000218|Lopez|Charlotte|F|EE|19840610|||P|N|NY0001|OFF0076|Lopez Charlotte|DR000039|07|6665 PHARMACY ST||7000076|38218|20260406|20260406|51479087501|Jardiance 10mg|3|N|R|M|2|0|30|60|480.00|8.21|700.00|0.00|0.00|60.00|428.21|0.00|0.00|2720005000|N|AWP|464.57|01||RX2026060100000034|0|Y|4981933||||||AETNA
002026060100000035|1234567|0987654|N|001|AC123456|PPO|RX|PPO001|F|01|I|W000000318|Davis|Elizabeth|65669|250696794|W000000318|W000000318|Davis|Elizabeth|F|EE|19900221|||P|N|NY0001|OFF0060|Davis Elizabeth|DR000023|03|3905 PHARMACY ST||7000060|21000|20260530|20260530|00006098154|Januvia 100mg|3|N|R|R|4|0|90|60|855.00|8.72|1260.00|0.00|0.00|80.00|783.72|0.00|0.00|2720003000|N|AWP|832.28|01||RX2026060100000035|0|Y|2650672||||||AETNA
002026060100000036|1234567|0987654|N|001|AC123456|PPO|RX|PPO001|F|01|I|W000000374|Lewis|Henry|47833||W000000501|W000000501|Lewis|Logan|M|CH|20081206|||P|N|NY0001|OFF0037|Lewis Logan|DR000070|06|7541 PHARMACY ST||7000037|68588|20260413|20260412|63304082805|Metoprolol 25mg|1|Y|R|R|4|0|60|30|16.00|6.15|24.00|0.00|2.10|5.00|15.05|0.00|0.00|3700002000|N|AWP|15.81|01||RX2026060100000036|0|N|9779485||||||AETNA
002026060100000037|1234567|0987654|N|001|AC123456|PPO|RX|PPO001|F|01|I|W000000131|Hernandez|Isabella|74298|168568667|W000000131|W000000131|Hernandez|Isabella|F|EE|19881110|||P|N|NY0001|OFF0068|Hernandez Isabella|DR000081|11|9294 PHARMACY ST||7000068|29538|20260531|20260529|00247100552|Albuterol HFA Inhaler|2|N|R|R|2|1|30|90|35.00|5.81|55.00|0.00|0.00|30.00|10.81|0.00|0.00|4400001000|N|AWP|34.56|01||RX2026060100000037|0|Y|6877854||||||AETNA
002026060100000038|1234567|0987654|N|001|AC123456|PPO|RX|PPO001|F|01|I|W000000199|Clark|Sophia|68249||W000000632|W000000632|Clark|Oliver|M|CH|20110410|||P|N|NY0001|OFF0055|Clark Oliver|DR000109|02|6209 PHARMACY ST||7000055|87194|20260408|20260406|65862001705|Omeprazole 20mg|1|Y|R|R|3|0|30|30|7.50|4.88|11.00|0.00|0.00|10.00|2.38|0.00|0.00|4920001000|N|AWP|7.31|01||RX2026060100000038|0|N|9823371||||||AETNA
002026060100000039|1234567|0987654|N|001|AC123456|PPO|RX|PPO001|F|01|I|W000000386|Wilson|Victoria|97819|660561252|W000000386|W000000386|Wilson|Victoria|F|EE|19720804|||P|N|NY0001|OFF0064|Wilson Victoria|DR000070|05|5775 PHARMACY ST||7000064|31031|20260408|20260406|00781107905|Amlodipine 5mg|1|Y|R|R|0|3|90|30|27.00|2.08|40.50|0.00|0.00|5.00|24.08|0.00|0.00|3600002000|N|AWP|25.95|01||RX2026060100000039|0|Y|7332091||||||AETNA
002026060100000040|1234567|0987654|N|001|AC123456|PPO|RX|PPO001|F|01|I|W000000136|Hernandez|Ava|60237|604823576|W000000136|W000000136|Hernandez|Ava|F|EE|19620710|||P|N|NY0001|OFF0025|Hernandez Ava|DR000077|04|6801 PHARMACY ST||7000025|14293|20260411|20260409|00006098154|Januvia 100mg|3|N|R|R|3|0|60|30|570.00|5.00|840.00|0.00|0.00|60.00|515.00|0.00|0.00|2720003000|N|AWP|563.08|01||RX2026060100000040|0|Y|3315088||||||AETNA
002026060100000041|1234567|0987654|N|001|AC123456|PPO|RX|PPO001|F|01|I|W000000111|Garcia|Mia|63080|449202842|W000000111|W000000111|Garcia|Mia|F|EE|19871209|||P|N|NY0001|OFF0075|Garcia Mia|DR000078|09|679 PHARMACY ST||7000075|52523|20260513|20260512|51479087501|Jardiance 10mg|3|N|R|R|1|0|90|90|1440.00|8.69|2100.00|0.00|0.00|100.00|1348.69|0.00|0.00|2720005000|N|AWP|1377.73|01||RX2026060100000041|0|N|9649453||||||AETNA
002026060100000042|1234567|0987654|N|001|AC123456|PPO|RX|PPO001|F|01|I|W000000199|Clark|Sophia|68249||W000000428|W000000428|Clark|Scarlett|F|CH|20061201|||P|N|NY0001|OFF0016|Clark Scarlett|DR000020|38|9475 PHARMACY ST||7000016|67376|20260505|20260504|00378395305|Levothyroxine 50mcg|1|Y|R|R|0|0|90|90|33.00|2.80|48.00|0.00|0.00|15.00|20.80|0.00|0.00|5400001000|N|AWP|31.52|01||RX2026060100000042|0|N|8513831||||||AETNA
002026060100000043|1234567|0987654|N|001|AC123456|PPO|RX|PPO001|F|01|I|W000000005|Garcia|Aria|23173|123433954|W000000005|W000000005|Garcia|Aria|F|EE|19640727|||P|N|NY0001|OFF0021|Garcia Aria|DR000104|03|7469 PHARMACY ST||7000021|21364|20260414|20260413|00093310505|Sertraline 50mg|1|Y|R|R|1|0|30|60|10.50|7.25|15.00|0.00|0.00|15.00|2.75|0.00|0.00|5800002000|N|AWP|10.13|01||RX2026060100000043|0|N|4577390||||||AETNA
002026060100000044|1234567|0987654|N|001|AC123456|PPO|RX|PPO001|F|01|I|W000000044|Young|Sofia|29022|874732285|W000000044|W000000044|Young|Sofia|F|EE|19621207|||P|N|NY0001|OFF0030|Young Sofia|DR000094|03|1603 PHARMACY ST||7000030|87853|20260426|20260426|00006098154|Januvia 100mg|3|N|R|R|5|0|90|30|855.00|4.80|1260.00|0.00|0.00|100.00|759.80|0.00|0.00|2720003000|N|AWP|854.04|01||RX2026060100000044|0|N|4883724||||||AETNA
002026060100000045|1234567|0987654|N|001|AC123456|PPO|RX|PPO001|F|01|I|W000000283|Lewis|Harper|98004|503863588|W000000283|W000000283|Lewis|Harper|F|EE|19780201|||P|N|NY0001|OFF0069|Lewis Harper|DR000042|06|8435 PHARMACY ST||7000069|63078|20260410|20260410|00093721956|Metformin 500mg|1|Y|R|R|3|0|30|90|6.25|2.33|9.00|0.00|0.00|10.00|0.00|0.00|0.00|2720002000|N|AWP|6.02|01||RX2026060100000045|0|N|4879401||||||AETNA
002026060100000046|1234567|0987654|N|001|AC123456|PPO|RX|PPO001|F|01|I|W000000386|Wilson|Victoria|97819|660561252|W000000386|W000000386|Wilson|Victoria|F|EE|19720804|||P|N|NY0001|OFF0011|Wilson Victoria|DR000038|50|1235 PHARMACY ST||7000011|42028|20260523|20260522|00378395305|Levothyroxine 50mcg|1|Y|R|R|4|1|30|60|11.00|2.90|16.00|0.00|0.58|5.00|8.32|0.00|0.00|5400001000|N|AWP|10.85|01||RX2026060100000046|0|Y|1411442||||||AETNA
002026060100000047|1234567|0987654|N|001|AC123456|PPO|RX|PPO001|F|01|I|W000000336|Young|Scarlett|15878||W000000595|W000000595|Young|Michael|M|CH|20200318|||P|N|NY0001|OFF0040|Young Michael|DR000088|04|3158 PHARMACY ST||7000040|92147|20260514|20260514|00378395305|Levothyroxine 50mcg|1|Y|M|R|5|0|90|30|33.00|2.28|48.00|0.00|2.66|15.00|17.62|0.00|0.00|5400001000|N|AWP|32.00|01||RX2026060100000047|0|Y|8451098||||||AETNA
002026060100000048|1234567|0987654|N|001|AC123456|PPO|RX|PPO001|F|01|I|W000000079|Walker|Logan|32122|858341578|W000000079|W000000079|Walker|Logan|M|EE|19800508|||P|N|NY0001|OFF0078|Walker Logan|DR000064|09|3471 PHARMACY ST||7000078|96216|20260601|20260531|00781107905|Amlodipine 5mg|1|Y|R|M|5|1|60|60|18.00|5.00|27.00|0.00|0.00|5.00|18.00|0.00|0.00|3600002000|N|AWP|17.59|01||RX2026060100000048|0|N|8462096||||||AETNA
002026060100000049|1234567|0987654|N|001|AC123456|PPO|RX|PPO001|F|01|I|W000000339|Brown|Liam|28890|840773135|W000000339|W000000339|Brown|Liam|M|EE|19610824|||P|N|NY0001|OFF0005|Brown Liam|DR000071|05|6381 PHARMACY ST||7000005|40491|20260516|20260514|00310015615|Humira 40mg/0.4mL|3|N|R|R|2|1|90|60|14400.00|6.93|20400.00|0.00|0.00|120.00|14286.93|0.00|0.00|8000001000|N|AWP|14172.02|01||RX2026060100000049|0|N|6625642||||||AETNA
002026060100000050|1234567|0987654|N|001|AC123456|PPO|RX|PPO001|F|01|I|W000000331|Jackson|Benjamin|72284||W000000529|W000000529|Jackson|Mia|F|SP|19970105|||P|N|NY0001|OFF0019|Jackson Mia|DR000089|11|5478 PHARMACY ST||7000019|96717|20260404|20260404|63304082805|Metoprolol 25mg|1|Y|R|M|2|0|60|30|16.00|7.67|24.00|0.00|0.00|10.00|13.67|0.00|0.00|3700002000|N|AWP|15.62|01||RX2026060100000050|0|Y|9513537||||||AETNA
002026060100000051|1234567|0987654|N|001|AC123456|PPO|RX|PPO001|F|01|I|W000000027|Gonzalez|Daniel|71417||W000000671|W000000671|Gonzalez|Benjamin|M|CH|20140910|||P|N|NY0001|OFF0028|Gonzalez Benjamin|DR000077|09|3022 PHARMACY ST||7000028|70009|20260509|20260507|00310015620|Eliquis 5mg|2|N|R|R|2|0|60|60|580.00|7.01|840.00|0.00|0.00|35.00|552.01|0.00|0.00|3300001000|N|AWP|570.45|01||RX2026060100000051|0|N|9945316||||||AETNA
002026060100000052|1234567|0987654|N|001|AC123456|PPO|RX|PPO001|F|01|I|W000000234|Ramirez|Jacob|25757||W000000668|W000000668|Ramirez|Olivia|F|CH|20181003|||P|N|NY0001|OFF0048|Ramirez Olivia|DR000009|03|3956 PHARMACY ST||7000048|84514|20260515|20260515|00054418925|Atorvastatin 20mg|2|Y|M|R|4|0|30|30|12.00|3.42|18.00|0.00|0.00|30.00|0.00|0.00|0.00|3900001000|N|AWP|11.51|01||RX2026060100000052|0|N|2367197||||||AETNA
002026060100000053|1234567|0987654|N|001|AC123456|PPO|RX|PPO001|F|01|I|W000000084|Ramirez|Nora|54421||W000000618|W000000618|Ramirez|Amelia|F|SP|19970511|||P|N|NY0001|OFF0006|Ramirez Amelia|DR000063|03|8862 PHARMACY ST||7000006|47670|20260406|20260406|00169750111|Ozempic 0.5mg pen|3|N|R|R|5|0|60|60|1440.00|6.90|2200.00|0.00|202.71|100.00|1144.19|0.00|0.00|2720004000|N|AWP|1382.38|01||RX2026060100000053|0|N|3390283||||||AETNA
002026060100000054|1234567|0987654|N|001|AC123456|PPO|RX|PPO001|F|01|I|W000000301|Jones|Henry|59394||W000000662|W000000662|Jones|Charlotte|F|SP|19670125|||P|N|NY0001|OFF0042|Jones Charlotte|DR000044|09|5879 PHARMACY ST||7000042|95772|20260506|20260504|00169750111|Ozempic 0.5mg pen|3|N|M|R|5|1|30|60|720.00|2.91|1100.00|0.00|0.00|100.00|622.91|0.00|0.00|2720004000|N|AWP|716.53|01||RX2026060100000054|0|N|4765424||||||AETNA
002026060100000055|1234567|0987654|N|001|AC123456|PPO|RX|PPO001|F|01|I|W000000121|Johnson|Isabella|32590|616336679|W000000121|W000000121|Johnson|Isabella|F|EE|19781123|||P|N|NY0001|OFF0042|Johnson Isabella|DR000016|01|9695 PHARMACY ST||7000042|95772|20260521|20260521|51479087501|Jardiance 10mg|3|N|R|R|0|0|30|30|480.00|7.44|700.00|0.00|0.00|80.00|407.44|0.00|0.00|2720005000|N|AWP|472.40|01||RX2026060100000055|0|N|4404753||||||AETNA
002026060100000056|1234567|0987654|N|001|AC123456|PPO|RX|PPO001|F|01|I|W000000005|Garcia|Aria|23173||W000000505|W000000505|Garcia|Jacob|M|CH|20171014|||P|N|NY0001|OFF0065|Garcia Jacob|DR000066|04|3202 PHARMACY ST||7000065|52528|20260508|20260508|00054418925|Atorvastatin 20mg|2|Y|R|R|3|1|60|90|24.00|6.35|36.00|0.00|0.05|40.00|0.00|0.00|0.00|3900001000|N|AWP|23.00|01||RX2026060100000056|0|N|7302775||||||AETNA
002026060100000057|1234567|0987654|N|001|AC123456|PPO|RX|PPO001|F|01|I|W000000130|Rodriguez|James|69476||W000000601|W000000601|Rodriguez|Noah|M|CH|20031016|||P|N|NY0001|OFF0065|Rodriguez Noah|DR000150|08|4205 PHARMACY ST||7000065|52528|20260406|20260406|00310015620|Eliquis 5mg|2|N|R|R|2|0|60|60|580.00|8.76|840.00|0.00|83.22|30.00|475.54|0.00|0.00|3300001000|N|AWP|571.40|01||RX2026060100000057|0|Y|8335206||||||AETNA
002026060100000058|1234567|0987654|N|001|AC123456|PPO|RX|PPO001|F|01|I|W000000209|Jackson|Joseph|20944||W000000512|W000000512|Jackson|Avery|F|SP|19770422|||P|N|NY0001|OFF0003|Jackson Avery|DR000093|06|7283 PHARMACY ST||7000003|49549|20260428|20260426|65862001705|Omeprazole 20mg|1|Y|R|M|5|2|30|60|7.50|6.79|11.00|0.00|0.00|10.00|4.29|0.00|0.00|4920001000|N|AWP|7.48|01||RX2026060100000058|0|N|6917636||||||AETNA
002026060100000059|1234567|0987654|N|001|AC123456|PPO|RX|PPO001|F|01|I|W000000182|Williams|Sebastian|78402||W000000410|W000000410|Williams|Elizabeth|F|CH|20010927|||P|N|NY0001|OFF0065|Williams Elizabeth|DR000060|38|9605 PHARMACY ST||7000065|52528|20260418|20260418|00247100552|Albuterol HFA Inhaler|2|N|R|R|3|3|60|60|70.00|9.13|110.00|0.00|4.00|40.00|35.13|0.00|0.00|4400001000|N|AWP|67.86|01||RX2026060100000059|0|N|8333255||||||AETNA
002026060100000060|1234567|0987654|N|001|AC123456|PPO|RX|PPO001|F|01|I|W000000245|Perez|Nora|26467||W000000488|W000000488|Perez|Oliver|M|CH|20110715|||P|N|NY0001|OFF0002|Perez Oliver|DR000101|01|7047 PHARMACY ST||7000002|17776|20260514|20260512|00071015223|Lisinopril 10mg|1|Y|R|M|2|0|60|90|17.00|4.43|24.00|0.00|0.00|10.00|11.43|0.00|0.00|3600001000|N|AWP|16.74|01||RX2026060100000060|0|N|1153677||||||AETNA
002026060100000061|1234567|0987654|N|001|AC123456|PPO|RX|PPO001|F|01|I|W000000032|Harris|Sebastian|23508||W000000452|W000000452|Harris|Ethan|M|SP|19710311|||P|N|NY0001|OFF0010|Harris Ethan|DR000086|05|5182 PHARMACY ST||7000010|73272|20260427|20260427|00006098154|Januvia 100mg|3|N|R|R|3|0|90|30|855.00|5.62|1260.00|0.00|0.00|80.00|780.62|0.00|0.00|2720003000|N|AWP|835.87|01||RX2026060100000061|0|Y|4273274||||||AETNA
002026060100000062|1234567|0987654|N|001|AC123456|PPO|RX|PPO001|F|01|I|W000000385|Brown|Aiden|89244|882236871|W000000385|W000000385|Brown|Aiden|M|EE|19760222|||P|N|NY0001|OFF0041|Brown Aiden|DR000051|02|8340 PHARMACY ST||7000041|24910|20260507|20260507|00169750111|Ozempic 0.5mg pen|3|N|R|R|1|0|60|60|1440.00|2.77|2200.00|0.00|1.87|60.00|1380.90|0.00|0.00|2720004000|N|AWP|1435.95|01||RX2026060100000062|0|Y|2973392||||||AETNA
002026060100000063|1234567|0987654|N|001|AC123456|PPO|RX|PPO001|F|01|I|W000000382|Thomas|Joseph|52997|940579196|W000000382|W000000382|Thomas|Joseph|M|EE|19720327|||P|N|NY0001|OFF0011|Thomas Joseph|DR000095|07|2047 PHARMACY ST||7000011|42028|20260511|20260510|00169750111|Ozempic 0.5mg pen|3|N|M|R|3|2|90|60|2160.00|5.92|3300.00|0.00|0.00|100.00|2065.92|0.00|0.00|2720004000|N|AWP|2070.61|01||RX2026060100000063|0|Y|1327760||||||AETNA
002026060100000064|1234567|0987654|N|001|AC123456|PPO|RX|PPO001|F|01|I|W000000204|Harris|Jackson|61256|243781229|W000000204|W000000204|Harris|Jackson|M|EE|19790215|||P|N|NY0001|OFF0041|Harris Jackson|DR000128|11|7952 PHARMACY ST||7000041|24910|20260421|20260421|00169750111|Ozempic 0.5mg pen|3|N|R|R|1|0|30|90|720.00|7.91|1100.00|0.00|0.00|60.00|667.91|0.00|0.00|2720004000|N|AWP|713.07|01||RX2026060100000064|0|N|6339581||||||AETNA
002026060100000065|1234567|0987654|N|001|AC123456|PPO|RX|PPO001|F|01|I|W000000179|Lewis|Carter|11340|280797492|W000000179|W000000179|Lewis|Carter|M|EE|19681106|||P|N|NY0001|OFF0078|Lewis Carter|DR000065|38|5426 PHARMACY ST||7000078|96216|20260502|20260430|00247100552|Albuterol HFA Inhaler|2|N|R|M|3|0|90|30|105.00|4.85|165.00|0.00|3.96|35.00|70.89|0.00|0.00|4400001000|N|AWP|104.01|01||RX2026060100000065|0|N|9830169||||||AETNA
002026060100000066|1234567|0987654|N|001|AC123456|PPO|RX|PPO001|F|01|I|W000000298|White|Sofia|12976|942493500|W000000298|W000000298|White|Sofia|F|EE|19800101|||P|N|NY0001|OFF0070|White Sofia|DR000144|11|6997 PHARMACY ST||7000070|89690|20260601|20260530|00093310505|Sertraline 50mg|1|Y|M|R|0|3|90|60|31.50|7.99|45.00|0.00|0.00|15.00|24.49|0.00|0.00|5800002000|N|AWP|31.07|01||RX2026060100000066|0|N|1525638||||||AETNA
002026060100000067|1234567|0987654|N|001|AC123456|PPO|RX|PPO001|F|01|I|W000000272|Walker|Aria|72242|976195640|W000000272|W000000272|Walker|Aria|F|EE|19670318|||P|N|NY0001|OFF0015|Walker Aria|DR000069|02|5778 PHARMACY ST||7000015|94484|20260418|20260416|00247100552|Albuterol HFA Inhaler|2|N|R|M|2|0|90|60|105.00|6.86|165.00|0.00|0.00|35.00|76.86|0.00|0.00|4400001000|N|AWP|102.24|01||RX2026060100000067|0|N|2903469||||||AETNA
002026060100000068|1234567|0987654|N|001|AC123456|PPO|RX|PPO001|F|01|I|W000000199|Clark|Sophia|68249||W000000632|W000000632|Clark|Oliver|M|CH|20110410|||P|N|NY0001|OFF0047|Clark Oliver|DR000073|06|8321 PHARMACY ST||7000047|52798|20260518|20260517|00054418925|Atorvastatin 20mg|2|Y|R|R|3|0|60|30|24.00|3.48|36.00|0.00|0.00|30.00|0.00|0.00|0.00|3900001000|N|AWP|23.34|01||RX2026060100000068|0|N|6676064||||||AETNA
002026060100000069|1234567|0987654|N|001|AC123456|PPO|RX|PPO001|F|01|I|W000000041|Smith|Sebastian|51457||W000000611|W000000611|Smith|Nora|F|CH|20140713|||P|N|NY0001|OFF0022|Smith Nora|DR000115|08|5466 PHARMACY ST||7000022|45157|20260527|20260526|00006098154|Januvia 100mg|3|N|M|R|3|0|60|90|570.00|4.35|840.00|0.00|29.04|100.00|445.31|0.00|0.00|2720003000|N|AWP|543.25|01||RX2026060100000069|0|N|5656757||||||AETNA
002026060100000070|1234567|0987654|N|001|AC123456|PPO|RX|PPO001|F|01|I|W000000313|Taylor|Benjamin|41957||W000000697|W000000697|Taylor|David|M|CH|20010911|||P|N|NY0001|OFF0020|Taylor David|DR000127|10|5378 PHARMACY ST||7000020|84417|20260422|20260422|00093721956|Metformin 500mg|1|Y|R|R|4|3|90|30|18.75|9.91|27.00|0.00|1.86|5.00|21.80|0.00|0.00|2720002000|N|AWP|18.00|01||RX2026060100000070|0|N|4176648||||||AETNA
002026060100000071|1234567|0987654|N|001|AC123456|PPO|RX|PPO001|F|01|I|W000000012|Lewis|Mia|12787|823835927|W000000012|W000000012|Lewis|Mia|F|EE|19911214|||D|N|NY0001|OFF0056|Lewis Mia|DR000092|01|4687 PHARMACY ST||7000056|15004|20260405|20260403|00002774601|Trulicity 0.75mg|3|N|M|M|2|3|90|90|2250.00|7.99|3150.00|0.00|119.97|80.00|0.00|0.00|0.00|2720006000|N|AWP|2221.29|01||RX2026060100000071|0|N|7262812||||||AETNA
002026060100000072|1234567|0987654|N|001|AC123456|PPO|RX|PPO001|F|01|I|W000000142|Jones|Daniel|47183||W000000596|W000000596|Jones|Liam|M|CH|20091118|||P|N|NY0001|OFF0006|Jones Liam|DR000139|03|1416 PHARMACY ST||7000006|47670|20260601|20260530|65862001705|Omeprazole 20mg|1|Y|M|R|3|0|30|60|7.50|9.17|11.00|0.00|0.00|10.00|6.67|0.00|0.00|4920001000|N|AWP|7.49|01||RX2026060100000072|0|N|2647595||||||AETNA
002026060100000073|1234567|0987654|N|001|AC123456|PPO|RX|PPO001|F|01|I|W000000105|Lee|Matthew|85115|104311786|W000000105|W000000105|Lee|Matthew|M|EE|19630724|||P|N|NY0001|OFF0074|Lee Matthew|DR000142|04|1633 PHARMACY ST||7000074|29283|20260409|20260408|00093310505|Sertraline 50mg|1|Y|R|R|2|0|60|60|21.00|6.91|30.00|0.00|0.00|5.00|22.91|0.00|0.00|5800002000|N|AWP|20.99|01||RX2026060100000073|0|N|4573753||||||AETNA
002026060100000074|1234567|0987654|N|001|AC123456|PPO|RX|PPO001|F|01|I|W000000166|Brown|Amelia|50451||W000000468|W000000468|Brown|Elijah|M|CH|20040701|||P|N|NY0001|OFF0021|Brown Elijah|DR000147|04|8950 PHARMACY ST||7000021|21364|20260423|20260421|00006098154|Januvia 100mg|3|N|R|R|4|0|60|90|570.00|2.90|840.00|0.00|0.00|120.00|452.90|0.00|0.00|2720003000|N|AWP|556.26|01||RX2026060100000074|0|N|3823919||||||AETNA
002026060100000075|1234567|0987654|N|001|AC123456|PPO|RX|PPO001|F|01|I|W000000340|Taylor|Olivia|30757|601195416|W000000340|W000000340|Taylor|Olivia|F|EE|19730426|||P|N|NY0001|OFF0017|Taylor Olivia|DR000084|06|213 PHARMACY ST||7000017|13238|20260412|20260410|51479087501|Jardiance 10mg|3|N|R|R|2|0|30|90|480.00|6.01|700.00|0.00|0.00|120.00|366.01|0.00|0.00|2720005000|N|AWP|472.08|01||RX2026060100000075|0|N|2154173||||||AETNA
002026060100000076|1234567|0987654|N|001|AC123456|PPO|RX|PPO001|F|01|I|W000000318|Davis|Elizabeth|65669|250696794|W000000318|W000000318|Davis|Elizabeth|F|EE|19900221|||P|N|NY0001|OFF0022|Davis Elizabeth|DR000126|01|3397 PHARMACY ST||7000022|45157|20260412|20260410|00378395305|Levothyroxine 50mcg|1|Y|R|R|1|0|30|30|11.00|2.54|16.00|0.00|0.00|15.00|0.00|0.00|0.00|5400001000|N|AWP|10.66|01||RX2026060100000076|0|N|8552006||||||AETNA
002026060100000077|1234567|0987654|N|001|AC123456|PPO|RX|PPO001|F|01|I|W000000370|Young|Samuel|88348|341944472|W000000370|W000000370|Young|Samuel|M|EE|19920418|||P|N|NY0001|OFF0029|Young Samuel|DR000077|03|1549 PHARMACY ST||7000029|24865|20260524|20260522|00071015223|Lisinopril 10mg|1|Y|R|R|4|0|90|90|25.50|5.33|36.00|0.00|0.00|5.00|25.83|0.00|0.00|3600001000|N|AWP|24.42|01||RX2026060100000077|0|Y|1176963||||||AETNA
002026060100000078|1234567|0987654|N|001|AC123456|PPO|RX|PPO001|F|01|I|W000000111|Garcia|Mia|63080||W000000455|W000000455|Garcia|Mason|M|CH|20081115|||P|N|NY0001|OFF0027|Garcia Mason|DR000121|03|4661 PHARMACY ST||7000027|39277|20260417|20260415|00002774601|Trulicity 0.75mg|3|N|R|M|4|2|30|60|750.00|6.36|1050.00|0.00|58.63|100.00|597.73|0.00|0.00|2720006000|N|AWP|714.32|01||RX2026060100000078|0|Y|7340887||||||AETNA
002026060100000079|1234567|0987654|N|001|AC123456|PPO|RX|PPO001|F|01|I|W000000256|Perez|Logan|33333||W000000548|W000000548|Perez|Michael|M|CH|20021117|||P|N|NY0001|OFF0067|Perez Michael|DR000083|38|5457 PHARMACY ST||7000067|22943|20260408|20260407|63304082805|Metoprolol 25mg|1|Y|R|M|0|0|90|90|24.00|3.74|36.00|0.00|0.00|15.00|12.74|0.00|0.00|3700002000|N|AWP|23.04|01||RX2026060100000079|0|N|3270342||||||AETNA
002026060100000080|1234567|0987654|N|001|AC123456|PPO|RX|PPO001|F|01|I|W000000296|White|Sofia|35274||W000000606|W000000606|White|Ethan|M|SP|19760404|||P|N|NY0001|OFF0074|White Ethan|DR000147|05|9364 PHARMACY ST||7000074|29283|20260410|20260409|00247100552|Albuterol HFA Inhaler|2|N|R|R|4|3|60|60|70.00|3.02|110.00|0.00|6.28|35.00|31.74|0.00|0.00|4400001000|N|AWP|67.86|01||RX2026060100000080|0|N|3929107||||||AETNA
002026060100000081|1234567|0987654|N|001|AC123456|PPO|RX|PPO001|F|01|I|W000000375|Jackson|Amelia|82430|213171055|W000000375|W000000375|Jackson|Amelia|F|EE|19730909|||P|N|NY0001|OFF0029|Jackson Amelia|DR000118|11|7369 PHARMACY ST||7000029|24865|20260507|20260505|00093721956|Metformin 500mg|1|Y|R|M|3|3|90|60|18.75|3.53|27.00|0.00|0.79|10.00|11.49|0.00|0.00|2720002000|N|AWP|18.57|01||RX2026060100000081|0|Y|5544048||||||AETNA
002026060100000082|1234567|0987654|N|001|AC123456|PPO|RX|PPO001|F|01|I|W000000002|Brown|Logan|10762||W000000660|W000000660|Brown|Riley|F|CH|20201201|||P|N|NY0001|OFF0065|Brown Riley|DR000064|40|951 PHARMACY ST||7000065|52528|20260409|20260407|00310015615|Humira 40mg/0.4mL|3|N|M|R|0|0|90|60|14400.00|2.06|20400.00|0.00|0.00|80.00|14322.06|0.00|0.00|8000001000|N|AWP|14121.21|01||RX2026060100000082|0|N|3310705||||||AETNA
002026060100000083|1234567|0987654|N|001|AC123456|PPO|RX|PPO001|F|01|I|W000000174|Thomas|Logan|86916|891139762|W000000174|W000000174|Thomas|Logan|M|EE|19770505|||P|N|NY0001|OFF0014|Thomas Logan|DR000078|07|8690 PHARMACY ST||7000014|43206|20260407|20260406|00006098154|Januvia 100mg|3|N|R|R|0|0|90|60|855.00|5.14|1260.00|0.00|0.00|80.00|780.14|0.00|0.00|2720003000|N|AWP|820.21|01||RX2026060100000083|0|N|9963096||||||AETNA
002026060100000084|1234567|0987654|N|001|AC123456|PPO|RX|PPO001|F|01|I|W000000100|Brown|Liam|28539||W000000677|W000000677|Brown|Abigail|F|CH|20000627|||P|N|NY0001|OFF0044|Brown Abigail|DR000069|50|5342 PHARMACY ST||7000044|83871|20260502|20260502|00310015620|Eliquis 5mg|2|N|R|R|1|0|30|60|290.00|2.63|420.00|0.00|0.00|35.00|257.63|0.00|0.00|3300001000|N|AWP|289.45|01||RX2026060100000084|0|N|1182915||||||AETNA
002026060100000085|1234567|0987654|N|001|AC123456|PPO|RX|PPO001|F|01|I|W000000165|Clark|Scarlett|72716|699108661|W000000165|W000000165|Clark|Scarlett|F|EE|19770119|||P|N|NY0001|OFF0053|Clark Scarlett|DR000128|09|2754 PHARMACY ST||7000053|81107|20260507|20260505|00093310505|Sertraline 50mg|1|Y|R|R|4|0|90|60|31.50|3.61|45.00|0.00|0.69|15.00|19.42|0.00|0.00|5800002000|N|AWP|30.60|01||RX2026060100000085|0|Y|3458020||||||AETNA
002026060100000086|1234567|0987654|N|001|AC123456|PPO|RX|PPO001|F|01|I|W000000012|Lewis|Mia|12787|823835927|W000000012|W000000012|Lewis|Mia|F|EE|19911214|||P|N|NY0001|OFF0080|Lewis Mia|DR000041|03|3467 PHARMACY ST||7000080|28391|20260506|20260506|51479087501|Jardiance 10mg|3|N|M|R|5|0|60|90|960.00|9.00|1400.00|0.00|0.00|60.00|909.00|0.00|0.00|2720005000|N|AWP|937.59|01||RX2026060100000086|0|N|3789637||||||AETNA
002026060100000087|1234567|0987654|N|001|AC123456|PPO|RX|PPO001|F|01|I|W000000059|Thomas|Sebastian|58215|166592319|W000000059|W000000059|Thomas|Sebastian|M|EE|19820304|||P|N|NY0001|OFF0012|Thomas Sebastian|DR000094|38|5715 PHARMACY ST||7000012|38230|20260426|20260426|51479087501|Jardiance 10mg|3|N|R|R|2|0|90|60|1440.00|3.35|2100.00|0.00|132.50|80.00|1230.85|0.00|0.00|2720005000|N|AWP|1382.13|01||RX2026060100000087|0|N|8218030||||||AETNA
002026060100000088|1234567|0987654|N|001|AC123456|PPO|RX|PPO001|F|01|I|W000000292|Williams|Mia|50694||W000000442|W000000442|Williams|Daniel|M|SP|19940114|||P|N|NY0001|OFF0004|Williams Daniel|DR000118|05|3488 PHARMACY ST||7000004|88450|20260501|20260501|51479087501|Jardiance 10mg|3|N|R|R|3|0|90|90|1440.00|4.93|2100.00|0.00|0.00|100.00|1344.93|0.00|0.00|2720005000|N|AWP|1406.74|01||RX2026060100000088|0|Y|2536794||||||AETNA
002026060100000089|1234567|0987654|N|001|AC123456|PPO|RX|PPO001|F|01|I|W000000082|Smith|Zoey|44046|281661546|W000000082|W000000082|Smith|Zoey|F|EE|19880721|||P|N|NY0001|OFF0056|Smith Zoey|DR000150|01|6553 PHARMACY ST||7000056|15004|20260526|20260524|00006098154|Januvia 100mg|3|N|R|R|3|0|90|90|855.00|8.26|1260.00|0.00|0.00|100.00|763.26|0.00|0.00|2720003000|N|AWP|845.84|01||RX2026060100000089|0|N|9618204||||||AETNA
002026060100000090|1234567|0987654|N|001|AC123456|PPO|RX|PPO001|F|01|I|W000000166|Brown|Amelia|50451|811163850|W000000166|W000000166|Brown|Amelia|F|EE|19671218|||P|N|NY0001|OFF0056|Brown Amelia|DR000065|10|5224 PHARMACY ST||7000056|15004|20260504|20260502|00093310505|Sertraline 50mg|1|Y|R|R|4|0|90|30|31.50|3.98|45.00|0.00|0.00|5.00|30.48|0.00|0.00|5800002000|N|AWP|30.86|01||RX2026060100000090|0|N|9920600||||||AETNA
002026060100000091|1234567|0987654|N|001|AC123456|PPO|RX|PPO001|F|01|I|W000000191|Jackson|Liam|53052||W000000584|W000000584|Jackson|Aria|F|SP|19660801|||P|N|NY0001|OFF0079|Jackson Aria|DR000087|02|4400 PHARMACY ST||7000079|29062|20260403|20260403|63304082805|Metoprolol 25mg|1|Y|R|R|2|3|90|90|24.00|7.60|36.00|0.00|0.00|10.00|21.60|0.00|0.00|3700002000|N|AWP|23.31|01||RX2026060100000091|0|Y|3360901||||||AETNA
002026060100000092|1234567|0987654|N|001|AC123456|PPO|RX|PPO001|F|01|I|W000000019|Thomas|Sophia|49366|571125322|W000000019|W000000019|Thomas|Sophia|F|EE|19660817|||P|N|NY0001|OFF0023|Thomas Sophia|DR000016|08|8644 PHARMACY ST||7000023|62109|20260428|20260428|00006098154|Januvia 100mg|3|N|R|R|1|3|90|90|855.00|8.01|1260.00|0.00|0.00|60.00|803.01|0.00|0.00|2720003000|N|AWP|846.60|01||RX2026060100000092|0|Y|3072983||||||AETNA
002026060100000093|1234567|0987654|N|001|AC123456|PPO|RX|PPO001|F|01|I|W000000119|Jackson|Matthew|68125|640808824|W000000119|W000000119|Jackson|Matthew|M|EE|19700922|||P|N|NY0001|OFF0033|Jackson Matthew|DR000048|02|3364 PHARMACY ST||7000033|60353|20260527|20260527|00169750111|Ozempic 0.5mg pen|3|N|R|R|4|1|90|90|2160.00|9.19|3300.00|0.00|0.00|80.00|2089.19|0.00|0.00|2720004000|N|AWP|2095.97|01||RX2026060100000093|0|N|1048148||||||AETNA
002026060100000094|1234567|0987654|N|001|AC123456|PPO|RX|PPO001|F|01|I|W000000036|Lewis|Amelia|84509|552931219|W000000036|W000000036|Lewis|Amelia|F|EE|19730919|||P|N|NY0001|OFF0017|Lewis Amelia|DR000128|08|8603 PHARMACY ST||7000017|13238|20260406|20260405|65862001705|Omeprazole 20mg|1|Y|R|R|3|2|30|60|7.50|8.55|11.00|0.00|0.63|15.00|0.42|0.00|0.00|4920001000|N|AWP|7.33|01||RX2026060100000094|0|N|8706973||||||AETNA
002026060100000095|1234567|0987654|N|001|AC123456|PPO|RX|PPO001|F|01|I|W000000340|Taylor|Olivia|30757|601195416|W000000340|W000000340|Taylor|Olivia|F|EE|19730426|||P|N|NY0001|OFF0040|Taylor Olivia|DR000050|09|9139 PHARMACY ST||7000040|92147|20260414|20260414|00002774601|Trulicity 0.75mg|3|N|M|R|1|2|60|90|1500.00|3.34|2100.00|0.00|174.64|60.00|1268.70|0.00|0.00|2720006000|N|AWP|1446.66|01||RX2026060100000095|0|N|8392382||||||AETNA
002026060100000096|1234567|0987654|N|001|AC123456|PPO|RX|PPO001|F|01|I|W000000243|Robinson|Noah|60935||W000000580|W000000580|Robinson|Oliver|M|SP|19790618|||P|N|NY0001|OFF0043|Robinson Oliver|DR000116|50|6307 PHARMACY ST||7000043|39150|20260505|20260504|00169750111|Ozempic 0.5mg pen|3|N|R|M|3|0|60|60|1440.00|9.80|2200.00|0.00|0.00|80.00|1369.80|0.00|0.00|2720004000|N|AWP|1380.32|01||RX2026060100000096|0|N|2263312||||||AETNA
002026060100000097|1234567|0987654|N|001|AC123456|PPO|RX|PPO001|F|01|I|W000000057|Martin|Benjamin|78016|922592166|W000000057|W000000057|Martin|Benjamin|M|EE|19710814|||P|N|NY0001|OFF0052|Martin Benjamin|DR000139|12|8757 PHARMACY ST||7000052|89811|20260420|20260420|00006098154|Januvia 100mg|3|N|R|M|4|0|90|90|855.00|3.68|1260.00|0.00|0.00|120.00|738.68|0.00|0.00|2720003000|N|AWP|813.27|01||RX2026060100000097|0|N|8807252||||||AETNA
002026060100000098|1234567|0987654|N|001|AC123456|PPO|RX|PPO001|F|01|I|W000000300|Jackson|Sofia|18082|520653316|W000000300|W000000300|Jackson|Sofia|F|EE|19920114|||P|N|NY0001|OFF0032|Jackson Sofia|DR000114|08|5958 PHARMACY ST||7000032|21428|20260509|20260509|00378395305|Levothyroxine 50mcg|1|Y|R|R|4|1|30|60|11.00|8.70|16.00|0.00|0.00|10.00|9.70|0.00|0.00|5400001000|N|AWP|10.94|01||RX2026060100000098|0|N|7769769||||||AETNA
002026060100000099|1234567|0987654|N|001|AC123456|PPO|RX|PPO001|F|01|I|W000000204|Harris|Jackson|61256|243781229|W000000204|W000000204|Harris|Jackson|M|EE|19790215|||P|N|NY0001|OFF0037|Harris Jackson|DR000023|09|7836 PHARMACY ST||7000037|68588|20260426|20260424|00169750111|Ozempic 0.5mg pen|3|N|R|R|4|1|90|90|2160.00|7.05|3300.00|0.00|0.00|60.00|2107.05|0.00|0.00|2720004000|N|AWP|2101.65|01||RX2026060100000099|0|N|5259352||||||AETNA
002026060100000100|1234567|0987654|N|001|AC123456|PPO|RX|PPO001|F|01|I|W000000066|Wilson|Nora|33185|271617878|W000000066|W000000066|Wilson|Nora|F|EE|19730616|||P|N|NY0001|OFF0009|Wilson Nora|DR000121|05|8246 PHARMACY ST||7000009|55249|20260412|20260411|51479087501|Jardiance 10mg|3|N|R|R|5|2|90|30|1440.00|4.82|2100.00|0.00|0.00|120.00|1324.82|0.00|0.00|2720005000|N|AWP|1418.73|01||RX2026060100000100|0|Y|3689471||||||AETNA
002026060100000101|1234567|0987654|N|001|AC123456|PPO|RX|PPO001|F|01|I|W000000333|Martinez|Zoey|20507||W000000438|W000000438|Martinez|Benjamin|M|CH|20010503|||P|N|NY0001|OFF0025|Martinez Benjamin|DR000140|38|359 PHARMACY ST||7000025|14293|20260522|20260522|00781107905|Amlodipine 5mg|1|Y|R|R|0|3|60|60|18.00|3.28|27.00|0.00|0.00|10.00|11.28|0.00|0.00|3600002000|N|AWP|17.59|01||RX2026060100000101|0|N|3480010||||||AETNA
002026060100000102|1234567|0987654|N|001|AC123456|PPO|RX|PPO001|F|01|I|W000000301|Jones|Henry|59394||W000000662|W000000662|Jones|Charlotte|F|SP|19670125|||P|N|NY0001|OFF0075|Jones Charlotte|DR000077|07|9914 PHARMACY ST||7000075|52523|20260515|20260515|51479087501|Jardiance 10mg|3|N|R|R|1|0|60|90|960.00|9.70|1400.00|0.00|0.00|100.00|869.70|0.00|0.00|2720005000|N|AWP|921.49|01||RX2026060100000102|0|N|3047403||||||AETNA
002026060100000103|1234567|0987654|N|001|AC123456|PPO|RX|PPO001|F|01|I|W000000318|Davis|Elizabeth|65669||W000000415|W000000415|Davis|Emily|F|CH|20160527|||P|N|NY0001|OFF0077|Davis Emily|DR000038|10|8649 PHARMACY ST||7000077|53918|20260501|20260430|00054418925|Atorvastatin 20mg|2|Y|M|R|0|0|90|90|36.00|4.91|54.00|0.00|0.00|35.00|5.91|0.00|0.00|3900001000|N|AWP|35.10|01||RX2026060100000103|0|N|2817593||||||AETNA
002026060100000104|1234567|0987654|N|001|AC123456|PPO|RX|PPO001|F|01|I|W000000340|Taylor|Olivia|30757|601195416|W000000340|W000000340|Taylor|Olivia|F|EE|19730426|||P|N|NY0001|OFF0027|Taylor Olivia|DR000075|11|8093 PHARMACY ST||7000027|39277|20260407|20260407|51479087501|Jardiance 10mg|3|N|R|R|5|0|60|90|960.00|3.19|1400.00|0.00|0.00|60.00|903.19|0.00|0.00|2720005000|N|AWP|923.75|01||RX2026060100000104|0|Y|6991255||||||AETNA
002026060100000105|1234567|0987654|N|001|AC123456|PPO|RX|PPO001|F|01|I|W000000014|Rodriguez|Zoey|93440|985608295|W000000014|W000000014|Rodriguez|Zoey|F|EE|19800425|||P|N|NY0001|OFF0016|Rodriguez Zoey|DR000121|11|3276 PHARMACY ST||7000016|67376|20260525|20260523|00093310505|Sertraline 50mg|1|Y|M|R|5|0|90|60|31.50|7.82|45.00|0.00|0.61|15.00|23.71|0.00|0.00|5800002000|N|AWP|30.57|01||RX2026060100000105|0|N|7630639||||||AETNA
002026060100000106|1234567|0987654|N|001|AC123456|PPO|RX|PPO001|F|01|I|W000000005|Garcia|Aria|23173||W000000505|W000000505|Garcia|Jacob|M|CH|20171014|||P|N|NY0001|OFF0027|Garcia Jacob|DR000107|04|8433 PHARMACY ST||7000027|39277|20260426|20260424|63304082805|Metoprolol 25mg|1|Y|R|R|1|0|30|90|8.00|8.90|12.00|0.00|0.45|5.00|11.45|0.00|0.00|3700002000|N|AWP|7.65|01||RX2026060100000106|0|N|6231143||||||AETNA
002026060100000107|1234567|0987654|N|001|AC123456|PPO|RX|PPO001|F|01|I|W000000098|Taylor|Alexander|42178|883113461|W000000098|W000000098|Taylor|Alexander|M|EE|19850323|||P|N|NY0001|OFF0077|Taylor Alexander|DR000026|08|204 PHARMACY ST||7000077|53918|20260423|20260423|00071015223|Lisinopril 10mg|1|Y|M|M|2|0|90|90|25.50|8.23|36.00|0.00|0.00|15.00|18.73|0.00|0.00|3600001000|N|AWP|24.51|01||RX2026060100000107|0|N|4471844||||||AETNA
002026060100000108|1234567|0987654|N|001|AC123456|PPO|RX|PPO001|F|01|I|W000000393|Lopez|Olivia|53617|197553498|W000000393|W000000393|Lopez|Olivia|F|EE|19850826|||P|N|NY0001|OFF0007|Lopez Olivia|DR000057|03|1160 PHARMACY ST||7000007|94226|20260408|20260408|00310015615|Humira 40mg/0.4mL|3|N|R|R|5|1|90|90|14400.00|9.30|20400.00|0.00|0.00|120.00|14289.30|0.00|0.00|8000001000|N|AWP|13789.67|01||RX2026060100000108|0|Y|7646279||||||AETNA
002026060100000109|1234567|0987654|N|001|AC123456|PPO|RX|PPO001|F|01|I|W000000141|Lewis|Riley|67296||W000000549|W000000549|Lewis|Riley|F|SP|19801005|||P|N|NY0001|OFF0031|Lewis Riley|DR000054|50|8747 PHARMACY ST||7000031|47671|20260504|20260502|00093310505|Sertraline 50mg|1|Y|R|R|2|0|30|30|10.50|6.65|15.00|0.00|0.35|10.00|6.80|0.00|0.00|5800002000|N|AWP|10.02|01||RX2026060100000109|0|Y|1772939||||||AETNA
002026060100000110|1234567|0987654|N|001|AC123456|PPO|RX|PPO001|F|01|I|W000000382|Thomas|Joseph|52997|940579196|W000000382|W000000382|Thomas|Joseph|M|EE|19720327|||P|N|NY0001|OFF0008|Thomas Joseph|DR000074|04|7682 PHARMACY ST||7000008|21234|20260503|20260501|51479087501|Jardiance 10mg|3|N|R|R|5|3|30|90|480.00|2.68|700.00|0.00|0.00|100.00|382.68|0.00|0.00|2720005000|N|AWP|469.40|01||RX2026060100000110|0|N|7545957||||||AETNA
002026060100000111|1234567|0987654|N|001|AC123456|PPO|RX|PPO001|F|01|I|W000000091|Johnson|Oliver|19550|987588146|W000000091|W000000091|Johnson|Oliver|M|EE|19660225|||P|N|NY0001|OFF0078|Johnson Oliver|DR000091|40|4470 PHARMACY ST||7000078|96216|20260410|20260408|00054418925|Atorvastatin 20mg|2|Y|R|R|5|0|60|30|24.00|7.22|36.00|0.00|3.46|30.00|0.00|0.00|0.00|3900001000|N|AWP|23.09|01||RX2026060100000111|0|Y|4222969||||||AETNA
002026060100000112|1234567|0987654|N|001|AC123456|PPO|RX|PPO001|F|01|I|W000000396|Smith|Samuel|49750|192489032|W000000396|W000000396|Smith|Samuel|M|EE|19791122|||P|N|NY0001|OFF0037|Smith Samuel|DR000019|06|2083 PHARMACY ST||7000037|68588|20260403|20260403|00093310505|Sertraline 50mg|1|Y|R|R|4|0|30|90|10.50|7.58|15.00|0.00|0.00|15.00|3.08|0.00|0.00|5800002000|N|AWP|10.28|01||RX2026060100000112|0|N|9940283||||||AETNA
002026060100000113|1234567|0987654|N|001|AC123456|PPO|RX|PPO001|F|01|I|W000000149|Jones|Michael|95665|734697673|W000000149|W000000149|Jones|Michael|M|EE|19800128|||P|N|NY0001|OFF0058|Jones Michael|DR000064|08|8321 PHARMACY ST||7000058|48426|20260511|20260511|00093721956|Metformin 500mg|1|Y|R|R|5|0|60|90|12.50|8.60|18.00|0.00|0.00|5.00|16.10|0.00|0.00|2720002000|N|AWP|12.22|01||RX2026060100000113|0|Y|5917347||||||AETNA
002026060100000114|1234567|0987654|N|001|AC123456|PPO|RX|PPO001|F|01|I|W000000179|Lewis|Carter|11340|280797492|W000000179|W000000179|Lewis|Carter|M|EE|19681106|||P|N|NY0001|OFF0013|Lewis Carter|DR000041|07|8492 PHARMACY ST||7000013|33170|20260502|20260502|00169750111|Ozempic 0.5mg pen|3|N|R|R|2|2|30|60|720.00|4.43|1100.00|0.00|10.21|100.00|614.22|0.00|0.00|2720004000|N|AWP|694.74|01||RX2026060100000114|0|Y|1975112||||||AETNA
002026060100000115|1234567|0987654|N|001|AC123456|PPO|RX|PPO001|F|01|I|W000000196|Moore|Aria|12198|637373722|W000000196|W000000196|Moore|Aria|F|EE|19821002|||P|N|NY0001|OFF0079|Moore Aria|DR000144|12|245 PHARMACY ST||7000079|29062|20260408|20260408|00093310505|Sertraline 50mg|1|Y|R|M|2|1|60|60|21.00|3.81|30.00|0.00|2.19|15.00|7.62|0.00|0.00|5800002000|N|AWP|20.12|01||RX2026060100000115|0|Y|6192820||||||AETNA
002026060100000116|1234567|0987654|N|001|AC123456|PPO|RX|PPO001|F|01|I|W000000247|Harris|Ethan|98493|248173339|W000000247|W000000247|Harris|Ethan|M|EE|19850615|||P|N|NY0001|OFF0054|Harris Ethan|DR000067|09|8353 PHARMACY ST||7000054|64618|20260423|20260421|51479087501|Jardiance 10mg|3|N|R|R|4|0|60|90|960.00|5.82|1400.00|0.00|93.84|100.00|771.98|0.00|0.00|2720005000|N|AWP|946.59|01||RX2026060100000116|0|N|8339515||||||AETNA
002026060100000117|1234567|0987654|N|001|AC123456|PPO|RX|PPO001|F|01|I|W000000218|Lopez|Charlotte|97904|192403324|W000000218|W000000218|Lopez|Charlotte|F|EE|19840610|||P|N|NY0001|OFF0044|Lopez Charlotte|DR000095|40|9217 PHARMACY ST||7000044|83871|20260523|20260522|00006098154|Januvia 100mg|3|N|R|R|3|2|60|60|570.00|9.64|840.00|0.00|0.00|60.00|519.64|0.00|0.00|2720003000|N|AWP|541.55|01||RX2026060100000117|0|N|5293223||||||AETNA
002026060100000118|1234567|0987654|N|001|AC123456|PPO|RX|PPO001|F|01|I|W000000121|Johnson|Isabella|32590|616336679|W000000121|W000000121|Johnson|Isabella|F|EE|19781123|||P|N|NY0001|OFF0063|Johnson Isabella|DR000038|09|2443 PHARMACY ST||7000063|98594|20260413|20260411|00310015615|Humira 40mg/0.4mL|3|N|R|R|5|0|60|90|9600.00|5.40|13600.00|0.00|493.62|80.00|9031.78|0.00|0.00|8000001000|N|AWP|9506.96|01||RX2026060100000118|0|N|3397855||||||AETNA
002026060100000119|1234567|0987654|N|001|AC123456|PPO|RX|PPO001|F|01|I|W000000046|Jackson|Victoria|45520|561251751|W000000046|W000000046|Jackson|Victoria|F|EE|19780624|||P|N|NY0001|OFF0056|Jackson Victoria|DR000095|12|8954 PHARMACY ST||7000056|15004|20260425|20260424|00310015615|Humira 40mg/0.4mL|3|N|R|M|4|0|90|90|14400.00|3.12|20400.00|0.00|0.00|60.00|14343.12|0.00|0.00|8000001000|N|AWP|14261.80|01||RX2026060100000119|0|Y|5739152||||||AETNA
002026060100000120|1234567|0987654|N|001|AC123456|PPO|RX|PPO001|F|01|I|W000000331|Jackson|Benjamin|72284||W000000529|W000000529|Jackson|Mia|F|SP|19970105|||P|N|NY0001|OFF0042|Jackson Mia|DR000054|05|1334 PHARMACY ST||7000042|95772|20260529|20260527|00310015620|Eliquis 5mg|2|N|R|R|5|1|90|60|870.00|6.55|1260.00|0.00|63.40|30.00|783.15|0.00|0.00|3300001000|N|AWP|852.01|01||RX2026060100000120|0|Y|4201759||||||AETNA
002026060100000121|1234567|0987654|N|001|AC123456|PPO|RX|PPO001|F|01|I|W000000164|Miller|Scarlett|50735|541673251|W000000164|W000000164|Miller|Scarlett|F|EE|19710715|||P|N|NY0001|OFF0055|Miller Scarlett|DR000067|06|3111 PHARMACY ST||7000055|87194|20260518|20260518|00093721956|Metformin 500mg|1|Y|R|R|3|0|30|60|6.25|7.18|9.00|0.00|0.20|5.00|8.23|0.00|0.00|2720002000|N|AWP|5.95|01||RX2026060100000121|0|Y|6418193||||||AETNA
002026060100000122|1234567|0987654|N|001|AC123456|PPO|RX|PPO001|F|01|I|W000000339|Brown|Liam|28890|840773135|W000000339|W000000339|Brown|Liam|M|EE|19610824|||P|N|NY0001|OFF0033|Brown Liam|DR000057|50|7007 PHARMACY ST||7000033|60353|20260506|20260504|51479087501|Jardiance 10mg|3|N|R|R|1|0|60|30|960.00|7.92|1400.00|0.00|0.00|80.00|887.92|0.00|0.00|2720005000|N|AWP|929.33|01||RX2026060100000122|0|N|2680723||||||AETNA
002026060100000123|1234567|0987654|N|001|AC123456|PPO|RX|PPO001|F|01|I|W000000241|Lopez|Oliver|30608|553717419|W000000241|W000000241|Lopez|Oliver|M|EE|19650707|||P|N|NY0001|OFF0078|Lopez Oliver|DR000077|40|8835 PHARMACY ST||7000078|96216|20260502|20260430|00054418925|Atorvastatin 20mg|2|Y|R|R|3|1|60|30|24.00|8.45|36.00|0.00|0.00|35.00|0.00|0.00|0.00|3900001000|N|AWP|23.32|01||RX2026060100000123|0|N|8762091||||||AETNA
002026060100000124|1234567|0987654|N|001|AC123456|PPO|RX|PPO001|F|01|I|W000000349|Rodriguez|Sofia|92475|893775453|W000000349|W000000349|Rodriguez|Sofia|F|EE|19920806|||P|N|NY0001|OFF0023|Rodriguez Sofia|DR000149|03|2988 PHARMACY ST||7000023|62109|20260508|20260507|00002774601|Trulicity 0.75mg|3|N|R|R|2|1|90|30|2250.00|4.66|3150.00|0.00|0.00|80.00|2174.66|0.00|0.00|2720006000|N|AWP|2173.28|01||RX2026060100000124|0|N|3753898||||||AETNA
002026060100000125|1234567|0987654|N|001|AC123456|PPO|RX|PPO001|F|01|I|W000000366|Davis|Lucas|46944|972511995|W000000366|W000000366|Davis|Lucas|M|EE|19910918|||P|N|NY0001|OFF0051|Davis Lucas|DR000110|05|2700 PHARMACY ST||7000051|49405|20260521|20260520|00006098154|Januvia 100mg|3|N|M|R|2|0|30|60|285.00|7.14|420.00|0.00|0.00|60.00|232.14|0.00|0.00|2720003000|N|AWP|281.57|01||RX2026060100000125|0|Y|1464000||||||AETNA
002026060100000126|1234567|0987654|N|001|AC123456|PPO|RX|PPO001|F|01|I|W000000250|Garcia|Ava|20398|237431019|W000000250|W000000250|Garcia|Ava|F|EE|19620526|||P|N|NY0001|OFF0066|Garcia Ava|DR000028|12|8990 PHARMACY ST||7000066|71210|20260510|20260509|00006098154|Januvia 100mg|3|N|R|M|0|1|90|90|855.00|4.34|1260.00|0.00|50.32|60.00|749.02|0.00|0.00|2720003000|N|AWP|824.44|01||RX2026060100000126|0|N|1633442||||||AETNA
002026060100000127|1234567|0987654|N|001|AC123456|PPO|RX|PPO001|F|01|I|W000000319|Robinson|Grace|14301||W000000434|W000000434|Robinson|Chloe|F|CH|20070711|||P|N|NY0001|OFF0006|Robinson Chloe|DR000113|38|8116 PHARMACY ST||7000006|47670|20260428|20260426|00781107905|Amlodipine 5mg|1|Y|R|R|1|0|30|30|9.00|9.43|13.50|0.00|0.00|15.00|3.43|0.00|0.00|3600002000|N|AWP|8.81|01||RX2026060100000127|0|Y|3111582||||||AETNA
002026060100000128|1234567|0987654|N|001|AC123456|PPO|RX|PPO001|F|01|I|W000000211|Williams|Mason|19522||W000000676|W000000676|Williams|Matthew|M|CH|20070326|||P|N|NY0001|OFF0068|Williams Matthew|DR000036|10|7938 PHARMACY ST||7000068|29538|20260508|20260508|00247100552|Albuterol HFA Inhaler|2|N|R|R|4|0|30|90|35.00|7.91|55.00|0.00|0.00|40.00|2.91|0.00|0.00|4400001000|N|AWP|34.49|01||RX2026060100000128|0|Y|8699805||||||AETNA
002026060100000129|1234567|0987654|N|001|AC123456|PPO|RX|PPO001|F|01|I|W000000355|Smith|Mason|70328|871756488|W000000355|W000000355|Smith|Mason|M|EE|19770928|||P|N|NY0001|OFF0050|Smith Mason|DR000107|04|3215 PHARMACY ST||7000050|86264|20260530|20260529|00169750111|Ozempic 0.5mg pen|3|N|R|R|0|3|60|60|1440.00|8.57|2200.00|0.00|156.77|120.00|1171.80|0.00|0.00|2720004000|N|AWP|1428.34|01||RX2026060100000129|0|N|2245619||||||AETNA
002026060100000130|1234567|0987654|N|001|AC123456|PPO|RX|PPO001|F|01|I|W000000028|Brown|Oliver|41574||W000000664|W000000664|Brown|Daniel|M|CH|20120818|||P|N|NY0001|OFF0006|Brown Daniel|DR000150|07|2538 PHARMACY ST||7000006|47670|20260505|20260505|00002774601|Trulicity 0.75mg|3|N|R|R|5|1|90|90|2250.00|3.42|3150.00|0.00|0.00|120.00|2133.42|0.00|0.00|2720006000|N|AWP|2183.11|01||RX2026060100000130|0|N|5570926||||||AETNA
002026060100000131|1234567|0987654|N|001|AC123456|PPO|RX|PPO001|F|01|I|W000000189|Harris|Zoey|86546||W000000657|W000000657|Harris|Noah|M|CH|20060813|||P|N|NY0001|OFF0067|Harris Noah|DR000121|09|1923 PHARMACY ST||7000067|22943|20260522|20260520|00781107905|Amlodipine 5mg|1|Y|R|M|4|1|30|60|9.00|4.67|13.50|0.00|0.00|10.00|3.67|0.00|0.00|3600002000|N|AWP|8.94|01||RX2026060100000131|0|N|4435019||||||AETNA
002026060100000132|1234567|0987654|N|001|AC123456|PPO|RX|PPO001|F|01|I|W000000307|Miller|Alexander|66551|381652441|W000000307|W000000307|Miller|Alexander|M|EE|19830609|||P|N|NY0001|OFF0024|Miller Alexander|DR000059|07|1225 PHARMACY ST||7000024|38790|20260429|20260429|00054418925|Atorvastatin 20mg|2|Y|R|R|0|1|30|90|12.00|6.10|18.00|0.00|0.00|35.00|0.00|0.00|0.00|3900001000|N|AWP|11.86|01||RX2026060100000132|0|N|1199762||||||AETNA
002026060100000133|1234567|0987654|N|001|AC123456|PPO|RX|PPO001|F|01|I|W000000138|Thompson|Lucas|21496||W000000511|W000000511|Thompson|Carter|M|SP|19800515|||P|N|NY0001|OFF0051|Thompson Carter|DR000023|50|9234 PHARMACY ST||7000051|49405|20260509|20260509|00169750111|Ozempic 0.5mg pen|3|N|R|R|5|0|60|60|1440.00|7.66|2200.00|0.00|0.00|100.00|1347.66|0.00|0.00|2720004000|N|AWP|1376.05|01||RX2026060100000133|0|N|7326064||||||AETNA
002026060100000134|1234567|0987654|N|001|AC123456|PPO|RX|PPO001|F|01|I|W000000046|Jackson|Victoria|45520|561251751|W000000046|W000000046|Jackson|Victoria|F|EE|19780624|||P|N|NY0001|OFF0036|Jackson Victoria|DR000146|09|4114 PHARMACY ST||7000036|11799|20260407|20260406|00054418925|Atorvastatin 20mg|2|Y|R|R|3|1|90|30|36.00|8.38|54.00|0.00|0.00|30.00|14.38|0.00|0.00|3900001000|N|AWP|34.24|01||RX2026060100000134|0|N|1872081||||||AETNA
002026060100000135|1234567|0987654|N|001|AC123456|PPO|RX|PPO001|F|01|I|W000000377|Miller|Chloe|30596||W000000475|W000000475|Miller|Ava|F|SP|19850619|||P|N|NY0001|OFF0076|Miller Ava|DR000008|06|9379 PHARMACY ST||7000076|38218|20260513|20260511|65862001705|Omeprazole 20mg|1|Y|R|M|5|2|30|60|7.50|5.57|11.00|0.00|0.00|15.00|0.00|0.00|0.00|4920001000|N|AWP|7.45|01||RX2026060100000135|0|Y|3518555||||||AETNA
002026060100000136|1234567|0987654|N|001|AC123456|PPO|RX|PPO001|F|01|I|W000000189|Harris|Zoey|86546||W000000657|W000000657|Harris|Noah|M|CH|20060813|||P|N|NY0001|OFF0071|Harris Noah|DR000124|50|8749 PHARMACY ST||7000071|87585|20260412|20260411|00378395305|Levothyroxine 50mcg|1|Y|R|R|2|3|60|60|22.00|6.73|32.00|0.00|2.36|10.00|16.37|0.00|0.00|5400001000|N|AWP|21.55|01||RX2026060100000136|0|N|1441994||||||AETNA
002026060100000137|1234567|0987654|N|001|AC123456|PPO|RX|PPO001|F|01|I|W000000321|Young|Ethan|73723|981162930|W000000321|W000000321|Young|Ethan|M|EE|19771201|||P|N|NY0001|OFF0066|Young Ethan|DR000129|02|8552 PHARMACY ST||7000066|71210|20260524|20260522|00310015620|Eliquis 5mg|2|N|R|R|4|0|60|30|580.00|9.80|840.00|0.00|86.83|40.00|462.97|0.00|0.00|3300001000|N|AWP|576.20|01||RX2026060100000137|0|Y|2751746||||||AETNA
002026060100000138|1234567|0987654|N|001|AC123456|PPO|RX|PPO001|F|01|I|W000000144|Jackson|Emily|38734||W000000487|W000000487|Jackson|Ava|F|CH|20020113|||P|N|NY0001|OFF0060|Jackson Ava|DR000083|04|7595 PHARMACY ST||7000060|21000|20260428|20260428|00093721956|Metformin 500mg|1|Y|R|M|0|2|60|60|12.50|2.09|18.00|0.00|1.72|10.00|2.87|0.00|0.00|2720002000|N|AWP|12.12|01||RX2026060100000138|0|N|7894876||||||AETNA
002026060100000139|1234567|0987654|N|001|AC123456|PPO|RX|PPO001|F|01|I|W000000083|Miller|Benjamin|19174|322281932|W000000083|W000000083|Miller|Benjamin|M|EE|19810306|||P|N|NY0001|OFF0048|Miller Benjamin|DR000061|11|485 PHARMACY ST||7000048|84514|20260511|20260510|63304082805|Metoprolol 25mg|1|Y|M|R|3|1|90|90|24.00|6.71|36.00|0.00|0.00|10.00|20.71|0.00|0.00|3700002000|N|AWP|23.42|01||RX2026060100000139|0|N|8146879||||||AETNA
002026060100000140|1234567|0987654|N|001|AC123456|PPO|RX|PPO001|F|01|I|W000000279|Thompson|Henry|53426|822575411|W000000279|W000000279|Thompson|Henry|M|EE|19670717|||P|N|NY0001|OFF0005|Thompson Henry|DR000125|50|244 PHARMACY ST||7000005|40491|20260416|20260416|00247100552|Albuterol HFA Inhaler|2|N|M|R|5|0|60|30|70.00|7.71|110.00|0.00|0.00|30.00|47.71|0.00|0.00|4400001000|N|AWP|69.24|01||RX2026060100000140|0|Y|3212564||||||AETNA
002026060100000141|1234567|0987654|N|001|AC123456|PPO|RX|PPO001|F|01|I|W000000071|Hernandez|Avery|12024|329116799|W000000071|W000000071|Hernandez|Avery|F|EE|19680319|||P|N|NY0001|OFF0066|Hernandez Avery|DR000006|02|8136 PHARMACY ST||7000066|71210|20260525|20260523|00002774601|Trulicity 0.75mg|3|N|R|M|1|1|60|90|1500.00|4.18|2100.00|0.00|12.88|120.00|1371.30|0.00|0.00|2720006000|N|AWP|1481.56|01||RX2026060100000141|0|Y|2087835||||||AETNA
002026060100000142|1234567|0987654|N|001|AC123456|PPO|RX|PPO001|F|01|I|W000000017|Thomas|Riley|48736||W000000625|W000000625|Thomas|Zoey|F|CH|20030517|||P|N|NY0001|OFF0050|Thomas Zoey|DR000111|03|2829 PHARMACY ST||7000050|86264|20260510|20260509|00054418925|Atorvastatin 20mg|2|Y|R|R|3|0|30|30|12.00|5.12|18.00|0.00|0.00|40.00|0.00|0.00|0.00|3900001000|N|AWP|11.52|01||RX2026060100000142|0|N|5115237||||||AETNA
002026060100000143|1234567|0987654|N|001|AC123456|PPO|RX|PPO001|F|01|I|W000000385|Brown|Aiden|89244|882236871|W000000385|W000000385|Brown|Aiden|M|EE|19760222|||P|N|NY0001|OFF0064|Brown Aiden|DR000058|05|7012 PHARMACY ST||7000064|31031|20260506|20260506|00071015223|Lisinopril 10mg|1|Y|R|R|3|0|90|60|25.50|4.92|36.00|0.00|0.00|10.00|20.42|0.00|0.00|3600001000|N|AWP|25.45|01||RX2026060100000143|0|N|6477054||||||AETNA
002026060100000144|1234567|0987654|N|001|AC123456|PPO|RX|PPO001|F|01|I|W000000032|Harris|Sebastian|23508|680732359|W000000032|W000000032|Harris|Sebastian|M|EE|19880405|||P|N|NY0001|OFF0001|Harris Sebastian|DR000086|09|4730 PHARMACY ST||7000001|76468|20260528|20260527|51479087501|Jardiance 10mg|3|N|R|R|3|3|90|60|1440.00|2.23|2100.00|0.00|0.00|60.00|1382.23|0.00|0.00|2720005000|N|AWP|1418.27|01||RX2026060100000144|0|Y|5698645||||||AETNA
002026060100000145|1234567|0987654|N|001|AC123456|PPO|RX|PPO001|F|01|I|W000000363|Robinson|Ethan|46876|555681545|W000000363|W000000363|Robinson|Ethan|M|EE|19670104|||P|N|NY0001|OFF0059|Robinson Ethan|DR000120|08|4497 PHARMACY ST||7000059|89642|20260429|20260429|00071015223|Lisinopril 10mg|1|Y|M|R|1|0|90|30|25.50|5.89|36.00|0.00|0.00|15.00|16.39|0.00|0.00|3600001000|N|AWP|25.08|01||RX2026060100000145|0|N|4249597||||||AETNA
002026060100000146|1234567|0987654|N|001|AC123456|PPO|RX|PPO001|F|01|I|W000000217|Martinez|Aria|38892|663349949|W000000217|W000000217|Martinez|Aria|F|EE|19930909|||P|N|NY0001|OFF0041|Martinez Aria|DR000058|38|4634 PHARMACY ST||7000041|24910|20260524|20260524|00093721956|Metformin 500mg|1|Y|R|R|4|0|30|30|6.25|3.62|9.00|0.00|0.00|5.00|4.87|0.00|0.00|2720002000|N|AWP|6.09|01||RX2026060100000146|0|Y|8245698||||||AETNA
002026060100000147|1234567|0987654|N|001|AC123456|PPO|RX|PPO001|F|01|I|W000000004|Lee|Zoey|23341|427284552|W000000004|W000000004|Lee|Zoey|F|EE|19730727|||P|N|NY0001|OFF0028|Lee Zoey|DR000135|07|9709 PHARMACY ST||7000028|70009|20260408|20260406|00169750111|Ozempic 0.5mg pen|3|N|M|R|0|2|30|30|720.00|4.55|1100.00|0.00|73.65|80.00|570.90|0.00|0.00|2720004000|N|AWP|703.54|01||RX2026060100000147|0|Y|8105557||||||AETNA
002026060100000148|1234567|0987654|N|001|AC123456|PPO|RX|PPO001|F|01|I|W000000354|Taylor|Evelyn|57931|323805672|W000000354|W000000354|Taylor|Evelyn|F|EE|19790527|||P|N|NY0001|OFF0059|Taylor Evelyn|DR000136|08|1436 PHARMACY ST||7000059|89642|20260530|20260530|65862001705|Omeprazole 20mg|1|Y|R|R|3|0|90|60|22.50|5.45|33.00|0.00|0.00|15.00|12.95|0.00|0.00|4920001000|N|AWP|22.12|01||RX2026060100000148|0|Y|7383264||||||AETNA
002026060100000149|1234567|0987654|N|001|AC123456|PPO|RX|PPO001|F|01|I|W000000253|Robinson|Elijah|21540||W000000483|W000000483|Robinson|Liam|M|CH|20030511|||D|N|NY0001|OFF0069|Robinson Liam|DR000039|38|6723 PHARMACY ST||7000069|63078|20260513|20260513|65862001705|Omeprazole 20mg|1|Y|R|R|2|0|60|60|15.00|9.39|22.00|0.00|0.12|15.00|0.00|0.00|0.00|4920001000|N|AWP|14.71|01||RX2026060100000149|0|N|5208755||||||AETNA
002026060100000150|1234567|0987654|N|001|AC123456|PPO|RX|PPO001|F|01|I|W000000182|Williams|Sebastian|78402||W000000410|W000000410|Williams|Elizabeth|F|CH|20010927|||P|N|NY0001|OFF0050|Williams Elizabeth|DR000136|09|4859 PHARMACY ST||7000050|86264|20260408|20260408|00054418925|Atorvastatin 20mg|2|Y|R|R|1|3|90|90|36.00|7.78|54.00|0.00|4.04|30.00|9.74|0.00|0.00|3900001000|N|AWP|35.86|01||RX2026060100000150|0|Y|7666054||||||AETNA
002026060100000151|1234567|0987654|N|001|AC123456|PPO|RX|PPO001|F|01|I|W000000043|Ramirez|David|79657|814387658|W000000043|W000000043|Ramirez|David|M|EE|19770227|||P|N|NY0001|OFF0075|Ramirez David|DR000036|01|4624 PHARMACY ST||7000075|52523|20260503|20260502|00169750111|Ozempic 0.5mg pen|3|N|M|R|0|0|60|30|1440.00|4.48|2200.00|0.00|0.00|60.00|1384.48|0.00|0.00|2720004000|N|AWP|1439.61|01||RX2026060100000151|0|N|2640846||||||AETNA
002026060100000152|1234567|0987654|N|001|AC123456|PPO|RX|PPO001|F|01|I|W000000186|Sanchez|Riley|23308|913837791|W000000186|W000000186|Sanchez|Riley|F|EE|19780720|||P|N|NY0001|OFF0078|Sanchez Riley|DR000081|10|5853 PHARMACY ST||7000078|96216|20260601|20260530|00310015615|Humira 40mg/0.4mL|3|N|M|R|1|1|30|30|4800.00|3.92|6800.00|0.00|0.00|60.00|4743.92|0.00|0.00|8000001000|N|AWP|4743.01|01||RX2026060100000152|0|Y|9900900||||||AETNA
002026060100000153|1234567|0987654|N|001|AC123456|PPO|RX|PPO001|F|01|I|W000000222|Williams|Ava|77617|333968608|W000000222|W000000222|Williams|Ava|F|EE|19710715|||P|N|NY0001|OFF0025|Williams Ava|DR000148|05|5189 PHARMACY ST||7000025|14293|20260510|20260508|00169750111|Ozempic 0.5mg pen|3|N|R|R|5|0|60|90|1440.00|4.72|2200.00|0.00|0.00|60.00|1384.72|0.00|0.00|2720004000|N|AWP|1423.33|01||RX2026060100000153|0|N|6060128||||||AETNA
002026060100000154|1234567|0987654|N|001|AC123456|PPO|RX|PPO001|F|01|I|W000000040|Anderson|Ella|96706|326619335|W000000040|W000000040|Anderson|Ella|F|EE|19940310|||P|N|NY0001|OFF0013|Anderson Ella|DR000103|03|3197 PHARMACY ST||7000013|33170|20260507|20260506|00378395305|Levothyroxine 50mcg|1|Y|R|M|1|1|30|30|11.00|3.66|16.00|0.00|1.27|5.00|8.39|0.00|0.00|5400001000|N|AWP|10.55|01||RX2026060100000154|0|Y|9247640||||||AETNA
002026060100000155|1234567|0987654|N|001|AC123456|PPO|RX|PPO001|F|01|I|W000000299|Martin|Noah|22441||W000000558|W000000558|Martin|Aria|F|CH|20090907|||P|N|NY0001|OFF0044|Martin Aria|DR000055|05|4082 PHARMACY ST||7000044|83871|20260502|20260502|00378395305|Levothyroxine 50mcg|1|Y|R|R|3|2|30|90|11.00|5.92|16.00|0.00|0.00|5.00|11.92|0.00|0.00|5400001000|N|AWP|10.79|01||RX2026060100000155|0|N|2484532||||||AETNA
002026060100000156|1234567|0987654|N|001|AC123456|PPO|RX|PPO001|F|01|I|W000000019|Thomas|Sophia|49366|571125322|W000000019|W000000019|Thomas|Sophia|F|EE|19660817|||P|N|NY0001|OFF0059|Thomas Sophia|DR000122|40|8781 PHARMACY ST||7000059|89642|20260503|20260503|00002774601|Trulicity 0.75mg|3|N|R|R|4|2|30|30|750.00|8.59|1050.00|0.00|0.00|120.00|638.59|0.00|0.00|2720006000|N|AWP|714.89|01||RX2026060100000156|0|Y|2738050||||||AETNA
002026060100000157|1234567|0987654|N|001|AC123456|PPO|RX|PPO001|F|01|I|W000000060|Davis|Sophia|80545||W000000640|W000000640|Davis|Jacob|M|CH|20140325|||P|N|NY0001|OFF0015|Davis Jacob|DR000121|40|6219 PHARMACY ST||7000015|94484|20260519|20260519|51479087501|Jardiance 10mg|3|N|M|M|2|0|60|90|960.00|3.38|1400.00|0.00|0.00|80.00|883.38|0.00|0.00|2720005000|N|AWP|918.01|01||RX2026060100000157|0|Y|8583000||||||AETNA
002026060100000158|1234567|0987654|N|001|AC123456|PPO|RX|PPO001|F|01|I|W000000031|Martinez|Mia|76609|406311504|W000000031|W000000031|Martinez|Mia|F|EE|19720520|||D|N|NY0001|OFF0004|Martinez Mia|DR000063|05|4021 PHARMACY ST||7000004|88450|20260407|20260407|00378395305|Levothyroxine 50mcg|1|Y|R|R|3|0|30|30|11.00|8.98|16.00|0.00|0.00|10.00|0.00|0.00|0.00|5400001000|N|AWP|10.65|01||RX2026060100000158|0|N|6586737||||||AETNA
002026060100000159|1234567|0987654|N|001|AC123456|PPO|RX|PPO001|F|01|I|W000000347|White|Benjamin|32276||W000000459|W000000459|White|Ella|F|CH|20170206|||P|N|NY0001|OFF0027|White Ella|DR000037|06|3622 PHARMACY ST||7000027|39277|20260507|20260507|00781107905|Amlodipine 5mg|1|Y|M|M|1|0|60|90|18.00|7.75|27.00|0.00|1.45|5.00|19.30|0.00|0.00|3600002000|N|AWP|17.80|01||RX2026060100000159|0|N|2216907||||||AETNA
002026060100000160|1234567|0987654|N|001|AC123456|PPO|RX|PPO001|F|01|I|W000000259|Lopez|Ella|14247||W000000557|W000000557|Lopez|Emma|F|SP|19870426|||P|N|NY0001|OFF0053|Lopez Emma|DR000117|03|3914 PHARMACY ST||7000053|81107|20260503|20260503|63304082805|Metoprolol 25mg|1|Y|R|R|2|0|90|90|24.00|5.82|36.00|0.00|0.00|5.00|24.82|0.00|0.00|3700002000|N|AWP|23.50|01||RX2026060100000160|0|N|9753911||||||AETNA
002026060100000161|1234567|0987654|N|001|AC123456|PPO|RX|PPO001|F|01|I|W000000396|Smith|Samuel|49750|192489032|W000000396|W000000396|Smith|Samuel|M|EE|19791122|||P|N|NY0001|OFF0013|Smith Samuel|DR000015|08|5707 PHARMACY ST||7000013|33170|20260518|20260518|00310015615|Humira 40mg/0.4mL|3|N|M|R|0|0|90|90|14400.00|5.57|20400.00|0.00|0.00|80.00|14325.57|0.00|0.00|8000001000|N|AWP|14050.62|01||RX2026060100000161|0|Y|8846954||||||AETNA
002026060100000162|1234567|0987654|N|001|AC123456|PPO|RX|PPO001|F|01|I|W000000182|Williams|Sebastian|78402||W000000410|W000000410|Williams|Elizabeth|F|CH|20010927|||P|N|NY0001|OFF0032|Williams Elizabeth|DR000008|50|4871 PHARMACY ST||7000032|21428|20260414|20260412|00310015620|Eliquis 5mg|2|N|R|R|4|0|90|30|870.00|8.96|1260.00|0.00|0.00|40.00|838.96|0.00|0.00|3300001000|N|AWP|868.62|01||RX2026060100000162|0|Y|5238980||||||AETNA
002026060100000163|1234567|0987654|N|001|AC123456|PPO|RX|PPO001|F|01|I|W000000043|Ramirez|David|79657|814387658|W000000043|W000000043|Ramirez|David|M|EE|19770227|||P|N|NY0001|OFF0002|Ramirez David|DR000133|07|105 PHARMACY ST||7000002|17776|20260410|20260409|63304082805|Metoprolol 25mg|1|Y|R|R|1|2|90|90|24.00|2.85|36.00|0.00|0.00|15.00|11.85|0.00|0.00|3700002000|N|AWP|23.52|01||RX2026060100000163|0|N|7492587||||||AETNA
002026060100000164|1234567|0987654|N|001|AC123456|PPO|RX|PPO001|F|01|I|W000000318|Davis|Elizabeth|65669||W000000492|W000000492|Davis|Scarlett|F|CH|20120516|||P|N|NY0001|OFF0066|Davis Scarlett|DR000053|04|8645 PHARMACY ST||7000066|71210|20260407|20260406|00006098154|Januvia 100mg|3|N|R|R|3|2|60|60|570.00|7.59|840.00|0.00|54.55|60.00|463.04|0.00|0.00|2720003000|N|AWP|563.73|01||RX2026060100000164|0|N|2457882||||||AETNA
002026060100000165|1234567|0987654|N|001|AC123456|PPO|RX|PPO001|F|01|I|W000000095|Brown|Nora|50299||W000000446|W000000446|Brown|Riley|F|CH|20190611|||P|N|NY0001|OFF0070|Brown Riley|DR000110|12|145 PHARMACY ST||7000070|89690|20260512|20260512|00093721956|Metformin 500mg|1|Y|R|M|2|1|30|90|6.25|6.85|9.00|0.00|0.54|10.00|2.56|0.00|0.00|2720002000|N|AWP|6.12|01||RX2026060100000165|0|N|7834681||||||AETNA
002026060100000166|1234567|0987654|N|001|AC123456|PPO|RX|PPO001|F|01|I|W000000299|Martin|Noah|22441|961615927|W000000299|W000000299|Martin|Noah|M|EE|19701104|||P|N|NY0001|OFF0007|Martin Noah|DR000008|50|5633 PHARMACY ST||7000007|94226|20260406|20260405|00093721956|Metformin 500mg|1|Y|R|R|1|3|60|90|12.50|5.83|18.00|0.00|0.00|10.00|8.33|0.00|0.00|2720002000|N|AWP|12.19|01||RX2026060100000166|0|Y|2456632||||||AETNA
002026060100000167|1234567|0987654|N|001|AC123456|PPO|RX|PPO001|F|01|I|W000000386|Wilson|Victoria|97819|660561252|W000000386|W000000386|Wilson|Victoria|F|EE|19720804|||P|N|NY0001|OFF0041|Wilson Victoria|DR000025|50|594 PHARMACY ST||7000041|24910|20260503|20260503|63304082805|Metoprolol 25mg|1|Y|R|R|4|3|60|60|16.00|3.32|24.00|0.00|2.16|10.00|7.16|0.00|0.00|3700002000|N|AWP|15.84|01||RX2026060100000167|0|N|1953036||||||AETNA
002026060100000168|1234567|0987654|N|001|AC123456|PPO|RX|PPO001|F|01|I|W000000061|Johnson|Aiden|15399|288289895|W000000061|W000000061|Johnson|Aiden|M|EE|19881221|||P|N|NY0001|OFF0061|Johnson Aiden|DR000003|09|2356 PHARMACY ST||7000061|66370|20260416|20260416|00006098154|Januvia 100mg|3|N|R|M|2|3|90|90|855.00|3.16|1260.00|0.00|16.56|60.00|781.60|0.00|0.00|2720003000|N|AWP|818.77|01||RX2026060100000168|0|Y|6691978||||||AETNA
002026060100000169|1234567|0987654|N|001|AC123456|PPO|RX|PPO001|F|01|I|W000000205|Taylor|William|98641|159246667|W000000205|W000000205|Taylor|William|M|EE|19660217|||P|N|NY0001|OFF0065|Taylor William|DR000128|50|7445 PHARMACY ST||7000065|52528|20260420|20260420|65862001705|Omeprazole 20mg|1|Y|M|R|0|0|90|60|22.50|3.20|33.00|0.00|0.00|15.00|10.70|0.00|0.00|4920001000|N|AWP|21.92|01||RX2026060100000169|0|N|2210752||||||AETNA
002026060100000170|1234567|0987654|N|001|AC123456|PPO|RX|PPO001|F|01|I|W000000283|Lewis|Harper|98004||W000000604|W000000604|Lewis|Riley|F|SP|19781102|||P|N|NY0001|OFF0030|Lewis Riley|DR000148|06|7945 PHARMACY ST||7000030|87853|20260512|20260511|00006098154|Januvia 100mg|3|N|R|M|3|3|60|60|570.00|2.71|840.00|0.00|0.00|120.00|452.71|0.00|0.00|2720003000|N|AWP|558.27|01||RX2026060100000170|0|N|8450055||||||AETNA
002026060100000171|1234567|0987654|N|001|AC123456|PPO|RX|PPO001|F|01|I|W000000109|Taylor|Charlotte|91814|685647475|W000000109|W000000109|Taylor|Charlotte|F|EE|19770318|||P|N|NY0001|OFF0049|Taylor Charlotte|DR000077|01|923 PHARMACY ST||7000049|46697|20260415|20260415|51479087501|Jardiance 10mg|3|N|M|M|1|2|30|30|480.00|5.92|700.00|0.00|0.00|80.00|405.92|0.00|0.00|2720005000|N|AWP|463.90|01||RX2026060100000171|0|Y|1009380||||||AETNA
002026060100000172|1234567|0987654|N|001|AC123456|PPO|RX|PPO001|F|01|I|W000000311|Smith|Mia|52038|326289996|W000000311|W000000311|Smith|Mia|F|EE|19710203|||P|N|NY0001|OFF0024|Smith Mia|DR000084|06|1839 PHARMACY ST||7000024|38790|20260523|20260522|65862001705|Omeprazole 20mg|1|Y|R|M|1|0|60|90|15.00|5.10|22.00|0.00|1.71|10.00|8.39|0.00|0.00|4920001000|N|AWP|14.52|01||RX2026060100000172|0|N|9443750||||||AETNA
002026060100000173|1234567|0987654|N|001|AC123456|PPO|RX|PPO001|F|01|I|W000000341|Young|Abigail|78067|274944642|W000000341|W000000341|Young|Abigail|F|EE|19690523|||P|N|NY0001|OFF0054|Young Abigail|DR000080|10|1793 PHARMACY ST||7000054|64618|20260429|20260429|65862001705|Omeprazole 20mg|1|Y|R|R|2|1|30|90|7.50|6.79|11.00|0.00|0.00|10.00|4.29|0.00|0.00|4920001000|N|AWP|7.13|01||RX2026060100000173|0|N|3174281||||||AETNA
002026060100000174|1234567|0987654|N|001|AC123456|PPO|RX|PPO001|F|01|I|W000000186|Sanchez|Riley|23308||W000000637|W000000637|Sanchez|Chloe|F|CH|20040113|||P|N|NY0001|OFF0059|Sanchez Chloe|DR000135|04|8112 PHARMACY ST||7000059|89642|20260413|20260413|00310015620|Eliquis 5mg|2|N|R|R|2|1|90|90|870.00|3.92|1260.00|0.00|81.14|40.00|752.78|0.00|0.00|3300001000|N|AWP|826.50|01||RX2026060100000174|0|N|3275711||||||AETNA
002026060100000175|1234567|0987654|N|001|AC123456|PPO|RX|PPO001|F|01|I|W000000188|Clark|Liam|78289|265845030|W000000188|W000000188|Clark|Liam|M|EE|19880802|||P|N|NY0001|OFF0067|Clark Liam|DR000072|07|4082 PHARMACY ST||7000067|22943|20260405|20260404|65862001705|Omeprazole 20mg|1|Y|R|R|3|0|30|90|7.50|7.44|11.00|0.00|0.00|5.00|9.94|0.00|0.00|4920001000|N|AWP|7.31|01||RX2026060100000175|0|N|4105742||||||AETNA
002026060100000176|1234567|0987654|N|001|AC123456|PPO|RX|PPO001|F|01|I|W000000055|Young|Charlotte|24268||W000000469|W000000469|Young|Alexander|M|SP|19810117|||P|N|NY0001|OFF0057|Young Alexander|DR000136|07|1698 PHARMACY ST||7000057|50731|20260426|20260426|00781107905|Amlodipine 5mg|1|Y|R|M|5|3|30|30|9.00|6.66|13.50|0.00|0.00|15.00|0.66|0.00|0.00|3600002000|N|AWP|8.79|01||RX2026060100000176|0|N|5182903||||||AETNA
002026060100000177|1234567|0987654|N|001|AC123456|PPO|RX|PPO001|F|01|I|W000000223|Gonzalez|Lucas|96376|543588521|W000000223|W000000223|Gonzalez|Lucas|M|EE|19660904|||P|N|NY0001|OFF0017|Gonzalez Lucas|DR000111|07|8828 PHARMACY ST||7000017|13238|20260517|20260516|00247100552|Albuterol HFA Inhaler|2|N|R|R|3|3|30|90|35.00|9.50|55.00|0.00|0.00|40.00|4.50|0.00|0.00|4400001000|N|AWP|34.57|01||RX2026060100000177|0|N|3836784||||||AETNA
002026060100000178|1234567|0987654|N|001|AC123456|PPO|RX|PPO001|F|01|I|W000000176|Miller|Evelyn|99111||W000000437|W000000437|Miller|Zoey|F|CH|20100910|||P|N|NY0001|OFF0063|Miller Zoey|DR000050|05|445 PHARMACY ST||7000063|98594|20260423|20260423|00002774601|Trulicity 0.75mg|3|N|M|R|0|3|30|30|750.00|3.43|1050.00|0.00|10.54|120.00|622.89|0.00|0.00|2720006000|N|AWP|732.87|01||RX2026060100000178|0|N|5860637||||||AETNA
002026060100000179|1234567|0987654|N|001|AC123456|PPO|RX|PPO001|F|01|I|W000000035|Miller|Victoria|30033|679758827|W000000035|W000000035|Miller|Victoria|F|EE|19630609|||P|N|NY0001|OFF0013|Miller Victoria|DR000094|06|6655 PHARMACY ST||7000013|33170|20260518|20260516|00093310505|Sertraline 50mg|1|Y|R|R|4|0|90|90|31.50|7.26|45.00|0.00|0.00|5.00|33.76|0.00|0.00|5800002000|N|AWP|31.22|01||RX2026060100000179|0|N|7160648||||||AETNA
002026060100000180|1234567|0987654|N|001|AC123456|PPO|RX|PPO001|F|01|I|W000000075|Thomas|Riley|12834||W000000540|W000000540|Thomas|Liam|M|CH|20121125|||P|N|NY0001|OFF0045|Thomas Liam|DR000104|12|3466 PHARMACY ST||7000045|35102|20260407|20260406|00169750111|Ozempic 0.5mg pen|3|N|M|M|0|2|90|90|2160.00|3.65|3300.00|0.00|0.00|100.00|2063.65|0.00|0.00|2720004000|N|AWP|2058.48|01||RX2026060100000180|0|N|2924011||||||AETNA
002026060100000181|1234567|0987654|N|001|AC123456|PPO|RX|PPO001|F|01|I|W000000049|Martin|Chloe|87735|473619348|W000000049|W000000049|Martin|Chloe|F|EE|19620424|||P|N|NY0001|OFF0034|Martin Chloe|DR000070|11|3566 PHARMACY ST||7000034|72420|20260518|20260517|00093721956|Metformin 500mg|1|Y|R|M|2|3|60|60|12.50|9.76|18.00|0.00|0.00|10.00|12.26|0.00|0.00|2720002000|N|AWP|12.17|01||RX2026060100000181|0|Y|6348232||||||AETNA
002026060100000182|1234567|0987654|N|001|AC123456|PPO|RX|PPO001|F|01|I|W000000328|Rodriguez|Harper|83643|183766568|W000000328|W000000328|Rodriguez|Harper|F|EE|19900516|||P|N|NY0001|OFF0051|Rodriguez Harper|DR000113|40|3571 PHARMACY ST||7000051|49405|20260422|20260420|63304082805|Metoprolol 25mg|1|Y|R|R|5|0|30|90|8.00|7.69|12.00|0.00|0.07|10.00|5.62|0.00|0.00|3700002000|N|AWP|7.76|01||RX2026060100000182|0|N|1643433||||||AETNA
002026060100000183|1234567|0987654|N|001|AC123456|PPO|RX|PPO001|F|01|I|W000000166|Brown|Amelia|50451|811163850|W000000166|W000000166|Brown|Amelia|F|EE|19671218|||P|N|NY0001|OFF0032|Brown Amelia|DR000042|02|2038 PHARMACY ST||7000032|21428|20260405|20260405|65862001705|Omeprazole 20mg|1|Y|M|R|4|0|90|60|22.50|6.42|33.00|0.00|1.83|5.00|22.09|0.00|0.00|4920001000|N|AWP|22.15|01||RX2026060100000183|0|N|9083668||||||AETNA
002026060100000184|1234567|0987654|N|001|AC123456|PPO|RX|PPO001|F|01|I|W000000207|Martinez|Evelyn|57535|304395653|W000000207|W000000207|Martinez|Evelyn|F|EE|19700223|||P|N|NY0001|OFF0013|Martinez Evelyn|DR000110|04|3764 PHARMACY ST||7000013|33170|20260415|20260414|00247100552|Albuterol HFA Inhaler|2|N|R|R|1|0|30|90|35.00|2.00|55.00|0.00|0.00|30.00|7.00|0.00|0.00|4400001000|N|AWP|33.98|01||RX2026060100000184|0|N|8853599||||||AETNA
002026060100000185|1234567|0987654|N|001|AC123456|PPO|RX|PPO001|F|01|I|W000000132|Hernandez|Charlotte|37879|875658454|W000000132|W000000132|Hernandez|Charlotte|F|EE|19900808|||P|N|NY0001|OFF0014|Hernandez Charlotte|DR000123|01|8587 PHARMACY ST||7000014|43206|20260410|20260410|00006098154|Januvia 100mg|3|N|M|M|3|0|90|60|855.00|6.99|1260.00|0.00|25.11|60.00|776.88|0.00|0.00|2720003000|N|AWP|825.24|01||RX2026060100000185|0|Y|5461747||||||AETNA
002026060100000186|1234567|0987654|N|001|AC123456|PPO|RX|PPO001|F|01|I|W000000076|Anderson|Noah|84677|994902802|W000000076|W000000076|Anderson|Noah|M|EE|19711120|||P|N|NY0001|OFF0052|Anderson Noah|DR000035|02|2249 PHARMACY ST||7000052|89811|20260405|20260404|51479087501|Jardiance 10mg|3|N|R|M|1|0|60|60|960.00|8.33|1400.00|0.00|47.93|60.00|860.40|0.00|0.00|2720005000|N|AWP|933.55|01||RX2026060100000186|0|N|1085403||||||AETNA
002026060100000187|1234567|0987654|N|001|AC123456|PPO|RX|PPO001|F|01|I|W000000325|Perez|David|78788||W000000507|W000000507|Perez|Michael|M|SP|19911002|||P|N|NY0001|OFF0036|Perez Michael|DR000020|06|1527 PHARMACY ST||7000036|11799|20260517|20260517|65862001705|Omeprazole 20mg|1|Y|R|M|3|0|90|60|22.50|9.89|33.00|0.00|0.00|15.00|17.39|0.00|0.00|4920001000|N|AWP|22.37|01||RX2026060100000187|0|N|9004052||||||AETNA
002026060100000188|1234567|0987654|N|001|AC123456|PPO|RX|PPO001|F|01|I|W000000110|Rodriguez|Alexander|24764|768651690|W000000110|W000000110|Rodriguez|Alexander|M|EE|19870201|||P|N|NY0001|OFF0017|Rodriguez Alexander|DR000147|11|4833 PHARMACY ST||7000017|13238|20260421|20260420|65862001705|Omeprazole 20mg|1|Y|R|R|4|0|60|90|15.00|2.68|22.00|0.00|0.00|5.00|12.68|0.00|0.00|4920001000|N|AWP|14.79|01||RX2026060100000188|0|N|9812741||||||AETNA
002026060100000189|1234567|0987654|N|001|AC123456|PPO|RX|PPO001|F|01|I|W000000323|Brown|Michael|22714|634257442|W000000323|W000000323|Brown|Michael|M|EE|19610106|||P|N|NY0001|OFF0029|Brown Michael|DR000120|07|2871 PHARMACY ST||7000029|24865|20260420|20260419|00310015620|Eliquis 5mg|2|N|R|R|0|2|60|90|580.00|7.49|840.00|0.00|0.00|30.00|557.49|0.00|0.00|3300001000|N|AWP|579.20|01||RX2026060100000189|0|Y|3693765||||||AETNA
002026060100000190|1234567|0987654|N|001|AC123456|PPO|RX|PPO001|F|01|I|W000000124|Young|Scarlett|58671|372458074|W000000124|W000000124|Young|Scarlett|F|EE|19610205|||P|N|NY0001|OFF0042|Young Scarlett|DR000113|05|2186 PHARMACY ST||7000042|95772|20260503|20260501|00310015620|Eliquis 5mg|2|N|R|R|3|0|90|60|870.00|4.76|1260.00|0.00|118.62|40.00|716.14|0.00|0.00|3300001000|N|AWP|849.32|01||RX2026060100000190|0|Y|1010634||||||AETNA
002026060100000191|1234567|0987654|N|001|AC123456|PPO|RX|PPO001|F|01|I|W000000243|Robinson|Noah|60935||W000000521|W000000521|Robinson|Oliver|M|CH|20080505|||P|N|NY0001|OFF0035|Robinson Oliver|DR000022|06|2361 PHARMACY ST||7000035|11952|20260525|20260523|00169750111|Ozempic 0.5mg pen|3|N|R|M|2|1|90|30|2160.00|8.27|3300.00|0.00|0.00|100.00|2068.27|0.00|0.00|2720004000|N|AWP|2150.21|01||RX2026060100000191|0|N|3219658||||||AETNA
002026060100000192|1234567|0987654|N|001|AC123456|PPO|RX|PPO001|F|01|I|W000000036|Lewis|Amelia|84509||W000000460|W000000460|Lewis|Ella|F|CH|20100606|||P|N|NY0001|OFF0009|Lewis Ella|DR000063|12|1456 PHARMACY ST||7000009|55249|20260518|20260517|00002774601|Trulicity 0.75mg|3|N|M|R|0|0|60|90|1500.00|6.78|2100.00|0.00|0.00|80.00|1426.78|0.00|0.00|2720006000|N|AWP|1437.29|01||RX2026060100000192|0|N|9152005||||||AETNA
002026060100000193|1234567|0987654|N|001|AC123456|PPO|RX|PPO001|F|01|I|W000000075|Thomas|Riley|12834||W000000540|W000000540|Thomas|Liam|M|CH|20121125|||P|N|NY0001|OFF0025|Thomas Liam|DR000116|04|3206 PHARMACY ST||7000025|14293|20260423|20260422|65862001705|Omeprazole 20mg|1|Y|R|M|2|0|90|90|22.50|5.34|33.00|0.00|2.04|15.00|10.80|0.00|0.00|4920001000|N|AWP|21.85|01||RX2026060100000193|0|N|1502720||||||AETNA
002026060100000194|1234567|0987654|N|001|AC123456|PPO|RX|PPO001|F|01|I|W000000237|Martin|Sofia|91566|241337941|W000000237|W000000237|Martin|Sofia|F|EE|19830223|||P|N|NY0001|OFF0075|Martin Sofia|DR000144|10|4439 PHARMACY ST||7000075|52523|20260525|20260524|00247100552|Albuterol HFA Inhaler|2|N|M|R|1|1|90|90|105.00|6.41|165.00|0.00|0.85|35.00|75.56|0.00|0.00|4400001000|N|AWP|102.32|01||RX2026060100000194|0|N|6446674||||||AETNA
002026060100000195|1234567|0987654|N|001|AC123456|PPO|RX|PPO001|F|01|I|W000000188|Clark|Liam|78289|265845030|W000000188|W000000188|Clark|Liam|M|EE|19880802|||P|N|NY0001|OFF0051|Clark Liam|DR000019|11|3236 PHARMACY ST||7000051|49405|20260409|20260409|00378395305|Levothyroxine 50mcg|1|Y|R|M|5|1|90|60|33.00|4.98|48.00|0.00|4.15|10.00|23.83|0.00|0.00|5400001000|N|AWP|32.54|01||RX2026060100000195|0|N|5457685||||||AETNA
002026060100000196|1234567|0987654|N|001|AC123456|PPO|RX|PPO001|F|01|I|W000000037|Ramirez|Aria|16500||W000000451|W000000451|Ramirez|Riley|F|SP|19880223|||P|N|NY0001|OFF0027|Ramirez Riley|DR000042|05|7894 PHARMACY ST||7000027|39277|20260414|20260414|00378395305|Levothyroxine 50mcg|1|Y|R|R|1|2|30|90|11.00|2.88|16.00|0.00|0.42|10.00|3.46|0.00|0.00|5400001000|N|AWP|10.86|01||RX2026060100000196|0|Y|9204475||||||AETNA
002026060100000197|1234567|0987654|N|001|AC123456|PPO|RX|PPO001|F|01|I|W000000059|Thomas|Sebastian|58215||W000000407|W000000407|Thomas|William|M|CH|20050624|||P|N|NY0001|OFF0020|Thomas William|DR000052|12|5679 PHARMACY ST||7000020|84417|20260515|20260514|51479087501|Jardiance 10mg|3|N|R|R|1|1|90|60|1440.00|2.83|2100.00|0.00|0.00|60.00|1382.83|0.00|0.00|2720005000|N|AWP|1382.67|01||RX2026060100000197|0|Y|5020649||||||AETNA
002026060100000198|1234567|0987654|N|001|AC123456|PPO|RX|PPO001|F|01|I|W000000258|Martinez|Sebastian|98983||W000000480|W000000480|Martinez|Abigail|F|CH|20121112|||P|N|NY0001|OFF0075|Martinez Abigail|DR000075|11|7250 PHARMACY ST||7000075|52523|20260530|20260530|00006098154|Januvia 100mg|3|N|R|R|4|0|30|60|285.00|9.89|420.00|0.00|4.36|120.00|170.53|0.00|0.00|2720003000|N|AWP|275.43|01||RX2026060100000198|0|Y|3644597||||||AETNA
002026060100000199|1234567|0987654|N|001|AC123456|PPO|RX|PPO001|F|01|I|W000000121|Johnson|Isabella|32590|616336679|W000000121|W000000121|Johnson|Isabella|F|EE|19781123|||P|N|NY0001|OFF0027|Johnson Isabella|DR000063|12|773 PHARMACY ST||7000027|39277|20260512|20260512|00093721956|Metformin 500mg|1|Y|M|R|0|0|30|30|6.25|4.43|9.00|0.00|0.11|10.00|0.57|0.00|0.00|2720002000|N|AWP|6.15|01||RX2026060100000199|0|N|1525850||||||AETNA
002026060100000200|1234567|0987654|N|001|AC123456|PPO|RX|PPO001|F|01|I|W000000331|Jackson|Benjamin|72284|927481360|W000000331|W000000331|Jackson|Benjamin|M|EE|19860928|||P|N|NY0001|OFF0008|Jackson Benjamin|DR000068|04|7582 PHARMACY ST||7000008|21234|20260511|20260510|65862001705|Omeprazole 20mg|1|Y|M|R|5|2|60|30|15.00|4.31|22.00|0.00|1.87|15.00|2.44|0.00|0.00|4920001000|N|AWP|14.92|01||RX2026060100000200|0|N|6337964||||||AETNA
002026060100000201|1234567|0987654|N|001|AC123456|PPO|RX|PPO001|F|01|I|W000000098|Taylor|Alexander|42178|883113461|W000000098|W000000098|Taylor|Alexander|M|EE|19850323|||P|N|NY0001|OFF0037|Taylor Alexander|DR000122|12|7194 PHARMACY ST||7000037|68588|20260413|20260413|51479087501|Jardiance 10mg|3|N|R|R|1|3|60|30|960.00|4.27|1400.00|0.00|100.06|60.00|804.21|0.00|0.00|2720005000|N|AWP|944.23|01||RX2026060100000201|0|N|8379207||||||AETNA
002026060100000202|1234567|0987654|N|001|AC123456|PPO|RX|PPO001|F|01|I|W000000282|Walker|Liam|69792|284172283|W000000282|W000000282|Walker|Liam|M|EE|19650511|||P|N|NY0001|OFF0053|Walker Liam|DR000077|05|9251 PHARMACY ST||7000053|81107|20260529|20260528|00378395305|Levothyroxine 50mcg|1|Y|R|R|1|0|60|30|22.00|9.36|32.00|0.00|0.00|5.00|26.36|0.00|0.00|5400001000|N|AWP|21.49|01||RX2026060100000202|0|N|2720924||||||AETNA
002026060100000203|1234567|0987654|N|001|AC123456|PPO|RX|PPO001|F|01|I|W000000325|Perez|David|78788||W000000576|W000000576|Perez|Henry|M|CH|20070521|||P|N|NY0001|OFF0011|Perez Henry|DR000066|08|6956 PHARMACY ST||7000011|42028|20260411|20260409|00310015615|Humira 40mg/0.4mL|3|N|R|R|2|3|30|90|4800.00|7.90|6800.00|0.00|0.00|120.00|4687.90|0.00|0.00|8000001000|N|AWP|4617.00|01||RX2026060100000203|0|N|4147831||||||AETNA
002026060100000204|1234567|0987654|N|001|AC123456|PPO|RX|PPO001|F|01|I|W000000278|Ramirez|Isabella|17676|514692002|W000000278|W000000278|Ramirez|Isabella|F|EE|19660420|||P|N|NY0001|OFF0042|Ramirez Isabella|DR000149|08|6165 PHARMACY ST||7000042|95772|20260416|20260414|00006098154|Januvia 100mg|3|N|R|R|0|0|30|90|285.00|9.67|420.00|0.00|0.00|80.00|214.67|0.00|0.00|2720003000|N|AWP|276.95|01||RX2026060100000204|0|N|2178198||||||AETNA
002026060100000205|1234567|0987654|N|001|AC123456|PPO|RX|PPO001|F|01|I|W000000293|Gonzalez|Zoey|13885||W000000552|W000000552|Gonzalez|Sebastian|M|CH|20000815|||P|N|NY0001|OFF0035|Gonzalez Sebastian|DR000005|38|4118 PHARMACY ST||7000035|11952|20260504|20260502|00378395305|Levothyroxine 50mcg|1|Y|M|R|2|2|60|90|22.00|6.44|32.00|0.00|0.00|5.00|23.44|0.00|0.00|5400001000|N|AWP|20.93|01||RX2026060100000205|0|Y|1688774||||||AETNA
002026060100000206|1234567|0987654|N|001|AC123456|PPO|RX|PPO001|F|01|I|W000000106|Rodriguez|Matthew|98809||W000000673|W000000673|Rodriguez|Avery|F|CH|20170527|||P|N|NY0001|OFF0041|Rodriguez Avery|DR000077|09|5565 PHARMACY ST||7000041|24910|20260423|20260422|00781107905|Amlodipine 5mg|1|Y|R|R|4|0|60|60|18.00|9.90|27.00|0.00|0.00|5.00|22.90|0.00|0.00|3600002000|N|AWP|17.24|01||RX2026060100000206|0|Y|8443503||||||AETNA
002026060100000207|1234567|0987654|N|001|AC123456|PPO|RX|PPO001|F|01|I|W000000264|Thompson|Emma|39353|780375313|W000000264|W000000264|Thompson|Emma|F|EE|19730622|||P|N|NY0001|OFF0052|Thompson Emma|DR000082|40|3839 PHARMACY ST||7000052|89811|20260427|20260427|00169750111|Ozempic 0.5mg pen|3|N|R|M|3|2|30|30|720.00|8.73|1100.00|0.00|30.61|120.00|578.12|0.00|0.00|2720004000|N|AWP|692.87|01||RX2026060100000207|0|Y|9642559||||||AETNA
002026060100000208|1234567|0987654|N|001|AC123456|PPO|RX|PPO001|F|01|I|W000000314|Martin|Sofia|89804|966306782|W000000314|W000000314|Martin|Sofia|F|EE|19910218|||P|N|NY0001|OFF0025|Martin Sofia|DR000007|12|8113 PHARMACY ST||7000025|14293|20260408|20260406|00093721956|Metformin 500mg|1|Y|R|R|0|1|30|30|6.25|2.32|9.00|0.00|0.00|15.00|0.00|0.00|0.00|2720002000|N|AWP|6.13|01||RX2026060100000208|0|N|5888688||||||AETNA
002026060100000209|1234567|0987654|N|001|AC123456|PPO|RX|PPO001|F|01|I|W000000209|Jackson|Joseph|20944||W000000484|W000000484|Jackson|Carter|M|CH|20200426|||P|N|NY0001|OFF0054|Jackson Carter|DR000112|11|4271 PHARMACY ST||7000054|64618|20260502|20260502|00054418925|Atorvastatin 20mg|2|Y|R|R|4|0|90|60|36.00|7.62|54.00|0.00|0.00|35.00|8.62|0.00|0.00|3900001000|N|AWP|35.39|01||RX2026060100000209|0|Y|8992499||||||AETNA
002026060100000210|1234567|0987654|N|001|AC123456|PPO|RX|PPO001|F|01|I|W000000027|Gonzalez|Daniel|71417||W000000671|W000000671|Gonzalez|Benjamin|M|CH|20140910|||P|N|NY0001|OFF0031|Gonzalez Benjamin|DR000061|11|511 PHARMACY ST||7000031|47671|20260423|20260423|00247100552|Albuterol HFA Inhaler|2|N|M|R|0|0|30|90|35.00|4.24|55.00|0.00|0.00|40.00|0.00|0.00|0.00|4400001000|N|AWP|33.70|01||RX2026060100000210|0|N|2490561||||||AETNA
002026060100000211|1234567|0987654|N|001|AC123456|PPO|RX|PPO001|F|01|I|W000000337|Jones|William|73968||W000000544|W000000544|Jones|Elijah|M|SP|19771207|||P|N|NY0001|OFF0019|Jones Elijah|DR000008|40|4623 PHARMACY ST||7000019|96717|20260511|20260510|65862001705|Omeprazole 20mg|1|Y|R|R|5|3|60|90|15.00|6.08|22.00|0.00|0.00|5.00|16.08|0.00|0.00|4920001000|N|AWP|14.75|01||RX2026060100000211|0|Y|2414463||||||AETNA
002026060100000212|1234567|0987654|N|001|AC123456|PPO|RX|PPO001|F|01|I|W000000247|Harris|Ethan|98493||W000000613|W000000613|Harris|Avery|F|CH|20060701|||P|N|NY0001|OFF0077|Harris Avery|DR000083|08|2056 PHARMACY ST||7000077|53918|20260527|20260527|00310015615|Humira 40mg/0.4mL|3|N|R|R|1|0|30|60|4800.00|8.48|6800.00|0.00|0.00|60.00|4748.48|0.00|0.00|8000001000|N|AWP|4752.07|01||RX2026060100000212|0|N|7911907||||||AETNA
002026060100000213|1234567|0987654|N|001|AC123456|PPO|RX|PPO001|F|01|I|W000000126|Thomas|Aria|11709||W000000621|W000000621|Thomas|Isabella|F|CH|20041109|||P|N|NY0001|OFF0022|Thomas Isabella|DR000063|11|3143 PHARMACY ST||7000022|45157|20260523|20260523|00002774601|Trulicity 0.75mg|3|N|R|R|1|0|60|90|1500.00|3.68|2100.00|0.00|8.71|120.00|1374.97|0.00|0.00|2720006000|N|AWP|1450.97|01||RX2026060100000213|0|N|1148201||||||AETNA
002026060100000214|1234567|0987654|N|001|AC123456|PPO|RX|PPO001|F|01|I|W000000371|Miller|Ella|86107|709429787|W000000371|W000000371|Miller|Ella|F|EE|19830603|||P|N|NY0001|OFF0020|Miller Ella|DR000021|03|3946 PHARMACY ST||7000020|84417|20260522|20260520|00093721956|Metformin 500mg|1|Y|R|R|4|0|30|60|6.25|8.79|9.00|0.00|0.00|5.00|10.04|0.00|0.00|2720002000|N|AWP|6.09|01||RX2026060100000214|0|Y|9170259||||||AETNA
002026060100000215|1234567|0987654|N|001|AC123456|PPO|RX|PPO001|F|01|I|W000000296|White|Sofia|35274|129939729|W000000296|W000000296|White|Sofia|F|EE|19601022|||P|N|NY0001|OFF0027|White Sofia|DR000026|10|2826 PHARMACY ST||7000027|39277|20260409|20260409|63304082805|Metoprolol 25mg|1|Y|R|M|0|3|90|30|24.00|9.33|36.00|0.00|3.00|10.00|20.33|0.00|0.00|3700002000|N|AWP|23.49|01||RX2026060100000215|0|Y|4421375||||||AETNA
002026060100000216|1234567|0987654|N|001|AC123456|PPO|RX|PPO001|F|01|I|W000000103|Miller|Aria|12427||W000000679|W000000679|Miller|Mia|F|SP|19671019|||P|N|NY0001|OFF0080|Miller Mia|DR000045|06|8440 PHARMACY ST||7000080|28391|20260531|20260529|00310015620|Eliquis 5mg|2|N|R|R|1|0|90|30|870.00|6.60|1260.00|0.00|74.07|35.00|767.53|0.00|0.00|3300001000|N|AWP|865.51|01||RX2026060100000216|0|N|2885382||||||AETNA
002026060100000217|1234567|0987654|N|001|AC123456|PPO|RX|PPO001|F|01|I|W000000007|Davis|James|98986||W000000652|W000000652|Davis|Elijah|M|CH|20051017|||P|N|NY0001|OFF0023|Davis Elijah|DR000038|03|8586 PHARMACY ST||7000023|62109|20260508|20260506|65862001705|Omeprazole 20mg|1|Y|R|R|5|3|30|90|7.50|5.35|11.00|0.00|0.00|10.00|2.85|0.00|0.00|4920001000|N|AWP|7.45|01||RX2026060100000217|0|N|5708932||||||AETNA
002026060100000218|1234567|0987654|N|001|AC123456|PPO|RX|PPO001|F|01|I|W000000032|Harris|Sebastian|23508|680732359|W000000032|W000000032|Harris|Sebastian|M|EE|19880405|||P|N|NY0001|OFF0064|Harris Sebastian|DR000093|06|9086 PHARMACY ST||7000064|31031|20260422|20260421|00781107905|Amlodipine 5mg|1|Y|R|R|0|1|60|60|18.00|3.17|27.00|0.00|0.00|15.00|6.17|0.00|0.00|3600002000|N|AWP|17.54|01||RX2026060100000218|0|N|8044779||||||AETNA
002026060100000219|1234567|0987654|N|001|AC123456|PPO|RX|PPO001|F|01|I|W000000279|Thompson|Henry|53426||W000000646|W000000646|Thompson|Abigail|F|CH|20010718|||P|N|NY0001|OFF0078|Thompson Abigail|DR000004|07|947 PHARMACY ST||7000078|96216|20260423|20260421|65862001705|Omeprazole 20mg|1|Y|M|R|5|2|60|30|15.00|3.22|22.00|0.00|0.00|15.00|3.22|0.00|0.00|4920001000|N|AWP|14.46|01||RX2026060100000219|0|N|9457959||||||AETNA
002026060100000220|1234567|0987654|N|001|AC123456|PPO|RX|PPO001|F|01|I|W000000101|Thompson|Sofia|17417|390402493|W000000101|W000000101|Thompson|Sofia|F|EE|19690716|||P|N|NY0001|OFF0022|Thompson Sofia|DR000068|38|6349 PHARMACY ST||7000022|45157|20260504|20260503|00247100552|Albuterol HFA Inhaler|2|N|R|R|4|0|30|60|35.00|5.06|55.00|0.00|0.00|40.00|0.06|0.00|0.00|4400001000|N|AWP|33.68|01||RX2026060100000220|0|N|6299102||||||AETNA
002026060100000221|1234567|0987654|N|001|AC123456|PPO|RX|PPO001|F|01|I|W000000250|Garcia|Ava|20398||W000000418|W000000418|Garcia|Emma|F|SP|19840726|||P|N|NY0001|OFF0028|Garcia Emma|DR000087|04|2466 PHARMACY ST||7000028|70009|20260425|20260423|00093310505|Sertraline 50mg|1|Y|R|R|4|1|30|30|10.50|8.25|15.00|0.00|0.00|15.00|3.75|0.00|0.00|5800002000|N|AWP|10.19|01||RX2026060100000221|0|N|8822967||||||AETNA
002026060100000222|1234567|0987654|N|001|AC123456|PPO|RX|PPO001|F|01|I|W000000180|Jones|Victoria|62163|621787524|W000000180|W000000180|Jones|Victoria|F|EE|19711224|||P|N|NY0001|OFF0027|Jones Victoria|DR000085|50|2274 PHARMACY ST||7000027|39277|20260526|20260525|00781107905|Amlodipine 5mg|1|Y|R|R|3|0|90|90|27.00|6.54|40.50|0.00|0.00|5.00|28.54|0.00|0.00|3600002000|N|AWP|25.98|01||RX2026060100000222|0|Y|7463257||||||AETNA
002026060100000223|1234567|0987654|N|001|AC123456|PPO|RX|PPO001|F|01|I|W000000092|Hernandez|Chloe|88074||W000000486|W000000486|Hernandez|Ava|F|CH|20210807|||P|N|NY0001|OFF0027|Hernandez Ava|DR000047|05|1076 PHARMACY ST||7000027|39277|20260404|20260404|00071015223|Lisinopril 10mg|1|Y|M|M|2|3|90|60|25.50|6.71|36.00|0.00|0.03|15.00|17.18|0.00|0.00|3600001000|N|AWP|24.43|01||RX2026060100000223|0|N|6831867||||||AETNA
002026060100000224|1234567|0987654|N|001|AC123456|PPO|RX|PPO001|F|01|I|W000000085|Thomas|Jacob|40865||W000000495|W000000495|Thomas|Victoria|F|CH|20130227|||P|N|NY0001|OFF0070|Thomas Victoria|DR000101|40|6492 PHARMACY ST||7000070|89690|20260501|20260501|00071015223|Lisinopril 10mg|1|Y|R|M|1|0|60|60|17.00|8.93|24.00|0.00|2.27|5.00|18.66|0.00|0.00|3600001000|N|AWP|16.67|01||RX2026060100000224|0|Y|5153817||||||AETNA
002026060100000225|1234567|0987654|N|001|AC123456|PPO|RX|PPO001|F|01|I|W000000330|White|Daniel|29181||W000000458|W000000458|White|Emily|F|SP|19681116|||P|N|NY0001|OFF0080|White Emily|DR000125|04|104 PHARMACY ST||7000080|28391|20260501|20260501|00378395305|Levothyroxine 50mcg|1|Y|M|R|2|0|90|60|33.00|7.89|48.00|0.00|2.16|15.00|23.73|0.00|0.00|5400001000|N|AWP|32.97|01||RX2026060100000225|0|N|7346488||||||AETNA
002026060100000226|1234567|0987654|N|001|AC123456|PPO|RX|PPO001|F|01|I|W000000385|Brown|Aiden|89244||W000000690|W000000690|Brown|Jacob|M|CH|20020110|||P|N|NY0001|OFF0029|Brown Jacob|DR000083|40|2606 PHARMACY ST||7000029|24865|20260508|20260507|00247100552|Albuterol HFA Inhaler|2|N|M|R|5|0|90|30|105.00|5.46|165.00|0.00|9.95|30.00|70.51|0.00|0.00|4400001000|N|AWP|104.04|01||RX2026060100000226|0|N|1700962||||||AETNA
002026060100000227|1234567|0987654|N|001|AC123456|PPO|RX|PPO001|F|01|I|W000000041|Smith|Sebastian|51457||W000000611|W000000611|Smith|Nora|F|CH|20140713|||P|N|NY0001|OFF0044|Smith Nora|DR000145|08|1948 PHARMACY ST||7000044|83871|20260514|20260514|00378395305|Levothyroxine 50mcg|1|Y|R|M|0|0|30|60|11.00|9.26|16.00|0.00|0.00|10.00|10.26|0.00|0.00|5400001000|N|AWP|10.53|01||RX2026060100000227|0|N|5612923||||||AETNA
002026060100000228|1234567|0987654|N|001|AC123456|PPO|RX|PPO001|F|01|I|W000000335|Lee|Charlotte|42065|223448158|W000000335|W000000335|Lee|Charlotte|F|EE|19720917|||P|N|NY0001|OFF0050|Lee Charlotte|DR000051|01|9429 PHARMACY ST||7000050|86264|20260527|20260526|51479087501|Jardiance 10mg|3|N|R|M|0|0|60|60|960.00|2.62|1400.00|0.00|0.00|100.00|862.62|0.00|0.00|2720005000|N|AWP|921.48|01||RX2026060100000228|0|N|5259996||||||AETNA
002026060100000229|1234567|0987654|N|001|AC123456|PPO|RX|PPO001|F|01|I|W000000159|Harris|Emma|52540||W000000490|W000000490|Harris|Matthew|M|CH|20041119|||P|N|NY0001|OFF0046|Harris Matthew|DR000078|07|6560 PHARMACY ST||7000046|49598|20260407|20260407|00310015620|Eliquis 5mg|2|N|M|R|3|0|60|30|580.00|8.68|840.00|0.00|0.00|35.00|553.68|0.00|0.00|3300001000|N|AWP|561.01|01||RX2026060100000229|0|Y|8490547||||||AETNA
002026060100000230|1234567|0987654|N|001|AC123456|PPO|RX|PPO001|F|01|I|W000000299|Martin|Noah|22441||W000000558|W000000558|Martin|Aria|F|CH|20090907|||P|N|NY0001|OFF0012|Martin Aria|DR000065|03|4268 PHARMACY ST||7000012|38230|20260503|20260502|00169750111|Ozempic 0.5mg pen|3|N|R|R|5|0|60|60|1440.00|6.04|2200.00|0.00|68.80|120.00|1257.24|0.00|0.00|2720004000|N|AWP|1378.85|01||RX2026060100000230|0|Y|4305889||||||AETNA
002026060100000231|1234567|0987654|N|001|AC123456|PPO|RX|PPO001|F|01|I|W000000385|Brown|Aiden|89244||W000000690|W000000690|Brown|Jacob|M|CH|20020110|||P|N|NY0001|OFF0001|Brown Jacob|DR000149|11|5782 PHARMACY ST||7000001|76468|20260527|20260527|63304082805|Metoprolol 25mg|1|Y|R|R|2|0|90|30|24.00|5.57|36.00|0.00|0.00|10.00|19.57|0.00|0.00|3700002000|N|AWP|23.47|01||RX2026060100000231|0|N|5973009||||||AETNA
002026060100000232|1234567|0987654|N|001|AC123456|PPO|RX|PPO001|F|01|I|W000000192|Moore|Charlotte|51656||W000000603|W000000603|Moore|Zoey|F|CH|20041209|||P|N|NY0001|OFF0012|Moore Zoey|DR000042|07|4083 PHARMACY ST||7000012|38230|20260529|20260527|00378395305|Levothyroxine 50mcg|1|Y|M|R|3|0|60|90|22.00|6.50|32.00|0.00|0.00|15.00|13.50|0.00|0.00|5400001000|N|AWP|21.73|01||RX2026060100000232|0|Y|2236156||||||AETNA
002026060100000233|1234567|0987654|N|001|AC123456|PPO|RX|PPO001|F|01|I|W000000198|Williams|Riley|11527|442484570|W000000198|W000000198|Williams|Riley|F|EE|19760128|||P|N|NY0001|OFF0048|Williams Riley|DR000008|09|4170 PHARMACY ST||7000048|84514|20260523|20260521|00093310505|Sertraline 50mg|1|Y|R|R|3|0|60|30|21.00|8.65|30.00|0.00|2.02|10.00|17.63|0.00|0.00|5800002000|N|AWP|20.60|01||RX2026060100000233|0|Y|8508393||||||AETNA
002026060100000234|1234567|0987654|N|001|AC123456|PPO|RX|PPO001|F|01|I|W000000113|Rodriguez|Matthew|51288|770568116|W000000113|W000000113|Rodriguez|Matthew|M|EE|19720710|||P|N|NY0001|OFF0032|Rodriguez Matthew|DR000036|07|1016 PHARMACY ST||7000032|21428|20260527|20260526|00093310505|Sertraline 50mg|1|Y|M|M|2|1|60|60|21.00|3.47|30.00|0.00|0.00|10.00|14.47|0.00|0.00|5800002000|N|AWP|20.07|01||RX2026060100000234|0|N|5780905||||||AETNA
002026060100000235|1234567|0987654|N|001|AC123456|PPO|RX|PPO001|F|01|I|W000000150|Thomas|Abigail|98479|523799446|W000000150|W000000150|Thomas|Abigail|F|EE|19930106|||P|N|NY0001|OFF0080|Thomas Abigail|DR000047|08|7773 PHARMACY ST||7000080|28391|20260424|20260422|00006098154|Januvia 100mg|3|N|R|R|4|3|60|60|570.00|4.67|840.00|0.00|25.88|120.00|428.79|0.00|0.00|2720003000|N|AWP|545.79|01||RX2026060100000235|0|N|9403146||||||AETNA
002026060100000236|1234567|0987654|N|001|AC123456|PPO|RX|PPO001|F|01|I|W000000333|Martinez|Zoey|20507|990727441|W000000333|W000000333|Martinez|Zoey|F|EE|19760503|||P|N|NY0001|OFF0010|Martinez Zoey|DR000049|04|3254 PHARMACY ST||7000010|73272|20260422|20260422|00093310505|Sertraline 50mg|1|Y|R|R|2|1|90|30|31.50|6.63|45.00|0.00|0.00|15.00|23.13|0.00|0.00|5800002000|N|AWP|30.62|01||RX2026060100000236|0|N|1376827||||||AETNA
002026060100000237|1234567|0987654|N|001|AC123456|PPO|RX|PPO001|F|01|I|W000000007|Davis|James|98986||W000000547|W000000547|Davis|Scarlett|F|SP|19670505|||P|N|NY0001|OFF0078|Davis Scarlett|DR000057|09|2271 PHARMACY ST||7000078|96216|20260417|20260415|00247100552|Albuterol HFA Inhaler|2|N|M|R|4|1|90|60|105.00|2.78|165.00|0.00|0.00|40.00|67.78|0.00|0.00|4400001000|N|AWP|100.37|01||RX2026060100000237|0|Y|9213489||||||AETNA
002026060100000238|1234567|0987654|N|001|AC123456|PPO|RX|PPO001|F|01|I|W000000127|Jones|Oliver|25643|347526160|W000000127|W000000127|Jones|Oliver|M|EE|19751006|||P|N|NY0001|OFF0032|Jones Oliver|DR000063|07|8069 PHARMACY ST||7000032|21428|20260426|20260426|00093310505|Sertraline 50mg|1|Y|R|R|4|3|60|60|21.00|8.32|30.00|0.00|0.53|5.00|23.79|0.00|0.00|5800002000|N|AWP|20.88|01||RX2026060100000238|0|N|4388727||||||AETNA
002026060100000239|1234567|0987654|N|001|AC123456|PPO|RX|PPO001|F|01|I|W000000044|Young|Sofia|29022|874732285|W000000044|W000000044|Young|Sofia|F|EE|19621207|||P|N|NY0001|OFF0038|Young Sofia|DR000076|08|2132 PHARMACY ST||7000038|35152|20260501|20260429|65862001705|Omeprazole 20mg|1|Y|R|R|0|1|30|30|7.50|6.00|11.00|0.00|0.00|15.00|0.00|0.00|0.00|4920001000|N|AWP|7.13|01||RX2026060100000239|0|N|5055012||||||AETNA
002026060100000240|1234567|0987654|N|001|AC123456|PPO|RX|PPO001|F|01|I|W000000038|Sanchez|David|86417||W000000629|W000000629|Sanchez|Elijah|M|CH|20040628|||P|N|NY0001|OFF0025|Sanchez Elijah|DR000012|07|9918 PHARMACY ST||7000025|14293|20260507|20260505|51479087501|Jardiance 10mg|3|N|R|R|3|2|30|60|480.00|2.90|700.00|0.00|0.00|120.00|362.90|0.00|0.00|2720005000|N|AWP|474.48|01||RX2026060100000240|0|N|9799892||||||AETNA
002026060100000241|1234567|0987654|N|001|AC123456|PPO|RX|PPO001|F|01|I|W000000138|Thompson|Lucas|21496||W000000511|W000000511|Thompson|Carter|M|SP|19800515|||P|N|NY0001|OFF0018|Thompson Carter|DR000066|02|2561 PHARMACY ST||7000018|73373|20260525|20260525|00093310505|Sertraline 50mg|1|Y|R|R|1|1|30|60|10.50|4.78|15.00|0.00|0.00|5.00|10.28|0.00|0.00|5800002000|N|AWP|10.21|01||RX2026060100000241|0|N|8519861||||||AETNA
002026060100000242|1234567|0987654|N|001|AC123456|PPO|RX|PPO001|F|01|I|W000000166|Brown|Amelia|50451||W000000636|W000000636|Brown|Jacob|M|SP|19930617|||P|N|NY0001|OFF0022|Brown Jacob|DR000088|05|7971 PHARMACY ST||7000022|45157|20260427|20260427|00781107905|Amlodipine 5mg|1|Y|M|M|3|0|90|30|27.00|3.90|40.50|0.00|0.00|10.00|20.90|0.00|0.00|3600002000|N|AWP|25.76|01||RX2026060100000242|0|N|9950474||||||AETNA
002026060100000243|1234567|0987654|N|001|AC123456|PPO|RX|PPO001|F|01|I|W000000310|Jackson|Riley|90089||W000000566|W000000566|Jackson|Liam|M|SP|19830506|||P|N|NY0001|OFF0033|Jackson Liam|DR000140|10|5269 PHARMACY ST||7000033|60353|20260517|20260516|51479087501|Jardiance 10mg|3|N|R|R|2|0|90|60|1440.00|9.16|2100.00|0.00|0.00|100.00|1349.16|0.00|0.00|2720005000|N|AWP|1395.40|01||RX2026060100000243|0|Y|9718416||||||AETNA
002026060100000244|1234567|0987654|N|001|AC123456|PPO|RX|PPO001|F|01|I|W000000174|Thomas|Logan|86916|891139762|W000000174|W000000174|Thomas|Logan|M|EE|19770505|||P|N|NY0001|OFF0066|Thomas Logan|DR000112|38|2771 PHARMACY ST||7000066|71210|20260422|20260422|00054418925|Atorvastatin 20mg|2|Y|M|R|3|3|60|90|24.00|2.82|36.00|0.00|0.00|30.00|0.00|0.00|0.00|3900001000|N|AWP|23.41|01||RX2026060100000244|0|Y|1968330||||||AETNA
002026060100000245|1234567|0987654|N|001|AC123456|PPO|RX|PPO001|F|01|I|W000000281|Moore|James|68950|773896843|W000000281|W000000281|Moore|James|M|EE|19690407|||P|N|NY0001|OFF0013|Moore James|DR000134|11|5882 PHARMACY ST||7000013|33170|20260531|20260530|00310015615|Humira 40mg/0.4mL|3|N|M|R|4|0|60|60|9600.00|5.16|13600.00|0.00|1259.79|80.00|8265.37|0.00|0.00|8000001000|N|AWP|9388.43|01||RX2026060100000245|0|N|1885019||||||AETNA
002026060100000246|1234567|0987654|N|001|AC123456|PPO|RX|PPO001|F|01|I|W000000234|Ramirez|Jacob|25757||W000000668|W000000668|Ramirez|Olivia|F|CH|20181003|||P|N|NY0001|OFF0003|Ramirez Olivia|DR000074|38|8169 PHARMACY ST||7000003|49549|20260404|20260403|00006098154|Januvia 100mg|3|N|M|R|0|0|30|30|285.00|8.53|420.00|0.00|0.00|60.00|233.53|0.00|0.00|2720003000|N|AWP|275.07|01||RX2026060100000246|0|N|4747544||||||AETNA
002026060100000247|1234567|0987654|N|001|AC123456|PPO|RX|PPO001|F|01|I|W000000065|Martin|Ella|34993||W000000462|W000000462|Martin|Elizabeth|F|CH|20200726|||P|N|NY0001|OFF0025|Martin Elizabeth|DR000019|50|195 PHARMACY ST||7000025|14293|20260515|20260513|51479087501|Jardiance 10mg|3|N|R|R|4|1|60|30|960.00|2.19|1400.00|0.00|0.00|60.00|902.19|0.00|0.00|2720005000|N|AWP|953.12|01||RX2026060100000247|0|N|4330853||||||AETNA
002026060100000248|1234567|0987654|N|001|AC123456|PPO|RX|PPO001|F|01|I|W000000207|Martinez|Evelyn|57535||W000000615|W000000615|Martinez|Amelia|F|CH|20151112|||P|N|NY0001|OFF0055|Martinez Amelia|DR000146|03|3446 PHARMACY ST||7000055|87194|20260602|20260531|65862001705|Omeprazole 20mg|1|Y|M|R|1|0|30|90|7.50|7.25|11.00|0.00|0.00|15.00|0.00|0.00|0.00|4920001000|N|AWP|7.33|01||RX2026060100000248|0|N|8477315||||||AETNA
002026060100000249|1234567|0987654|N|001|AC123456|PPO|RX|PPO001|F|01|I|W000000080|Jackson|William|94505||W000000597|W000000597|Jackson|Charlotte|F|CH|20101223|||P|N|NY0001|OFF0032|Jackson Charlotte|DR000057|06|476 PHARMACY ST||7000032|21428|20260424|20260422|00378395305|Levothyroxine 50mcg|1|Y|R|M|2|3|30|30|11.00|8.76|16.00|0.00|0.60|15.00|4.16|0.00|0.00|5400001000|N|AWP|10.83|01||RX2026060100000249|0|N|2061761||||||AETNA
002026060100000250|1234567|0987654|N|001|AC123456|PPO|RX|PPO001|F|01|I|W000000313|Taylor|Benjamin|41957|629232175|W000000313|W000000313|Taylor|Benjamin|M|EE|19911114|||P|N|NY0001|OFF0077|Taylor Benjamin|DR000006|40|3253 PHARMACY ST||7000077|53918|20260414|20260414|00310015620|Eliquis 5mg|2|N|R|R|3|0|60|90|580.00|6.80|840.00|0.00|12.34|40.00|534.46|0.00|0.00|3300001000|N|AWP|562.86|01||RX2026060100000250|0|N|7303909||||||AETNA
002026060100000251|1234567|0987654|N|001|AC123456|PPO|RX|PPO001|F|01|I|W000000143|Anderson|Michael|29355|340938402|W000000143|W000000143|Anderson|Michael|M|EE|19810611|||P|N|NY0001|OFF0036|Anderson Michael|DR000052|01|4803 PHARMACY ST||7000036|11799|20260505|20260504|00054418925|Atorvastatin 20mg|2|Y|M|M|0|1|90|60|36.00|8.00|54.00|0.00|2.27|35.00|6.73|0.00|0.00|3900001000|N|AWP|34.64|01||RX2026060100000251|0|N|2783895||||||AETNA
002026060100000252|1234567|0987654|N|001|AC123456|PPO|RX|PPO001|F|01|I|W000000036|Lewis|Amelia|84509||W000000460|W000000460|Lewis|Ella|F|CH|20100606|||P|N|NY0001|OFF0032|Lewis Ella|DR000019|40|8640 PHARMACY ST||7000032|21428|20260425|20260425|00247100552|Albuterol HFA Inhaler|2|N|R|M|2|3|90|60|105.00|4.23|165.00|0.00|0.00|35.00|74.23|0.00|0.00|4400001000|N|AWP|99.85|01||RX2026060100000252|0|Y|5013136||||||AETNA
002026060100000253|1234567|0987654|N|001|AC123456|PPO|RX|PPO001|F|01|I|W000000220|Jackson|Harper|41661|948611384|W000000220|W000000220|Jackson|Harper|F|EE|19710325|||P|N|NY0001|OFF0070|Jackson Harper|DR000024|38|7580 PHARMACY ST||7000070|89690|20260409|20260409|00169750111|Ozempic 0.5mg pen|3|N|M|M|2|1|30|60|720.00|6.59|1100.00|0.00|0.00|60.00|666.59|0.00|0.00|2720004000|N|AWP|699.23|01||RX2026060100000253|0|N|5448402||||||AETNA
002026060100000254|1234567|0987654|N|001|AC123456|PPO|RX|PPO001|F|01|I|W000000366|Davis|Lucas|46944|972511995|W000000366|W000000366|Davis|Lucas|M|EE|19910918|||P|N|NY0001|OFF0050|Davis Lucas|DR000012|38|8823 PHARMACY ST||7000050|86264|20260414|20260412|00093310505|Sertraline 50mg|1|Y|R|M|0|0|30|30|10.50|6.83|15.00|0.00|1.02|10.00|6.31|0.00|0.00|5800002000|N|AWP|10.45|01||RX2026060100000254|0|Y|9765117||||||AETNA
002026060100000255|1234567|0987654|N|001|AC123456|PPO|RX|PPO001|F|01|I|W000000359|Williams|Noah|34130|120373639|W000000359|W000000359|Williams|Noah|M|EE|19641011|||P|N|NY0001|OFF0046|Williams Noah|DR000071|40|4908 PHARMACY ST||7000046|49598|20260530|20260530|00310015620|Eliquis 5mg|2|N|M|R|4|2|30|30|290.00|3.53|420.00|0.00|23.52|30.00|240.01|0.00|0.00|3300001000|N|AWP|277.40|01||RX2026060100000255|0|N|1326225||||||AETNA
002026060100000256|1234567|0987654|N|001|AC123456|PPO|RX|PPO001|F|01|I|W000000296|White|Sofia|35274||W000000543|W000000543|White|Jacob|M|CH|20131217|||P|N|NY0001|OFF0055|White Jacob|DR000108|03|7683 PHARMACY ST||7000055|87194|20260522|20260522|00310015620|Eliquis 5mg|2|N|R|R|5|0|30|60|290.00|4.45|420.00|0.00|0.00|40.00|254.45|0.00|0.00|3300001000|N|AWP|288.77|01||RX2026060100000256|0|N|1405943||||||AETNA
002026060100000257|1234567|0987654|N|001|AC123456|PPO|RX|PPO001|F|01|I|W000000040|Anderson|Ella|96706||W000000605|W000000605|Anderson|Harper|F|CH|20070504|||P|N|NY0001|OFF0049|Anderson Harper|DR000139|10|5841 PHARMACY ST||7000049|46697|20260429|20260429|65862001705|Omeprazole 20mg|1|Y|R|M|5|0|60|60|15.00|9.35|22.00|0.00|0.00|5.00|19.35|0.00|0.00|4920001000|N|AWP|14.52|01||RX2026060100000257|0|Y|5517647||||||AETNA
002026060100000258|1234567|0987654|N|001|AC123456|PPO|RX|PPO001|F|01|I|W000000374|Lewis|Henry|47833|981912449|W000000374|W000000374|Lewis|Henry|M|EE|19770205|||P|N|NY0001|OFF0018|Lewis Henry|DR000021|04|5593 PHARMACY ST||7000018|73373|20260421|20260420|00310015620|Eliquis 5mg|2|N|M|R|3|1|30|90|290.00|7.22|420.00|0.00|0.00|35.00|262.22|0.00|0.00|3300001000|N|AWP|280.89|01||RX2026060100000258|0|Y|3750054||||||AETNA
002026060100000259|1234567|0987654|N|001|AC123456|PPO|RX|PPO001|F|01|I|W000000111|Garcia|Mia|63080||W000000455|W000000455|Garcia|Mason|M|CH|20081115|||P|N|NY0001|OFF0004|Garcia Mason|DR000107|09|3402 PHARMACY ST||7000004|88450|20260527|20260526|00093721956|Metformin 500mg|1|Y|R|R|0|0|90|30|18.75|5.90|27.00|0.00|1.96|15.00|7.69|0.00|0.00|2720002000|N|AWP|18.33|01||RX2026060100000259|0|N|8875479||||||AETNA
002026060100000260|1234567|0987654|N|001|AC123456|PPO|RX|PPO001|F|01|I|W000000010|Clark|Elizabeth|41872||W000000669|W000000669|Clark|Michael|M|SP|19730125|||P|N|NY0001|OFF0053|Clark Michael|DR000025|07|9685 PHARMACY ST||7000053|81107|20260411|20260411|00378395305|Levothyroxine 50mcg|1|Y|R|R|0|3|90|90|33.00|8.46|48.00|0.00|0.00|15.00|26.46|0.00|0.00|5400001000|N|AWP|31.61|01||RX2026060100000260|0|N|6408186||||||AETNA
002026060100000261|1234567|0987654|N|001|AC123456|PPO|RX|PPO001|F|01|I|W000000186|Sanchez|Riley|23308||W000000637|W000000637|Sanchez|Chloe|F|CH|20040113|||D|N|NY0001|OFF0037|Sanchez Chloe|DR000110|50|1808 PHARMACY ST||7000037|68588|20260522|20260521|00002774601|Trulicity 0.75mg|3|N|R|R|2|2|60|30|1500.00|7.16|2100.00|0.00|19.90|60.00|0.00|0.00|0.00|2720006000|N|AWP|1492.67|01||RX2026060100000261|0|N|3925356||||||AETNA
002026060100000262|1234567|0987654|N|001|AC123456|PPO|RX|PPO001|F|01|I|W000000191|Jackson|Liam|53052|922186287|W000000191|W000000191|Jackson|Liam|M|EE|19900909|||P|N|NY0001|OFF0074|Jackson Liam|DR000049|10|8083 PHARMACY ST||7000074|29283|20260406|20260404|51479087501|Jardiance 10mg|3|N|R|R|2|0|90|30|1440.00|2.03|2100.00|0.00|0.00|120.00|1322.03|0.00|0.00|2720005000|N|AWP|1390.62|01||RX2026060100000262|0|N|5247551||||||AETNA
002026060100000263|1234567|0987654|N|001|AC123456|PPO|RX|PPO001|F|01|I|W000000214|White|Sofia|63252||W000000614|W000000614|White|Carter|M|SP|19941220|||P|N|NY0001|OFF0058|White Carter|DR000037|01|3460 PHARMACY ST||7000058|48426|20260505|20260504|00310015620|Eliquis 5mg|2|N|R|R|2|2|90|90|870.00|9.94|1260.00|0.00|0.00|30.00|849.94|0.00|0.00|3300001000|N|AWP|836.26|01||RX2026060100000263|0|Y|6367974||||||AETNA
002026060100000264|1234567|0987654|N|001|AC123456|PPO|RX|PPO001|F|01|I|W000000089|Jackson|Lucas|86147|315588439|W000000089|W000000089|Jackson|Lucas|M|EE|19901003|||P|N|NY0001|OFF0006|Jackson Lucas|DR000051|04|1447 PHARMACY ST||7000006|47670|20260413|20260413|65862001705|Omeprazole 20mg|1|Y|R|R|3|1|60|30|15.00|5.49|22.00|0.00|0.00|10.00|10.49|0.00|0.00|4920001000|N|AWP|14.39|01||RX2026060100000264|0|N|7265724||||||AETNA
002026060100000265|1234567|0987654|N|001|AC123456|PPO|RX|PPO001|F|01|I|W000000166|Brown|Amelia|50451||W000000468|W000000468|Brown|Elijah|M|CH|20040701|||P|N|NY0001|OFF0073|Brown Elijah|DR000083|02|5533 PHARMACY ST||7000073|40156|20260404|20260403|63304082805|Metoprolol 25mg|1|Y|R|R|2|0|30|90|8.00|3.53|12.00|0.00|0.46|10.00|1.07|0.00|0.00|3700002000|N|AWP|7.98|01||RX2026060100000265|0|N|5590846||||||AETNA
002026060100000266|1234567|0987654|N|001|AC123456|PPO|RX|PPO001|F|01|I|W000000088|Lopez|Sofia|93789|537589625|W000000088|W000000088|Lopez|Sofia|F|EE|19850107|||P|N|NY0001|OFF0008|Lopez Sofia|DR000010|06|3712 PHARMACY ST||7000008|21234|20260509|20260507|00006098154|Januvia 100mg|3|N|R|R|0|0|60|90|570.00|3.25|840.00|0.00|0.00|80.00|493.25|0.00|0.00|2720003000|N|AWP|550.66|01||RX2026060100000266|0|N|6707313||||||AETNA
002026060100000267|1234567|0987654|N|001|AC123456|PPO|RX|PPO001|F|01|I|W000000296|White|Sofia|35274|129939729|W000000296|W000000296|White|Sofia|F|EE|19601022|||P|N|NY0001|OFF0051|White Sofia|DR000084|10|6053 PHARMACY ST||7000051|49405|20260505|20260503|00093310505|Sertraline 50mg|1|Y|R|R|2|0|90|60|31.50|7.36|45.00|0.00|0.00|5.00|33.86|0.00|0.00|5800002000|N|AWP|30.15|01||RX2026060100000267|0|N|4564871||||||AETNA
002026060100000268|1234567|0987654|N|001|AC123456|PPO|RX|PPO001|F|01|I|W000000390|Rodriguez|Jackson|54367||W000000667|W000000667|Rodriguez|David|M|CH|20061121|||P|N|NY0001|OFF0063|Rodriguez David|DR000089|11|8702 PHARMACY ST||7000063|98594|20260512|20260512|00781107905|Amlodipine 5mg|1|Y|R|R|3|0|90|90|27.00|5.95|40.50|0.00|0.00|5.00|27.95|0.00|0.00|3600002000|N|AWP|26.23|01||RX2026060100000268|0|N|6911559||||||AETNA
002026060100000269|1234567|0987654|N|001|AC123456|PPO|RX|PPO001|F|01|I|W000000279|Thompson|Henry|53426||W000000646|W000000646|Thompson|Abigail|F|CH|20010718|||P|N|NY0001|OFF0022|Thompson Abigail|DR000094|08|4855 PHARMACY ST||7000022|45157|20260529|20260529|00054418925|Atorvastatin 20mg|2|Y|R|M|3|0|30|60|12.00|4.87|18.00|0.00|0.00|35.00|0.00|0.00|0.00|3900001000|N|AWP|11.89|01||RX2026060100000269|0|Y|6485024||||||AETNA
002026060100000270|1234567|0987654|N|001|AC123456|PPO|RX|PPO001|F|01|I|W000000034|Anderson|Aria|73098||W000000405|W000000405|Anderson|Zoey|F|SP|19761225|||P|N|NY0001|OFF0067|Anderson Zoey|DR000125|05|7396 PHARMACY ST||7000067|22943|20260522|20260522|00071015223|Lisinopril 10mg|1|Y|R|R|0|0|60|30|17.00|3.03|24.00|0.00|1.51|10.00|8.52|0.00|0.00|3600001000|N|AWP|16.18|01||RX2026060100000270|0|N|2476105||||||AETNA
002026060100000271|1234567|0987654|N|001|AC123456|PPO|RX|PPO001|F|01|I|W000000013|Lopez|Isabella|99591|990326186|W000000013|W000000013|Lopez|Isabella|F|EE|19690106|||P|N|NY0001|OFF0042|Lopez Isabella|DR000058|01|8769 PHARMACY ST||7000042|95772|20260406|20260404|00093721956|Metformin 500mg|1|Y|R|R|1|2|30|60|6.25|7.62|9.00|0.00|0.00|5.00|8.87|0.00|0.00|2720002000|N|AWP|6.01|01||RX2026060100000271|0|Y|4545860||||||AETNA
002026060100000272|1234567|0987654|N|001|AC123456|PPO|RX|PPO001|F|01|I|W000000085|Thomas|Jacob|40865||W000000495|W000000495|Thomas|Victoria|F|CH|20130227|||P|N|NY0001|OFF0017|Thomas Victoria|DR000101|06|2936 PHARMACY ST||7000017|13238|20260507|20260507|00093721956|Metformin 500mg|1|Y|M|R|0|1|60|90|12.50|6.59|18.00|0.00|1.75|15.00|2.34|0.00|0.00|2720002000|N|AWP|11.98|01||RX2026060100000272|0|N|8738420||||||AETNA
002026060100000273|1234567|0987654|N|001|AC123456|PPO|RX|PPO001|F|01|I|W000000165|Clark|Scarlett|72716|699108661|W000000165|W000000165|Clark|Scarlett|F|EE|19770119|||P|N|NY0001|OFF0024|Clark Scarlett|DR000126|50|7467 PHARMACY ST||7000024|38790|20260421|20260420|00002774601|Trulicity 0.75mg|3|N|R|R|0|1|30|30|750.00|5.90|1050.00|0.00|0.00|120.00|635.90|0.00|0.00|2720006000|N|AWP|744.58|01||RX2026060100000273|0|N|2129673||||||AETNA
002026060100000274|1234567|0987654|N|001|AC123456|PPO|RX|PPO001|F|01|I|W000000231|White|Ethan|40091||W000000423|W000000423|White|Charlotte|F|CH|20040215|||P|N|NY0001|OFF0021|White Charlotte|DR000010|02|4692 PHARMACY ST||7000021|21364|20260424|20260424|65862001705|Omeprazole 20mg|1|Y|R|R|0|0|60|90|15.00|3.22|22.00|0.00|0.00|5.00|13.22|0.00|0.00|4920001000|N|AWP|14.39|01||RX2026060100000274|0|N|8564872||||||AETNA
002026060100000275|1234567|0987654|N|001|AC123456|PPO|RX|PPO001|F|01|I|W000000318|Davis|Elizabeth|65669||W000000467|W000000467|Davis|Sofia|F|CH|20020810|||P|N|NY0001|OFF0042|Davis Sofia|DR000028|03|8792 PHARMACY ST||7000042|95772|20260425|20260424|00378395305|Levothyroxine 50mcg|1|Y|R|R|1|0|30|30|11.00|9.53|16.00|0.00|0.00|10.00|10.53|0.00|0.00|5400001000|N|AWP|10.82|01||RX2026060100000275|0|N|7161628||||||AETNA
002026060100000276|1234567|0987654|N|001|AC123456|PPO|RX|PPO001|F|01|I|W000000206|Anderson|Sofia|54575||W000000430|W000000430|Anderson|Avery|F|SP|19830402|||P|N|NY0001|OFF0055|Anderson Avery|DR000074|02|663 PHARMACY ST||7000055|87194|20260529|20260528|00054418925|Atorvastatin 20mg|2|Y|R|R|2|3|60|90|24.00|2.37|36.00|0.00|0.00|35.00|0.00|0.00|0.00|3900001000|N|AWP|23.77|01||RX2026060100000276|0|N|4168816||||||AETNA
002026060100000277|1234567|0987654|N|001|AC123456|PPO|RX|PPO001|F|01|I|W000000089|Jackson|Lucas|86147|315588439|W000000089|W000000089|Jackson|Lucas|M|EE|19901003|||P|N|NY0001|OFF0020|Jackson Lucas|DR000075|02|3505 PHARMACY ST||7000020|84417|20260510|20260508|00093310505|Sertraline 50mg|1|Y|R|R|5|0|30|90|10.50|6.31|15.00|0.00|0.21|10.00|6.60|0.00|0.00|5800002000|N|AWP|10.20|01||RX2026060100000277|0|Y|6905349||||||AETNA
002026060100000278|1234567|0987654|N|001|AC123456|PPO|RX|PPO001|F|01|I|W000000199|Clark|Sophia|68249||W000000428|W000000428|Clark|Scarlett|F|CH|20061201|||P|N|NY0001|OFF0010|Clark Scarlett|DR000111|01|896 PHARMACY ST||7000010|73272|20260410|20260410|65862001705|Omeprazole 20mg|1|Y|R|M|3|2|60|30|15.00|7.03|22.00|0.00|1.21|5.00|15.82|0.00|0.00|4920001000|N|AWP|14.77|01||RX2026060100000278|0|Y|4762389||||||AETNA
002026060100000279|1234567|0987654|N|001|AC123456|PPO|RX|PPO001|F|01|I|W000000321|Young|Ethan|73723|981162930|W000000321|W000000321|Young|Ethan|M|EE|19771201|||P|N|NY0001|OFF0035|Young Ethan|DR000051|06|457 PHARMACY ST||7000035|11952|20260426|20260425|00169750111|Ozempic 0.5mg pen|3|N|R|M|2|3|60|90|1440.00|4.93|2200.00|0.00|0.00|120.00|1324.93|0.00|0.00|2720004000|N|AWP|1420.62|01||RX2026060100000279|0|Y|3281054||||||AETNA
002026060100000280|1234567|0987654|N|001|AC123456|PPO|RX|PPO001|F|01|I|W000000387|Wilson|Victoria|11749|115153789|W000000387|W000000387|Wilson|Victoria|F|EE|19891109|||D|N|NY0001|OFF0070|Wilson Victoria|DR000056|38|7112 PHARMACY ST||7000070|89690|20260426|20260424|00093310505|Sertraline 50mg|1|Y|R|R|3|0|30|60|10.50|3.15|15.00|0.00|0.00|15.00|0.00|0.00|0.00|5800002000|N|AWP|10.31|01||RX2026060100000280|0|Y|6336595||||||AETNA
002026060100000281|1234567|0987654|N|001|AC123456|PPO|RX|PPO001|F|01|I|W000000389|Wilson|Jacob|27706||W000000678|W000000678|Wilson|Henry|M|SP|19710816|||P|N|NY0001|OFF0023|Wilson Henry|DR000108|07|9203 PHARMACY ST||7000023|62109|20260531|20260531|63304082805|Metoprolol 25mg|1|Y|R|M|0|0|90|60|24.00|2.09|36.00|0.00|0.00|5.00|21.09|0.00|0.00|3700002000|N|AWP|23.07|01||RX2026060100000281|0|N|5512510||||||AETNA
002026060100000282|1234567|0987654|N|001|AC123456|PPO|RX|PPO001|F|01|I|W000000395|Robinson|Lucas|72484|897664639|W000000395|W000000395|Robinson|Lucas|M|EE|19750121|||P|N|NY0001|OFF0078|Robinson Lucas|DR000065|05|6569 PHARMACY ST||7000078|96216|20260524|20260522|00169750111|Ozempic 0.5mg pen|3|N|M|R|0|2|30|60|720.00|6.91|1100.00|0.00|0.00|80.00|646.91|0.00|0.00|2720004000|N|AWP|707.98|01||RX2026060100000282|0|N|6716718||||||AETNA
002026060100000283|1234567|0987654|N|001|AC123456|PPO|RX|PPO001|F|01|I|W000000326|Davis|Emma|16103||W000000649|W000000649|Davis|Matthew|M|SP|19940816|||P|N|NY0001|OFF0008|Davis Matthew|DR000062|07|7278 PHARMACY ST||7000008|21234|20260414|20260414|00093721956|Metformin 500mg|1|Y|R|R|1|0|30|30|6.25|2.37|9.00|0.00|0.00|5.00|3.62|0.00|0.00|2720002000|N|AWP|6.05|01||RX2026060100000283|0|Y|3454089||||||AETNA
002026060100000284|1234567|0987654|N|001|AC123456|PPO|RX|PPO001|F|01|I|W000000395|Robinson|Lucas|72484||W000000599|W000000599|Robinson|Daniel|M|SP|19851116|||P|N|NY0001|OFF0035|Robinson Daniel|DR000076|02|9025 PHARMACY ST||7000035|11952|20260502|20260430|00093721956|Metformin 500mg|1|Y|M|M|4|0|90|90|18.75|2.43|27.00|0.00|0.00|10.00|11.18|0.00|0.00|2720002000|N|AWP|17.88|01||RX2026060100000284|0|Y|6256780||||||AETNA
002026060100000285|1234567|0987654|N|001|AC123456|PPO|RX|PPO001|F|01|I|W000000313|Taylor|Benjamin|41957|629232175|W000000313|W000000313|Taylor|Benjamin|M|EE|19911114|||P|N|NY0001|OFF0031|Taylor Benjamin|DR000026|12|6992 PHARMACY ST||7000031|47671|20260509|20260508|00169750111|Ozempic 0.5mg pen|3|N|R|R|0|0|60|30|1440.00|6.18|2200.00|0.00|0.00|120.00|1326.18|0.00|0.00|2720004000|N|AWP|1389.30|01||RX2026060100000285|0|N|6846785||||||AETNA
002026060100000286|1234567|0987654|N|001|AC123456|PPO|RX|PPO001|F|01|I|W000000289|Martin|Sofia|56224|331384801|W000000289|W000000289|Martin|Sofia|F|EE|19870327|||P|N|NY0001|OFF0032|Martin Sofia|DR000059|03|2115 PHARMACY ST||7000032|21428|20260426|20260426|00093310505|Sertraline 50mg|1|Y|M|R|1|0|90|90|31.50|6.15|45.00|0.00|0.00|10.00|27.65|0.00|0.00|5800002000|N|AWP|31.27|01||RX2026060100000286|0|Y|6103611||||||AETNA
002026060100000287|1234567|0987654|N|001|AC123456|PPO|RX|PPO001|F|01|I|W000000041|Smith|Sebastian|51457||W000000611|W000000611|Smith|Nora|F|CH|20140713|||P|N|NY0001|OFF0009|Smith Nora|DR000048|07|5782 PHARMACY ST||7000009|55249|20260518|20260518|00378395305|Levothyroxine 50mcg|1|Y|R|R|1|1|90|60|33.00|7.61|48.00|0.00|2.16|10.00|28.45|0.00|0.00|5400001000|N|AWP|32.10|01||RX2026060100000287|0|N|4915058||||||AETNA
002026060100000288|1234567|0987654|N|001|AC123456|PPO|RX|PPO001|F|01|I|W000000356|Rodriguez|Isabella|71870|225546453|W000000356|W000000356|Rodriguez|Isabella|F|EE|19940701|||P|N|NY0001|OFF0080|Rodriguez Isabella|DR000089|02|6460 PHARMACY ST||7000080|28391|20260421|20260419|00054418925|Atorvastatin 20mg|2|Y|M|R|2|0|60|60|24.00|7.75|36.00|0.00|0.00|40.00|0.00|0.00|0.00|3900001000|N|AWP|23.40|01||RX2026060100000288|0|Y|5552527||||||AETNA
002026060100000289|1234567|0987654|N|001|AC123456|PPO|RX|PPO001|F|01|I|W000000367|Lopez|Joseph|50209|558358039|W000000367|W000000367|Lopez|Joseph|M|EE|19650524|||P|N|NY0001|OFF0066|Lopez Joseph|DR000100|50|4707 PHARMACY ST||7000066|71210|20260520|20260520|00781107905|Amlodipine 5mg|1|Y|R|M|1|1|60|60|18.00|7.53|27.00|0.00|0.00|15.00|10.53|0.00|0.00|3600002000|N|AWP|17.37|01||RX2026060100000289|0|Y|8470139||||||AETNA
002026060100000290|1234567|0987654|N|001|AC123456|PPO|RX|PPO001|F|01|I|W000000192|Moore|Charlotte|51656||W000000603|W000000603|Moore|Zoey|F|CH|20041209|||P|N|NY0001|OFF0023|Moore Zoey|DR000074|06|8961 PHARMACY ST||7000023|62109|20260527|20260525|00247100552|Albuterol HFA Inhaler|2|N|R|R|4|0|30|60|35.00|6.85|55.00|0.00|1.77|30.00|10.08|0.00|0.00|4400001000|N|AWP|33.42|01||RX2026060100000290|0|Y|5571528||||||AETNA
002026060100000291|1234567|0987654|N|001|AC123456|PPO|RX|PPO001|F|01|I|W000000024|Jackson|Sebastian|62551|993287629|W000000024|W000000024|Jackson|Sebastian|M|EE|19901220|||P|N|NY0001|OFF0024|Jackson Sebastian|DR000070|09|6790 PHARMACY ST||7000024|38790|20260522|20260521|63304082805|Metoprolol 25mg|1|Y|M|R|3|3|30|60|8.00|3.58|12.00|0.00|0.00|5.00|6.58|0.00|0.00|3700002000|N|AWP|7.90|01||RX2026060100000291|0|N|7681324||||||AETNA
002026060100000292|1234567|0987654|N|001|AC123456|PPO|RX|PPO001|F|01|I|W000000142|Jones|Daniel|47183||W000000638|W000000638|Jones|Samuel|M|SP|19861226|||P|N|NY0001|OFF0008|Jones Samuel|DR000088|40|4019 PHARMACY ST||7000008|21234|20260512|20260512|00247100552|Albuterol HFA Inhaler|2|N|R|R|5|3|60|30|70.00|9.63|110.00|0.00|8.90|30.00|40.73|0.00|0.00|4400001000|N|AWP|66.98|01||RX2026060100000292|0|Y|6664030||||||AETNA
002026060100000293|1234567|0987654|N|001|AC123456|PPO|RX|PPO001|F|01|I|W000000159|Harris|Emma|52540|262868143|W000000159|W000000159|Harris|Emma|F|EE|19830903|||P|N|NY0001|OFF0067|Harris Emma|DR000143|12|1852 PHARMACY ST||7000067|22943|20260514|20260514|00002774601|Trulicity 0.75mg|3|N|M|M|4|0|60|60|1500.00|8.91|2100.00|0.00|0.00|80.00|1428.91|0.00|0.00|2720006000|N|AWP|1487.08|01||RX2026060100000293|0|N|9395607||||||AETNA
002026060100000294|1234567|0987654|N|001|AC123456|PPO|RX|PPO001|F|01|I|W000000289|Martin|Sofia|56224||W000000680|W000000680|Martin|Isabella|F|CH|20191024|||P|N|NY0001|OFF0021|Martin Isabella|DR000128|12|6752 PHARMACY ST||7000021|21364|20260419|20260419|51479087501|Jardiance 10mg|3|N|R|R|1|0|30|30|480.00|2.92|700.00|0.00|0.00|60.00|422.92|0.00|0.00|2720005000|N|AWP|459.44|01||RX2026060100000294|0|N|9217125||||||AETNA
002026060100000295|1234567|0987654|N|001|AC123456|PPO|RX|PPO001|F|01|I|W000000176|Miller|Evelyn|99111|915686434|W000000176|W000000176|Miller|Evelyn|F|EE|19740909|||P|N|NY0001|OFF0068|Miller Evelyn|DR000111|04|6394 PHARMACY ST||7000068|29538|20260509|20260509|00093721956|Metformin 500mg|1|Y|R|M|1|2|90|60|18.75|5.43|27.00|0.00|0.00|10.00|14.18|0.00|0.00|2720002000|N|AWP|18.35|01||RX2026060100000295|0|Y|4421350||||||AETNA
002026060100000296|1234567|0987654|N|001|AC123456|PPO|RX|PPO001|F|01|I|W000000058|Lee|Carter|52915|958912941|W000000058|W000000058|Lee|Carter|M|EE|19800816|||P|N|NY0001|OFF0072|Lee Carter|DR000123|38|6964 PHARMACY ST||7000072|25976|20260531|20260531|00002774601|Trulicity 0.75mg|3|N|R|R|1|1|60|90|1500.00|6.22|2100.00|0.00|0.00|120.00|1386.22|0.00|0.00|2720006000|N|AWP|1477.62|01||RX2026060100000296|0|N|3567551||||||AETNA
002026060100000297|1234567|0987654|N|001|AC123456|PPO|RX|PPO001|F|01|I|W000000173|Young|Grace|95432|737353038|W000000173|W000000173|Young|Grace|F|EE|19850219|||D|N|NY0001|OFF0002|Young Grace|DR000150|01|914 PHARMACY ST||7000002|17776|20260526|20260525|00093310505|Sertraline 50mg|1|Y|M|R|0|0|90|30|31.50|5.90|45.00|0.00|0.00|15.00|0.00|0.00|0.00|5800002000|N|AWP|30.28|01||RX2026060100000297|0|N|9728588||||||AETNA
002026060100000298|1234567|0987654|N|001|AC123456|PPO|RX|PPO001|F|01|I|W000000327|Hernandez|Benjamin|81662|650141813|W000000327|W000000327|Hernandez|Benjamin|M|EE|19930112|||D|N|NY0001|OFF0005|Hernandez Benjamin|DR000052|12|1004 PHARMACY ST||7000005|40491|20260422|20260420|00002774601|Trulicity 0.75mg|3|N|R|R|1|0|30|90|750.00|7.40|1050.00|0.00|109.32|120.00|0.00|0.00|0.00|2720006000|N|AWP|728.68|01||RX2026060100000298|0|N|9484134||||||AETNA
002026060100000299|1234567|0987654|N|001|AC123456|PPO|RX|PPO001|F|01|I|W000000208|Walker|Samuel|99952|223742015|W000000208|W000000208|Walker|Samuel|M|EE|19770515|||P|N|NY0001|OFF0021|Walker Samuel|DR000145|09|4975 PHARMACY ST||7000021|21364|20260510|20260508|00169750111|Ozempic 0.5mg pen|3|N|M|R|4|0|90|60|2160.00|4.48|3300.00|0.00|96.70|120.00|1947.78|0.00|0.00|2720004000|N|AWP|2155.23|01||RX2026060100000299|0|N|2551624||||||AETNA
002026060100000300|1234567|0987654|N|001|AC123456|PPO|RX|PPO001|F|01|I|W000000319|Robinson|Grace|14301||W000000463|W000000463|Robinson|Aria|F|CH|20000601|||P|N|NY0001|OFF0032|Robinson Aria|DR000133|10|7379 PHARMACY ST||7000032|21428|20260501|20260429|00006098154|Januvia 100mg|3|N|R|M|1|0|90|30|855.00|5.24|1260.00|0.00|126.09|120.00|614.15|0.00|0.00|2720003000|N|AWP|845.06|01||RX2026060100000300|0|N|6881437||||||AETNA
002026060100000301|1234567|0987654|N|001|AC123456|PPO|RX|PPO001|F|01|I|W000000028|Brown|Oliver|41574||W000000664|W000000664|Brown|Daniel|M|CH|20120818|||P|N|NY0001|OFF0059|Brown Daniel|DR000096|08|366 PHARMACY ST||7000059|89642|20260412|20260412|00002774601|Trulicity 0.75mg|3|N|R|R|2|0|90|60|2250.00|7.62|3150.00|0.00|0.00|60.00|2197.62|0.00|0.00|2720006000|N|AWP|2235.92|01||RX2026060100000301|0|Y|1666460||||||AETNA
002026060100000302|1234567|0987654|N|001|AC123456|PPO|RX|PPO001|F|01|I|W000000214|White|Sofia|63252||W000000614|W000000614|White|Carter|M|SP|19941220|||P|N|NY0001|OFF0045|White Carter|DR000064|08|7863 PHARMACY ST||7000045|35102|20260501|20260430|00378395305|Levothyroxine 50mcg|1|Y|R|R|0|0|60|90|22.00|6.90|32.00|0.00|0.00|5.00|23.90|0.00|0.00|5400001000|N|AWP|21.50|01||RX2026060100000302|0|N|9665009||||||AETNA
002026060100000303|1234567|0987654|N|001|AC123456|PPO|RX|PPO001|F|01|I|W000000246|Gonzalez|Ava|91913|529584665|W000000246|W000000246|Gonzalez|Ava|F|EE|19820118|||P|N|NY0001|OFF0078|Gonzalez Ava|DR000049|01|6190 PHARMACY ST||7000078|96216|20260520|20260520|00093310505|Sertraline 50mg|1|Y|R|M|4|0|90|60|31.50|8.55|45.00|0.00|0.00|10.00|30.05|0.00|0.00|5800002000|N|AWP|30.31|01||RX2026060100000303|0|N|6605532||||||AETNA
002026060100000304|1234567|0987654|N|001|AC123456|PPO|RX|PPO001|F|01|I|W000000311|Smith|Mia|52038||W000000591|W000000591|Smith|Sebastian|M|CH|20170702|||P|N|NY0001|OFF0003|Smith Sebastian|DR000138|12|6384 PHARMACY ST||7000003|49549|20260404|20260403|00781107905|Amlodipine 5mg|1|Y|R|R|5|0|90|30|27.00|2.81|40.50|0.00|0.00|10.00|19.81|0.00|0.00|3600002000|N|AWP|26.46|01||RX2026060100000304|0|N|7311624||||||AETNA
002026060100000305|1234567|0987654|N|001|AC123456|PPO|RX|PPO001|F|01|I|W000000116|Williams|Evelyn|69479||W000000589|W000000589|Williams|Emily|F|CH|20070914|||P|N|NY0001|OFF0064|Williams Emily|DR000032|40|5743 PHARMACY ST||7000064|31031|20260506|20260505|00310015620|Eliquis 5mg|2|N|R|M|4|1|30|60|290.00|2.92|420.00|0.00|35.22|30.00|227.70|0.00|0.00|3300001000|N|AWP|282.59|01||RX2026060100000305|0|Y|1314838||||||AETNA
002026060100000306|1234567|0987654|N|001|AC123456|PPO|RX|PPO001|F|01|I|W000000169|Moore|Abigail|61368|435355907|W000000169|W000000169|Moore|Abigail|F|EE|19760326|||P|N|NY0001|OFF0065|Moore Abigail|DR000040|05|1478 PHARMACY ST||7000065|52528|20260424|20260423|00006098154|Januvia 100mg|3|N|M|M|2|0|60|60|570.00|5.85|840.00|0.00|0.00|100.00|475.85|0.00|0.00|2720003000|N|AWP|551.18|01||RX2026060100000306|0|Y|8273387||||||AETNA
002026060100000307|1234567|0987654|N|001|AC123456|PPO|RX|PPO001|F|01|I|W000000243|Robinson|Noah|60935||W000000521|W000000521|Robinson|Oliver|M|CH|20080505|||P|N|NY0001|OFF0069|Robinson Oliver|DR000071|12|5386 PHARMACY ST||7000069|63078|20260518|20260518|00247100552|Albuterol HFA Inhaler|2|N|M|M|4|0|30|30|35.00|9.86|55.00|0.00|0.00|35.00|9.86|0.00|0.00|4400001000|N|AWP|34.58|01||RX2026060100000307|0|N|1995352||||||AETNA
002026060100000308|1234567|0987654|N|001|AC123456|PPO|RX|PPO001|F|01|I|W000000312|Lewis|Emily|68052||W000000665|W000000665|Lewis|Avery|F|CH|20020805|||P|N|NY0001|OFF0011|Lewis Avery|DR000101|08|8182 PHARMACY ST||7000011|42028|20260407|20260405|00054418925|Atorvastatin 20mg|2|Y|R|R|1|0|90|90|36.00|2.96|54.00|0.00|0.00|30.00|8.96|0.00|0.00|3900001000|N|AWP|35.07|01||RX2026060100000308|0|N|1767969||||||AETNA
002026060100000309|1234567|0987654|N|001|AC123456|PPO|RX|PPO001|F|01|I|W000000170|Williams|Grace|98424|518524381|W000000170|W000000170|Williams|Grace|F|EE|19770226|||P|N|NY0001|OFF0040|Williams Grace|DR000092|08|9980 PHARMACY ST||7000040|92147|20260521|20260519|00378395305|Levothyroxine 50mcg|1|Y|R|R|4|3|30|90|11.00|7.32|16.00|0.00|0.04|15.00|3.28|0.00|0.00|5400001000|N|AWP|10.87|01||RX2026060100000309|0|Y|7465845||||||AETNA
002026060100000310|1234567|0987654|N|001|AC123456|PPO|RX|PPO001|F|01|I|W000000274|Jackson|Harper|51927|963832542|W000000274|W000000274|Jackson|Harper|F|EE|19710903|||P|N|NY0001|OFF0007|Jackson Harper|DR000054|50|6940 PHARMACY ST||7000007|94226|20260518|20260518|00310015615|Humira 40mg/0.4mL|3|N|R|R|4|1|90|90|14400.00|2.68|20400.00|0.00|259.40|60.00|14083.28|0.00|0.00|8000001000|N|AWP|13938.63|01||RX2026060100000310|0|N|4043150||||||AETNA
002026060100000311|1234567|0987654|N|001|AC123456|PPO|RX|PPO001|F|01|I|W000000139|Clark|Lucas|24404|622649283|W000000139|W000000139|Clark|Lucas|M|EE|19870609|||P|N|NY0001|OFF0078|Clark Lucas|DR000020|50|1004 PHARMACY ST||7000078|96216|20260414|20260414|00006098154|Januvia 100mg|3|N|R|R|2|0|60|90|570.00|8.42|840.00|0.00|31.69|120.00|426.73|0.00|0.00|2720003000|N|AWP|555.07|01||RX2026060100000311|0|N|6069923||||||AETNA
002026060100000312|1234567|0987654|N|001|AC123456|PPO|RX|PPO001|F|01|I|W000000366|Davis|Lucas|46944|972511995|W000000366|W000000366|Davis|Lucas|M|EE|19910918|||P|N|NY0001|OFF0036|Davis Lucas|DR000037|40|1978 PHARMACY ST||7000036|11799|20260509|20260509|51479087501|Jardiance 10mg|3|N|R|R|0|0|90|90|1440.00|9.96|2100.00|0.00|42.92|120.00|1287.04|0.00|0.00|2720005000|N|AWP|1413.32|01||RX2026060100000312|0|N|8334324||||||AETNA
002026060100000313|1234567|0987654|N|001|AC123456|PPO|RX|PPO001|F|01|I|W000000209|Jackson|Joseph|20944||W000000484|W000000484|Jackson|Carter|M|CH|20200426|||P|N|NY0001|OFF0009|Jackson Carter|DR000086|08|8027 PHARMACY ST||7000009|55249|20260529|20260529|65862001705|Omeprazole 20mg|1|Y|R|R|3|0|90|60|22.50|8.73|33.00|0.00|0.00|15.00|16.23|0.00|0.00|4920001000|N|AWP|21.92|01||RX2026060100000313|0|N|5105887||||||AETNA
002026060100000314|1234567|0987654|N|001|AC123456|PPO|RX|PPO001|F|01|I|W000000222|Williams|Ava|77617||W000000441|W000000441|Williams|James|M|CH|20140109|||P|N|NY0001|OFF0007|Williams James|DR000028|11|3147 PHARMACY ST||7000007|94226|20260521|20260520|00310015620|Eliquis 5mg|2|N|R|R|5|1|60|90|580.00|8.15|840.00|0.00|0.00|30.00|558.15|0.00|0.00|3300001000|N|AWP|578.59|01||RX2026060100000314|0|N|8092035||||||AETNA
002026060100000315|1234567|0987654|N|001|AC123456|PPO|RX|PPO001|F|01|I|W000000066|Wilson|Nora|33185||W000000641|W000000641|Wilson|James|M|CH|20010202|||P|N|NY0001|OFF0011|Wilson James|DR000036|40|4582 PHARMACY ST||7000011|42028|20260518|20260517|51479087501|Jardiance 10mg|3|N|R|R|2|0|60|90|960.00|4.71|1400.00|0.00|33.47|100.00|831.24|0.00|0.00|2720005000|N|AWP|923.50|01||RX2026060100000315|0|Y|8800657||||||AETNA
002026060100000316|1234567|0987654|N|001|AC123456|PPO|RX|PPO001|F|01|I|W000000356|Rodriguez|Isabella|71870|225546453|W000000356|W000000356|Rodriguez|Isabella|F|EE|19940701|||P|N|NY0001|OFF0067|Rodriguez Isabella|DR000079|12|4145 PHARMACY ST||7000067|22943|20260413|20260411|00054418925|Atorvastatin 20mg|2|Y|R|R|4|1|30|60|12.00|6.15|18.00|0.00|0.94|30.00|0.00|0.00|0.00|3900001000|N|AWP|11.47|01||RX2026060100000316|0|N|5971963||||||AETNA
002026060100000317|1234567|0987654|N|001|AC123456|PPO|RX|PPO001|F|01|I|W000000124|Young|Scarlett|58671|372458074|W000000124|W000000124|Young|Scarlett|F|EE|19610205|||P|N|NY0001|OFF0009|Young Scarlett|DR000043|08|8375 PHARMACY ST||7000009|55249|20260520|20260520|00169750111|Ozempic 0.5mg pen|3|N|M|R|2|3|60|90|1440.00|3.07|2200.00|0.00|0.00|100.00|1343.07|0.00|0.00|2720004000|N|AWP|1413.07|01||RX2026060100000317|0|N|9928770||||||AETNA
002026060100000318|1234567|0987654|N|001|AC123456|PPO|RX|PPO001|F|01|I|W000000352|Williams|Harper|36114||W000000551|W000000551|Williams|Benjamin|M|CH|20120324|||P|N|NY0001|OFF0062|Williams Benjamin|DR000111|09|5073 PHARMACY ST||7000062|12286|20260509|20260507|00006098154|Januvia 100mg|3|N|R|R|4|2|30|60|285.00|8.89|420.00|0.00|0.00|120.00|173.89|0.00|0.00|2720003000|N|AWP|277.15|01||RX2026060100000318|0|Y|9189715||||||AETNA
002026060100000319|1234567|0987654|N|001|AC123456|PPO|RX|PPO001|F|01|I|W000000165|Clark|Scarlett|72716|699108661|W000000165|W000000165|Clark|Scarlett|F|EE|19770119|||P|N|NY0001|OFF0009|Clark Scarlett|DR000008|01|5513 PHARMACY ST||7000009|55249|20260530|20260528|00247100552|Albuterol HFA Inhaler|2|N|M|M|1|0|90|60|105.00|2.37|165.00|0.00|0.00|30.00|77.37|0.00|0.00|4400001000|N|AWP|101.00|01||RX2026060100000319|0|N|5163642||||||AETNA
002026060100000320|1234567|0987654|N|001|AC123456|PPO|RX|PPO001|F|01|I|W000000318|Davis|Elizabeth|65669||W000000467|W000000467|Davis|Sofia|F|CH|20020810|||P|N|NY0001|OFF0075|Davis Sofia|DR000049|07|3206 PHARMACY ST||7000075|52523|20260519|20260517|00781107905|Amlodipine 5mg|1|Y|R|R|0|0|90|30|27.00|2.75|40.50|0.00|3.30|5.00|21.45|0.00|0.00|3600002000|N|AWP|26.56|01||RX2026060100000320|0|N|3105780||||||AETNA
002026060100000321|1234567|0987654|N|001|AC123456|PPO|RX|PPO001|F|01|I|W000000190|Sanchez|Ava|55973|877969812|W000000190|W000000190|Sanchez|Ava|F|EE|19910217|||P|N|NY0001|OFF0030|Sanchez Ava|DR000133|40|586 PHARMACY ST||7000030|87853|20260519|20260518|65862001705|Omeprazole 20mg|1|Y|R|R|3|1|60|60|15.00|5.87|22.00|0.00|0.00|15.00|5.87|0.00|0.00|4920001000|N|AWP|14.30|01||RX2026060100000321|0|Y|8817862||||||AETNA
002026060100000322|1234567|0987654|N|001|AC123456|PPO|RX|PPO001|F|01|I|W000000032|Harris|Sebastian|23508||W000000452|W000000452|Harris|Ethan|M|SP|19710311|||P|N|NY0001|OFF0014|Harris Ethan|DR000073|09|9914 PHARMACY ST||7000014|43206|20260403|20260403|00169750111|Ozempic 0.5mg pen|3|N|R|M|3|3|30|30|720.00|6.99|1100.00|0.00|0.00|100.00|626.99|0.00|0.00|2720004000|N|AWP|704.40|01||RX2026060100000322|0|N|6914520||||||AETNA
002026060100000323|1234567|0987654|N|001|AC123456|PPO|RX|PPO001|F|01|I|W000000310|Jackson|Riley|90089||W000000566|W000000566|Jackson|Liam|M|SP|19830506|||P|N|NY0001|OFF0072|Jackson Liam|DR000081|04|8073 PHARMACY ST||7000072|25976|20260511|20260510|63304082805|Metoprolol 25mg|1|Y|M|R|5|0|60|90|16.00|6.59|24.00|0.00|1.28|5.00|16.31|0.00|0.00|3700002000|N|AWP|15.85|01||RX2026060100000323|0|N|9152070||||||AETNA
002026060100000324|1234567|0987654|N|001|AC123456|PPO|RX|PPO001|F|01|I|W000000370|Young|Samuel|88348||W000000537|W000000537|Young|Scarlett|F|CH|20121109|||P|N|NY0001|OFF0032|Young Scarlett|DR000001|05|7512 PHARMACY ST||7000032|21428|20260411|20260410|65862001705|Omeprazole 20mg|1|Y|R|R|5|0|60|90|15.00|5.12|22.00|0.00|0.00|10.00|10.12|0.00|0.00|4920001000|N|AWP|14.38|01||RX2026060100000324|0|Y|2120435||||||AETNA
002026060100000325|1234567|0987654|N|001|AC123456|PPO|RX|PPO001|F|01|I|W000000032|Harris|Sebastian|23508|680732359|W000000032|W000000032|Harris|Sebastian|M|EE|19880405|||P|N|NY0001|OFF0032|Harris Sebastian|DR000070|04|9061 PHARMACY ST||7000032|21428|20260525|20260523|00006098154|Januvia 100mg|3|N|R|M|3|1|90|90|855.00|3.04|1260.00|0.00|0.00|60.00|798.04|0.00|0.00|2720003000|N|AWP|845.10|01||RX2026060100000325|0|N|3411068||||||AETNA
002026060100000326|1234567|0987654|N|001|AC123456|PPO|RX|PPO001|F|01|I|W000000144|Jackson|Emily|38734|523455404|W000000144|W000000144|Jackson|Emily|F|EE|19601211|||P|N|NY0001|OFF0045|Jackson Emily|DR000038|08|7387 PHARMACY ST||7000045|35102|20260501|20260501|00093310505|Sertraline 50mg|1|Y|R|R|1|0|60|60|21.00|4.49|30.00|0.00|1.50|5.00|18.99|0.00|0.00|5800002000|N|AWP|20.45|01||RX2026060100000326|0|Y|4965230||||||AETNA
002026060100000327|1234567|0987654|N|001|AC123456|PPO|RX|PPO001|F|01|I|W000000197|Rodriguez|Sebastian|17567||W000000518|W000000518|Rodriguez|James|M|SP|19930703|||P|N|NY0001|OFF0014|Rodriguez James|DR000108|06|2488 PHARMACY ST||7000014|43206|20260522|20260520|00310015615|Humira 40mg/0.4mL|3|N|M|R|5|3|90|30|14400.00|6.46|20400.00|0.00|0.00|80.00|14326.46|0.00|0.00|8000001000|N|AWP|13842.81|01||RX2026060100000327|0|Y|9172379||||||AETNA
002026060100000328|1234567|0987654|N|001|AC123456|PPO|RX|PPO001|F|01|I|W000000209|Jackson|Joseph|20944|693941480|W000000209|W000000209|Jackson|Joseph|M|EE|19691124|||P|N|NY0001|OFF0020|Jackson Joseph|DR000112|01|8946 PHARMACY ST||7000020|84417|20260529|20260529|00310015620|Eliquis 5mg|2|N|R|M|3|2|90|90|870.00|3.76|1260.00|0.00|68.53|35.00|770.23|0.00|0.00|3300001000|N|AWP|845.46|01||RX2026060100000328|0|N|5942058||||||AETNA
002026060100000329|1234567|0987654|N|001|AC123456|PPO|RX|PPO001|F|01|I|W000000245|Perez|Nora|26467||W000000488|W000000488|Perez|Oliver|M|CH|20110715|||P|N|NY0001|OFF0030|Perez Oliver|DR000086|02|7651 PHARMACY ST||7000030|87853|20260508|20260507|00054418925|Atorvastatin 20mg|2|Y|M|R|3|0|90|30|36.00|3.80|54.00|0.00|0.00|35.00|4.80|0.00|0.00|3900001000|N|AWP|34.47|01||RX2026060100000329|0|Y|5863920||||||AETNA
002026060100000330|1234567|0987654|N|001|AC123456|PPO|RX|PPO001|F|01|I|W000000215|Brown|David|37254|730833854|W000000215|W000000215|Brown|David|M|EE|19610928|||P|N|NY0001|OFF0041|Brown David|DR000121|12|1516 PHARMACY ST||7000041|24910|20260427|20260427|00006098154|Januvia 100mg|3|N|R|R|4|0|90|60|855.00|3.05|1260.00|0.00|57.44|60.00|740.61|0.00|0.00|2720003000|N|AWP|840.23|01||RX2026060100000330|0|N|7362382||||||AETNA
002026060100000331|1234567|0987654|N|001|AC123456|PPO|RX|PPO001|F|01|I|W000000362|Hernandez|Chloe|58401|300524091|W000000362|W000000362|Hernandez|Chloe|F|EE|19710327|||P|N|NY0001|OFF0045|Hernandez Chloe|DR000040|09|1720 PHARMACY ST||7000045|35102|20260403|20260403|00310015620|Eliquis 5mg|2|N|R|R|5|0|30|30|290.00|3.34|420.00|0.00|0.00|30.00|263.34|0.00|0.00|3300001000|N|AWP|282.93|01||RX2026060100000331|0|N|7702555||||||AETNA
002026060100000332|1234567|0987654|N|001|AC123456|PPO|RX|PPO001|F|01|I|W000000322|Rodriguez|Olivia|49355|555615650|W000000322|W000000322|Rodriguez|Olivia|F|EE|19741114|||P|N|NY0001|OFF0022|Rodriguez Olivia|DR000030|11|6767 PHARMACY ST||7000022|45157|20260504|20260503|00310015620|Eliquis 5mg|2|N|M|M|0|1|90|90|870.00|4.81|1260.00|0.00|66.25|35.00|773.56|0.00|0.00|3300001000|N|AWP|866.29|01||RX2026060100000332|0|N|7553197||||||AETNA
002026060100000333|1234567|0987654|N|001|AC123456|PPO|RX|PPO001|F|01|I|W000000286|Thomas|Charlotte|97231|897615794|W000000286|W000000286|Thomas|Charlotte|F|EE|19660519|||P|N|NY0001|OFF0080|Thomas Charlotte|DR000024|01|5131 PHARMACY ST||7000080|28391|20260517|20260516|00054418925|Atorvastatin 20mg|2|Y|M|R|3|0|60|90|24.00|8.06|36.00|0.00|0.37|40.00|0.00|0.00|0.00|3900001000|N|AWP|23.49|01||RX2026060100000333|0|N|2098387||||||AETNA
002026060100000334|1234567|0987654|N|001|AC123456|PPO|RX|PPO001|F|01|I|W000000006|Williams|Liam|23243|274813787|W000000006|W000000006|Williams|Liam|M|EE|19920115|||P|N|NY0001|OFF0048|Williams Liam|DR000030|05|3438 PHARMACY ST||7000048|84514|20260511|20260511|00378395305|Levothyroxine 50mcg|1|Y|M|R|2|0|30|60|11.00|5.58|16.00|0.00|0.00|5.00|11.58|0.00|0.00|5400001000|N|AWP|10.72|01||RX2026060100000334|0|N|9542350||||||AETNA
002026060100000335|1234567|0987654|N|001|AC123456|PPO|RX|PPO001|F|01|I|W000000314|Martin|Sofia|89804|966306782|W000000314|W000000314|Martin|Sofia|F|EE|19910218|||P|N|NY0001|OFF0056|Martin Sofia|DR000024|02|6762 PHARMACY ST||7000056|15004|20260417|20260415|00002774601|Trulicity 0.75mg|3|N|R|R|0|0|60|60|1500.00|5.92|2100.00|0.00|0.00|100.00|1405.92|0.00|0.00|2720006000|N|AWP|1479.33|01||RX2026060100000335|0|N|4370303||||||AETNA
002026060100000336|1234567|0987654|N|001|AC123456|PPO|RX|PPO001|F|01|I|W000000189|Harris|Zoey|86546||W000000408|W000000408|Harris|Harper|F|CH|20020427|||D|N|NY0001|OFF0054|Harris Harper|DR000099|07|9157 PHARMACY ST||7000054|64618|20260505|20260504|00169750111|Ozempic 0.5mg pen|3|N|R|R|1|0|30|30|720.00|3.66|1100.00|0.00|0.00|80.00|0.00|0.00|0.00|2720004000|N|AWP|686.97|01||RX2026060100000336|0|N|2919319||||||AETNA
002026060100000337|1234567|0987654|N|001|AC123456|PPO|RX|PPO001|F|01|I|W000000083|Miller|Benjamin|19174|322281932|W000000083|W000000083|Miller|Benjamin|M|EE|19810306|||P|N|NY0001|OFF0036|Miller Benjamin|DR000129|07|9819 PHARMACY ST||7000036|11799|20260522|20260520|00054418925|Atorvastatin 20mg|2|Y|R|R|4|0|90|60|36.00|9.13|54.00|0.00|0.00|35.00|10.13|0.00|0.00|3900001000|N|AWP|35.69|01||RX2026060100000337|0|N|1818426||||||AETNA
002026060100000338|1234567|0987654|N|001|AC123456|PPO|RX|PPO001|F|01|I|W000000129|Brown|Liam|52557|832418062|W000000129|W000000129|Brown|Liam|M|EE|19910613|||P|N|NY0001|OFF0039|Brown Liam|DR000022|04|575 PHARMACY ST||7000039|13419|20260421|20260419|51479087501|Jardiance 10mg|3|N|M|R|3|3|90|60|1440.00|6.73|2100.00|0.00|0.00|100.00|1346.73|0.00|0.00|2720005000|N|AWP|1413.41|01||RX2026060100000338|0|N|1472647||||||AETNA
002026060100000339|1234567|0987654|N|001|AC123456|PPO|RX|PPO001|F|01|I|W000000089|Jackson|Lucas|86147|315588439|W000000089|W000000089|Jackson|Lucas|M|EE|19901003|||P|N|NY0001|OFF0004|Jackson Lucas|DR000008|07|3520 PHARMACY ST||7000004|88450|20260525|20260524|00247100552|Albuterol HFA Inhaler|2|N|R|R|5|0|90|30|105.00|9.27|165.00|0.00|0.00|30.00|84.27|0.00|0.00|4400001000|N|AWP|103.89|01||RX2026060100000339|0|Y|6331766||||||AETNA
002026060100000340|1234567|0987654|N|001|AC123456|PPO|RX|PPO001|F|01|I|W000000088|Lopez|Sofia|93789|537589625|W000000088|W000000088|Lopez|Sofia|F|EE|19850107|||P|N|NY0001|OFF0026|Lopez Sofia|DR000072|04|1589 PHARMACY ST||7000026|71689|20260503|20260501|51479087501|Jardiance 10mg|3|N|M|R|5|0|30|90|480.00|8.05|700.00|0.00|43.83|120.00|324.22|0.00|0.00|2720005000|N|AWP|468.11|01||RX2026060100000340|0|Y|7407680||||||AETNA
002026060100000341|1234567|0987654|N|001|AC123456|PPO|RX|PPO001|F|01|I|W000000136|Hernandez|Ava|60237||W000000477|W000000477|Hernandez|Benjamin|M|CH|20200917|||P|N|NY0001|OFF0079|Hernandez Benjamin|DR000034|09|2996 PHARMACY ST||7000079|29062|20260512|20260511|00310015615|Humira 40mg/0.4mL|3|N|R|R|5|2|60|30|9600.00|6.34|13600.00|0.00|0.00|120.00|9486.34|0.00|0.00|8000001000|N|AWP|9518.34|01||RX2026060100000341|0|Y|5501405||||||AETNA
002026060100000342|1234567|0987654|N|001|AC123456|PPO|RX|PPO001|F|01|I|W000000296|White|Sofia|35274||W000000606|W000000606|White|Ethan|M|SP|19760404|||P|N|NY0001|OFF0063|White Ethan|DR000149|09|7118 PHARMACY ST||7000063|98594|20260422|20260421|00781107905|Amlodipine 5mg|1|Y|R|R|1|1|90|30|27.00|2.15|40.50|0.00|0.00|5.00|24.15|0.00|0.00|3600002000|N|AWP|26.54|01||RX2026060100000342|0|N|9839404||||||AETNA
002026060100000343|1234567|0987654|N|001|AC123456|PPO|RX|PPO001|F|01|I|W000000316|Anderson|Noah|67046|583363383|W000000316|W000000316|Anderson|Noah|M|EE|19660325|||P|N|NY0001|OFF0074|Anderson Noah|DR000022|04|9765 PHARMACY ST||7000074|29283|20260526|20260524|00310015620|Eliquis 5mg|2|N|R|R|0|0|60|90|580.00|7.35|840.00|0.00|0.00|30.00|557.35|0.00|0.00|3300001000|N|AWP|577.39|01||RX2026060100000343|0|Y|7417194||||||AETNA
002026060100000344|1234567|0987654|N|001|AC123456|PPO|RX|PPO001|F|01|I|W000000020|Jones|Abigail|16539|422813334|W000000020|W000000020|Jones|Abigail|F|EE|19930918|||P|N|NY0001|OFF0069|Jones Abigail|DR000011|12|5186 PHARMACY ST||7000069|63078|20260504|20260502|00247100552|Albuterol HFA Inhaler|2|N|R|R|3|2|60|90|70.00|9.47|110.00|0.00|0.00|30.00|49.47|0.00|0.00|4400001000|N|AWP|66.94|01||RX2026060100000344|0|Y|4265190||||||AETNA
002026060100000345|1234567|0987654|N|001|AC123456|PPO|RX|PPO001|F|01|I|W000000310|Jackson|Riley|90089|997106913|W000000310|W000000310|Jackson|Riley|F|EE|19801022|||P|N|NY0001|OFF0017|Jackson Riley|DR000026|38|5537 PHARMACY ST||7000017|13238|20260510|20260509|00247100552|Albuterol HFA Inhaler|2|N|R|R|3|0|30|30|35.00|8.14|55.00|0.00|0.00|30.00|13.14|0.00|0.00|4400001000|N|AWP|33.41|01||RX2026060100000345|0|Y|7839421||||||AETNA
002026060100000346|1234567|0987654|N|001|AC123456|PPO|RX|PPO001|F|01|I|W000000311|Smith|Mia|52038|326289996|W000000311|W000000311|Smith|Mia|F|EE|19710203|||P|N|NY0001|OFF0070|Smith Mia|DR000095|07|2961 PHARMACY ST||7000070|89690|20260528|20260526|00247100552|Albuterol HFA Inhaler|2|N|R|R|2|0|60|60|70.00|4.31|110.00|0.00|0.00|30.00|44.31|0.00|0.00|4400001000|N|AWP|67.39|01||RX2026060100000346|0|N|6086103||||||AETNA
002026060100000347|1234567|0987654|N|001|AC123456|PPO|RX|PPO001|F|01|I|W000000016|Williams|Jacob|85993|111737894|W000000016|W000000016|Williams|Jacob|M|EE|19650902|||P|N|NY0001|OFF0074|Williams Jacob|DR000093|04|6342 PHARMACY ST||7000074|29283|20260523|20260521|00093721956|Metformin 500mg|1|Y|R|R|3|0|90|60|18.75|2.03|27.00|0.00|0.00|15.00|5.78|0.00|0.00|2720002000|N|AWP|18.68|01||RX2026060100000347|0|Y|2372169||||||AETNA
002026060100000348|1234567|0987654|N|001|AC123456|PPO|RX|PPO001|F|01|I|W000000108|Perez|Scarlett|81815|888176578|W000000108|W000000108|Perez|Scarlett|F|EE|19620926|||P|N|NY0001|OFF0026|Perez Scarlett|DR000134|10|8323 PHARMACY ST||7000026|71689|20260503|20260503|00378395305|Levothyroxine 50mcg|1|Y|R|M|0|2|90|90|33.00|8.31|48.00|0.00|4.80|10.00|26.51|0.00|0.00|5400001000|N|AWP|32.65|01||RX2026060100000348|0|Y|7984939||||||AETNA
002026060100000349|1234567|0987654|N|001|AC123456|PPO|RX|PPO001|F|01|I|W000000127|Jones|Oliver|25643||W000000440|W000000440|Jones|Liam|M|CH|20050401|||P|N|NY0001|OFF0030|Jones Liam|DR000067|04|1865 PHARMACY ST||7000030|87853|20260413|20260413|00378395305|Levothyroxine 50mcg|1|Y|R|R|2|2|60|90|22.00|5.01|32.00|0.00|0.00|5.00|22.01|0.00|0.00|5400001000|N|AWP|21.37|01||RX2026060100000349|0|N|7240237||||||AETNA
002026060100000350|1234567|0987654|N|001|AC123456|PPO|RX|PPO001|F|01|I|W000000256|Perez|Logan|33333|448964298|W000000256|W000000256|Perez|Logan|M|EE|19721020|||P|N|NY0001|OFF0075|Perez Logan|DR000020|50|3416 PHARMACY ST||7000075|52523|20260512|20260512|00310015615|Humira 40mg/0.4mL|3|N|M|R|4|0|60|90|9600.00|6.42|13600.00|0.00|1152.91|100.00|8353.51|0.00|0.00|8000001000|N|AWP|9552.74|01||RX2026060100000350|0|N|1370462||||||AETNA
002026060100000351|1234567|0987654|N|001|AC123456|PPO|RX|PPO001|F|01|I|W000000256|Perez|Logan|33333||W000000471|W000000471|Perez|Emily|F|CH|20081112|||P|N|NY0001|OFF0079|Perez Emily|DR000108|04|7837 PHARMACY ST||7000079|29062|20260420|20260420|00093310505|Sertraline 50mg|1|Y|R|R|4|2|30|60|10.50|4.83|15.00|0.00|0.00|10.00|5.33|0.00|0.00|5800002000|N|AWP|10.42|01||RX2026060100000351|0|N|5403083||||||AETNA
002026060100000352|1234567|0987654|N|001|AC123456|PPO|RX|PPO001|F|01|I|W000000182|Williams|Sebastian|78402||W000000425|W000000425|Williams|Liam|M|CH|20190716|||P|N|NY0001|OFF0001|Williams Liam|DR000138|11|9920 PHARMACY ST||7000001|76468|20260407|20260407|00781107905|Amlodipine 5mg|1|Y|R|R|0|3|90|60|27.00|6.22|40.50|0.00|2.93|15.00|15.29|0.00|0.00|3600002000|N|AWP|26.66|01||RX2026060100000352|0|N|7290352||||||AETNA
002026060100000353|1234567|0987654|N|001|AC123456|PPO|RX|PPO001|F|01|I|W000000234|Ramirez|Jacob|25757|955103114|W000000234|W000000234|Ramirez|Jacob|M|EE|19911219|||P|N|NY0001|OFF0058|Ramirez Jacob|DR000015|08|6370 PHARMACY ST||7000058|48426|20260410|20260410|00310015620|Eliquis 5mg|2|N|R|R|0|0|30|30|290.00|4.06|420.00|0.00|30.66|35.00|228.40|0.00|0.00|3300001000|N|AWP|281.75|01||RX2026060100000353|0|Y|4141855||||||AETNA
002026060100000354|1234567|0987654|N|001|AC123456|PPO|RX|PPO001|F|01|I|W000000284|Robinson|Alexander|99426|419126990|W000000284|W000000284|Robinson|Alexander|M|EE|19780706|||P|N|NY0001|OFF0073|Robinson Alexander|DR000060|38|4031 PHARMACY ST||7000073|40156|20260407|20260407|51479087501|Jardiance 10mg|3|N|R|R|5|0|60|90|960.00|2.31|1400.00|0.00|0.00|60.00|902.31|0.00|0.00|2720005000|N|AWP|923.30|01||RX2026060100000354|0|N|1304707||||||AETNA
002026060100000355|1234567|0987654|N|001|AC123456|PPO|RX|PPO001|F|01|I|W000000343|Moore|David|63368|296491483|W000000343|W000000343|Moore|David|M|EE|19730622|||P|N|NY0001|OFF0011|Moore David|DR000064|07|3774 PHARMACY ST||7000011|42028|20260429|20260429|00310015620|Eliquis 5mg|2|N|R|R|4|0|60|30|580.00|7.29|840.00|0.00|0.00|40.00|547.29|0.00|0.00|3300001000|N|AWP|557.45|01||RX2026060100000355|0|Y|3750185||||||AETNA
002026060100000356|1234567|0987654|N|001|AC123456|PPO|RX|PPO001|F|01|I|W000000072|Jones|Joseph|28543|114496733|W000000072|W000000072|Jones|Joseph|M|EE|19871028|||P|N|NY0001|OFF0045|Jones Joseph|DR000038|05|2318 PHARMACY ST||7000045|35102|20260421|20260419|00054418925|Atorvastatin 20mg|2|Y|R|R|4|1|90|30|36.00|3.31|54.00|0.00|2.49|30.00|6.82|0.00|0.00|3900001000|N|AWP|34.55|01||RX2026060100000356|0|N|6335854||||||AETNA
002026060100000357|1234567|0987654|N|001|AC123456|PPO|RX|PPO001|F|01|I|W000000005|Garcia|Aria|23173|123433954|W000000005|W000000005|Garcia|Aria|F|EE|19640727|||P|N|NY0001|OFF0046|Garcia Aria|DR000052|11|4716 PHARMACY ST||7000046|49598|20260425|20260424|00071015223|Lisinopril 10mg|1|Y|M|R|3|0|30|60|8.50|5.22|12.00|0.00|0.00|5.00|8.72|0.00|0.00|3600001000|N|AWP|8.44|01||RX2026060100000357|0|Y|6715064||||||AETNA
002026060100000358|1234567|0987654|N|001|AC123456|PPO|RX|PPO001|F|01|I|W000000195|Davis|Zoey|43724|164194290|W000000195|W000000195|Davis|Zoey|F|EE|19701128|||P|N|NY0001|OFF0014|Davis Zoey|DR000079|40|1672 PHARMACY ST||7000014|43206|20260416|20260414|00093721956|Metformin 500mg|1|Y|R|M|0|2|30|30|6.25|6.47|9.00|0.00|0.04|5.00|7.68|0.00|0.00|2720002000|N|AWP|5.98|01||RX2026060100000358|0|N|4662514||||||AETNA
002026060100000359|1234567|0987654|N|001|AC123456|PPO|RX|PPO001|F|01|I|W000000322|Rodriguez|Olivia|49355|555615650|W000000322|W000000322|Rodriguez|Olivia|F|EE|19741114|||P|N|NY0001|OFF0038|Rodriguez Olivia|DR000010|50|7768 PHARMACY ST||7000038|35152|20260405|20260404|00006098154|Januvia 100mg|3|N|R|R|4|0|90|60|855.00|2.48|1260.00|0.00|64.93|60.00|732.55|0.00|0.00|2720003000|N|AWP|852.72|01||RX2026060100000359|0|Y|8782826||||||AETNA
002026060100000360|1234567|0987654|N|001|AC123456|PPO|RX|PPO001|F|01|I|W000000085|Thomas|Jacob|40865|824204042|W000000085|W000000085|Thomas|Jacob|M|EE|19730328|||P|N|NY0001|OFF0023|Thomas Jacob|DR000069|12|1176 PHARMACY ST||7000023|62109|20260419|20260417|00093721956|Metformin 500mg|1|Y|R|M|0|1|30|90|6.25|5.96|9.00|0.00|0.00|10.00|2.21|0.00|0.00|2720002000|N|AWP|5.97|01||RX2026060100000360|0|Y|4702030||||||AETNA
002026060100000361|1234567|0987654|N|001|AC123456|PPO|RX|PPO001|F|01|I|W000000132|Hernandez|Charlotte|37879||W000000655|W000000655|Hernandez|Mason|M|CH|20040913|||P|N|NY0001|OFF0074|Hernandez Mason|DR000053|10|303 PHARMACY ST||7000074|29283|20260501|20260430|00310015615|Humira 40mg/0.4mL|3|N|M|R|1|0|60|90|9600.00|7.25|13600.00|0.00|0.00|120.00|9487.25|0.00|0.00|8000001000|N|AWP|9378.76|01||RX2026060100000361|0|N|9947801||||||AETNA
002026060100000362|1234567|0987654|N|001|AC123456|PPO|RX|PPO001|F|01|I|W000000063|Taylor|Matthew|60346|154554458|W000000063|W000000063|Taylor|Matthew|M|EE|19670226|||P|N|NY0001|OFF0033|Taylor Matthew|DR000081|38|3278 PHARMACY ST||7000033|60353|20260426|20260424|00071015223|Lisinopril 10mg|1|Y|R|R|2|0|30|30|8.50|9.60|12.00|0.00|0.25|10.00|7.85|0.00|0.00|3600001000|N|AWP|8.40|01||RX2026060100000362|0|Y|6724784||||||AETNA
002026060100000363|1234567|0987654|N|001|AC123456|PPO|RX|PPO001|F|01|I|W000000293|Gonzalez|Zoey|13885||W000000651|W000000651|Gonzalez|Henry|M|CH|20190228|||P|N|NY0001|OFF0063|Gonzalez Henry|DR000050|12|981 PHARMACY ST||7000063|98594|20260517|20260515|51479087501|Jardiance 10mg|3|N|M|R|1|0|90|30|1440.00|9.40|2100.00|0.00|105.17|120.00|1224.23|0.00|0.00|2720005000|N|AWP|1439.47|01||RX2026060100000363|0|N|7047873||||||AETNA
002026060100000364|1234567|0987654|N|001|AC123456|PPO|RX|PPO001|F|01|I|W000000037|Ramirez|Aria|16500|166627590|W000000037|W000000037|Ramirez|Aria|F|EE|19770207|||P|N|NY0001|OFF0014|Ramirez Aria|DR000105|09|287 PHARMACY ST||7000014|43206|20260411|20260410|00054418925|Atorvastatin 20mg|2|Y|R|R|1|0|90|60|36.00|4.88|54.00|0.00|3.23|35.00|2.65|0.00|0.00|3900001000|N|AWP|34.66|01||RX2026060100000364|0|N|2003028||||||AETNA
002026060100000365|1234567|0987654|N|001|AC123456|PPO|RX|PPO001|F|01|I|W000000128|Clark|Jackson|74434|796512806|W000000128|W000000128|Clark|Jackson|M|EE|19661108|||P|N|NY0001|OFF0059|Clark Jackson|DR000066|12|5821 PHARMACY ST||7000059|89642|20260413|20260411|00054418925|Atorvastatin 20mg|2|Y|R|R|1|0|30|30|12.00|6.86|18.00|0.00|0.00|35.00|0.00|0.00|0.00|3900001000|N|AWP|11.77|01||RX2026060100000365|0|Y|4207374||||||AETNA
002026060100000366|1234567|0987654|N|001|AC123456|PPO|RX|PPO001|F|01|I|W000000049|Martin|Chloe|87735|473619348|W000000049|W000000049|Martin|Chloe|F|EE|19620424|||P|N|NY0001|OFF0013|Martin Chloe|DR000055|06|349 PHARMACY ST||7000013|33170|20260418|20260416|00002774601|Trulicity 0.75mg|3|N|R|R|0|0|60|30|1500.00|4.33|2100.00|0.00|0.00|80.00|1424.33|0.00|0.00|2720006000|N|AWP|1464.02|01||RX2026060100000366|0|Y|6349876||||||AETNA
002026060100000367|1234567|0987654|N|001|AC123456|PPO|RX|PPO001|F|01|I|W000000211|Williams|Mason|19522||W000000676|W000000676|Williams|Matthew|M|CH|20070326|||P|N|NY0001|OFF0040|Williams Matthew|DR000049|04|5161 PHARMACY ST||7000040|92147|20260424|20260422|00310015620|Eliquis 5mg|2|N|R|R|4|2|90|90|870.00|5.71|1260.00|0.00|120.93|35.00|719.78|0.00|0.00|3300001000|N|AWP|851.23|01||RX2026060100000367|0|N|9777402||||||AETNA
002026060100000368|1234567|0987654|N|001|AC123456|PPO|RX|PPO001|F|01|I|W000000044|Young|Sofia|29022|874732285|W000000044|W000000044|Young|Sofia|F|EE|19621207|||P|N|NY0001|OFF0072|Young Sofia|DR000018|50|6295 PHARMACY ST||7000072|25976|20260415|20260414|00169750111|Ozempic 0.5mg pen|3|N|R|M|5|0|90|60|2160.00|8.05|3300.00|0.00|0.00|120.00|2048.05|0.00|0.00|2720004000|N|AWP|2056.41|01||RX2026060100000368|0|Y|5666150||||||AETNA
002026060100000369|1234567|0987654|N|001|AC123456|PPO|RX|PPO001|F|01|I|W000000157|Harris|Logan|49046||W000000574|W000000574|Harris|Olivia|F|CH|20110522|||P|N|NY0001|OFF0063|Harris Olivia|DR000050|08|7182 PHARMACY ST||7000063|98594|20260417|20260415|00006098154|Januvia 100mg|3|N|R|R|2|0|60|30|570.00|4.20|840.00|0.00|48.56|120.00|405.64|0.00|0.00|2720003000|N|AWP|550.82|01||RX2026060100000369|0|Y|1504336||||||AETNA
002026060100000370|1234567|0987654|N|001|AC123456|PPO|RX|PPO001|F|01|I|W000000087|Perez|Ella|59670|469313900|W000000087|W000000087|Perez|Ella|F|EE|19850204|||P|N|NY0001|OFF0076|Perez Ella|DR000012|50|1056 PHARMACY ST||7000076|38218|20260505|20260505|00006098154|Januvia 100mg|3|N|R|M|3|0|30|30|285.00|10.00|420.00|0.00|34.33|100.00|160.67|0.00|0.00|2720003000|N|AWP|280.78|01||RX2026060100000370|0|N|1184246||||||AETNA
002026060100000371|1234567|0987654|N|001|AC123456|PPO|RX|PPO001|F|01|I|W000000059|Thomas|Sebastian|58215||W000000407|W000000407|Thomas|William|M|CH|20050624|||P|N|NY0001|OFF0025|Thomas William|DR000067|07|6303 PHARMACY ST||7000025|14293|20260523|20260522|51479087501|Jardiance 10mg|3|N|M|R|4|0|30|30|480.00|9.05|700.00|0.00|0.00|120.00|369.05|0.00|0.00|2720005000|N|AWP|470.66|01||RX2026060100000371|0|N|8987006||||||AETNA
002026060100000372|1234567|0987654|N|001|AC123456|PPO|RX|PPO001|F|01|I|W000000103|Miller|Aria|12427||W000000679|W000000679|Miller|Mia|F|SP|19671019|||P|N|NY0001|OFF0021|Miller Mia|DR000038|50|9226 PHARMACY ST||7000021|21364|20260422|20260421|00310015615|Humira 40mg/0.4mL|3|N|R|M|2|3|60|30|9600.00|6.10|13600.00|0.00|0.00|100.00|9506.10|0.00|0.00|8000001000|N|AWP|9496.85|01||RX2026060100000372|0|N|5799735||||||AETNA
002026060100000373|1234567|0987654|N|001|AC123456|PPO|RX|PPO001|F|01|I|W000000305|Smith|Sofia|99392|818314747|W000000305|W000000305|Smith|Sofia|F|EE|19640405|||P|N|NY0001|OFF0039|Smith Sofia|DR000098|10|6841 PHARMACY ST||7000039|13419|20260513|20260511|00006098154|Januvia 100mg|3|N|R|R|4|1|90|60|855.00|9.82|1260.00|0.00|0.00|100.00|764.82|0.00|0.00|2720003000|N|AWP|840.77|01||RX2026060100000373|0|Y|6482902||||||AETNA
002026060100000374|1234567|0987654|N|001|AC123456|PPO|RX|PPO001|F|01|I|W000000044|Young|Sofia|29022|874732285|W000000044|W000000044|Young|Sofia|F|EE|19621207|||P|N|NY0001|OFF0003|Young Sofia|DR000119|40|6510 PHARMACY ST||7000003|49549|20260413|20260412|00169750111|Ozempic 0.5mg pen|3|N|M|R|0|0|60|30|1440.00|3.00|2200.00|0.00|0.00|60.00|1383.00|0.00|0.00|2720004000|N|AWP|1385.34|01||RX2026060100000374|0|N|4853405||||||AETNA
002026060100000375|1234567|0987654|N|001|AC123456|PPO|RX|PPO001|F|01|I|W000000195|Davis|Zoey|43724|164194290|W000000195|W000000195|Davis|Zoey|F|EE|19701128|||P|N|NY0001|OFF0018|Davis Zoey|DR000023|07|7600 PHARMACY ST||7000018|73373|20260416|20260414|00310015615|Humira 40mg/0.4mL|3|N|R|R|1|1|30|30|4800.00|4.49|6800.00|0.00|384.12|100.00|4320.37|0.00|0.00|8000001000|N|AWP|4584.06|01||RX2026060100000375|0|Y|7412397||||||AETNA
002026060100000376|1234567|0987654|N|001|AC123456|PPO|RX|PPO001|F|01|I|W000000085|Thomas|Jacob|40865||W000000495|W000000495|Thomas|Victoria|F|CH|20130227|||P|N|NY0001|OFF0010|Thomas Victoria|DR000147|08|1930 PHARMACY ST||7000010|73272|20260420|20260420|00093310505|Sertraline 50mg|1|Y|R|R|1|0|90|90|31.50|5.34|45.00|0.00|0.00|5.00|31.84|0.00|0.00|5800002000|N|AWP|30.21|01||RX2026060100000376|0|Y|6309007||||||AETNA
002026060100000377|1234567|0987654|N|001|AC123456|PPO|RX|PPO001|F|01|I|W000000026|Young|Chloe|31676|579461363|W000000026|W000000026|Young|Chloe|F|EE|19890101|||P|N|NY0001|OFF0068|Young Chloe|DR000076|11|1832 PHARMACY ST||7000068|29538|20260504|20260502|00006098154|Januvia 100mg|3|N|M|R|5|2|60|30|570.00|4.29|840.00|0.00|0.00|60.00|514.29|0.00|0.00|2720003000|N|AWP|561.09|01||RX2026060100000377|0|N|9984810||||||AETNA
002026060100000378|1234567|0987654|N|001|AC123456|PPO|RX|PPO001|F|01|I|W000000395|Robinson|Lucas|72484|897664639|W000000395|W000000395|Robinson|Lucas|M|EE|19750121|||P|N|NY0001|OFF0034|Robinson Lucas|DR000015|02|4623 PHARMACY ST||7000034|72420|20260415|20260414|00310015615|Humira 40mg/0.4mL|3|N|M|R|3|2|60|30|9600.00|4.13|13600.00|0.00|0.00|120.00|9484.13|0.00|0.00|8000001000|N|AWP|9426.00|01||RX2026060100000378|0|N|3823710||||||AETNA
002026060100000379|1234567|0987654|N|001|AC123456|PPO|RX|PPO001|F|01|I|W000000330|White|Daniel|29181||W000000458|W000000458|White|Emily|F|SP|19681116|||P|N|NY0001|OFF0078|White Emily|DR000099|50|4984 PHARMACY ST||7000078|96216|20260525|20260525|00093310505|Sertraline 50mg|1|Y|M|R|1|1|90|60|31.50|4.84|45.00|0.00|1.64|15.00|19.70|0.00|0.00|5800002000|N|AWP|30.69|01||RX2026060100000379|0|Y|9733867||||||AETNA
002026060100000380|1234567|0987654|N|001|AC123456|PPO|RX|PPO001|F|01|I|W000000142|Jones|Daniel|47183|837984015|W000000142|W000000142|Jones|Daniel|M|EE|19600420|||P|N|NY0001|OFF0051|Jones Daniel|DR000096|06|4913 PHARMACY ST||7000051|49405|20260530|20260528|00169750111|Ozempic 0.5mg pen|3|N|M|M|4|0|60|30|1440.00|6.87|2200.00|0.00|0.00|100.00|1346.87|0.00|0.00|2720004000|N|AWP|1425.32|01||RX2026060100000380|0|N|1806378||||||AETNA
002026060100000381|1234567|0987654|N|001|AC123456|PPO|RX|PPO001|F|01|I|W000000310|Jackson|Riley|90089|997106913|W000000310|W000000310|Jackson|Riley|F|EE|19801022|||P|N|NY0001|OFF0019|Jackson Riley|DR000100|05|988 PHARMACY ST||7000019|96717|20260410|20260408|51479087501|Jardiance 10mg|3|N|R|R|0|0|60|30|960.00|8.56|1400.00|0.00|0.00|100.00|868.56|0.00|0.00|2720005000|N|AWP|953.22|01||RX2026060100000381|0|Y|3758299||||||AETNA
002026060100000382|1234567|0987654|N|001|AC123456|PPO|RX|PPO001|F|01|I|W000000258|Martinez|Sebastian|98983|945378374|W000000258|W000000258|Martinez|Sebastian|M|EE|19740402|||P|N|NY0001|OFF0068|Martinez Sebastian|DR000124|02|3884 PHARMACY ST||7000068|29538|20260529|20260528|00781107905|Amlodipine 5mg|1|Y|R|R|0|3|90|60|27.00|5.14|40.50|0.00|0.00|15.00|17.14|0.00|0.00|3600002000|N|AWP|26.72|01||RX2026060100000382|0|N|4791213||||||AETNA
002026060100000383|1234567|0987654|N|001|AC123456|PPO|RX|PPO001|F|01|I|W000000228|Clark|Elizabeth|63611||W000000472|W000000472|Clark|Ethan|M|CH|20080617|||P|N|NY0001|OFF0032|Clark Ethan|DR000078|01|3756 PHARMACY ST||7000032|21428|20260415|20260413|00002774601|Trulicity 0.75mg|3|N|M|R|1|0|30|30|750.00|5.08|1050.00|0.00|0.00|60.00|695.08|0.00|0.00|2720006000|N|AWP|746.65|01||RX2026060100000383|0|Y|3973058||||||AETNA
002026060100000384|1234567|0987654|N|001|AC123456|PPO|RX|PPO001|F|01|I|W000000303|Wilson|Samuel|31300||W000000564|W000000564|Wilson|Ethan|M|CH|20130120|||P|N|NY0001|OFF0048|Wilson Ethan|DR000117|05|6919 PHARMACY ST||7000048|84514|20260525|20260524|00310015615|Humira 40mg/0.4mL|3|N|R|R|5|3|30|60|4800.00|2.60|6800.00|0.00|708.67|120.00|3973.93|0.00|0.00|8000001000|N|AWP|4710.55|01||RX2026060100000384|0|N|4813831||||||AETNA
002026060100000385|1234567|0987654|N|001|AC123456|PPO|RX|PPO001|F|01|I|W000000152|Davis|Mia|35769|446176533|W000000152|W000000152|Davis|Mia|F|EE|19810715|||P|N|NY0001|OFF0065|Davis Mia|DR000010|40|2503 PHARMACY ST||7000065|52528|20260504|20260503|00781107905|Amlodipine 5mg|1|Y|M|M|1|0|60|60|18.00|5.30|27.00|0.00|1.04|15.00|7.26|0.00|0.00|3600002000|N|AWP|17.93|01||RX2026060100000385|0|N|8301607||||||AETNA
002026060100000386|1234567|0987654|N|001|AC123456|PPO|RX|PPO001|F|01|I|W000000082|Smith|Zoey|44046|281661546|W000000082|W000000082|Smith|Zoey|F|EE|19880721|||P|N|NY0001|OFF0068|Smith Zoey|DR000098|01|445 PHARMACY ST||7000068|29538|20260420|20260419|00054418925|Atorvastatin 20mg|2|Y|R|R|4|2|90|90|36.00|6.06|54.00|0.00|0.00|40.00|2.06|0.00|0.00|3900001000|N|AWP|34.27|01||RX2026060100000386|0|N|6255257||||||AETNA
002026060100000387|1234567|0987654|N|001|AC123456|PPO|RX|PPO001|F|01|I|W000000325|Perez|David|78788|467838653|W000000325|W000000325|Perez|David|M|EE|19940608|||P|N|NY0001|OFF0060|Perez David|DR000022|04|2131 PHARMACY ST||7000060|21000|20260517|20260517|65862001705|Omeprazole 20mg|1|Y|R|M|1|2|30|30|7.50|3.67|11.00|0.00|0.00|15.00|0.00|0.00|0.00|4920001000|N|AWP|7.19|01||RX2026060100000387|0|N|6963118||||||AETNA
002026060100000388|1234567|0987654|N|001|AC123456|PPO|RX|PPO001|F|01|I|W000000070|Gonzalez|Jackson|59717||W000000624|W000000624|Gonzalez|Elizabeth|F|SP|19860815|||P|N|NY0001|OFF0072|Gonzalez Elizabeth|DR000059|50|4246 PHARMACY ST||7000072|25976|20260527|20260527|51479087501|Jardiance 10mg|3|N|R|R|5|3|30|30|480.00|2.20|700.00|0.00|2.02|60.00|420.18|0.00|0.00|2720005000|N|AWP|472.83|01||RX2026060100000388|0|N|4330229||||||AETNA
002026060100000389|1234567|0987654|N|001|AC123456|PPO|RX|PPO001|F|01|I|W000000135|Lewis|Sebastian|58649||W000000693|W000000693|Lewis|Ella|F|CH|20011109|||P|N|NY0001|OFF0057|Lewis Ella|DR000012|05|8236 PHARMACY ST||7000057|50731|20260420|20260420|00781107905|Amlodipine 5mg|1|Y|M|R|4|3|90|90|27.00|9.99|40.50|0.00|0.00|10.00|26.99|0.00|0.00|3600002000|N|AWP|26.55|01||RX2026060100000389|0|N|5703359||||||AETNA
002026060100000390|1234567|0987654|N|001|AC123456|PPO|RX|PPO001|F|01|I|W000000376|Johnson|Aiden|69916|428909846|W000000376|W000000376|Johnson|Aiden|M|EE|19600127|||P|N|NY0001|OFF0075|Johnson Aiden|DR000115|02|1238 PHARMACY ST||7000075|52523|20260528|20260526|00247100552|Albuterol HFA Inhaler|2|N|R|M|5|1|90|90|105.00|9.95|165.00|0.00|0.00|40.00|74.95|0.00|0.00|4400001000|N|AWP|105.00|01||RX2026060100000390|0|N|1930812||||||AETNA
002026060100000391|1234567|0987654|N|001|AC123456|PPO|RX|PPO001|F|01|I|W000000133|Lee|Charlotte|29042|866318555|W000000133|W000000133|Lee|Charlotte|F|EE|19610202|||P|N|NY0001|OFF0042|Lee Charlotte|DR000144|06|5428 PHARMACY ST||7000042|95772|20260428|20260426|00054418925|Atorvastatin 20mg|2|Y|R|R|2|0|30|60|12.00|6.24|18.00|0.00|0.00|35.00|0.00|0.00|0.00|3900001000|N|AWP|11.98|01||RX2026060100000391|0|Y|8771122||||||AETNA
002026060100000392|1234567|0987654|N|001|AC123456|PPO|RX|PPO001|F|01|I|W000000121|Johnson|Isabella|32590|616336679|W000000121|W000000121|Johnson|Isabella|F|EE|19781123|||P|N|NY0001|OFF0021|Johnson Isabella|DR000149|03|7942 PHARMACY ST||7000021|21364|20260413|20260412|00310015615|Humira 40mg/0.4mL|3|N|R|M|3|0|90|90|14400.00|2.02|20400.00|0.00|0.00|60.00|14342.02|0.00|0.00|8000001000|N|AWP|13830.43|01||RX2026060100000392|0|Y|5000650||||||AETNA
002026060100000393|1234567|0987654|N|001|AC123456|PPO|RX|PPO001|F|01|I|W000000387|Wilson|Victoria|11749|115153789|W000000387|W000000387|Wilson|Victoria|F|EE|19891109|||P|N|NY0001|OFF0005|Wilson Victoria|DR000112|10|1162 PHARMACY ST||7000005|40491|20260520|20260520|00071015223|Lisinopril 10mg|1|Y|M|M|4|0|60|90|17.00|6.10|24.00|0.00|0.00|15.00|8.10|0.00|0.00|3600001000|N|AWP|16.76|01||RX2026060100000393|0|N|6897006||||||AETNA
002026060100000394|1234567|0987654|N|001|AC123456|PPO|RX|PPO001|F|01|I|W000000242|Jones|Mia|44167|925824739|W000000242|W000000242|Jones|Mia|F|EE|19611220|||P|N|NY0001|OFF0078|Jones Mia|DR000043|03|7097 PHARMACY ST||7000078|96216|20260515|20260513|00006098154|Januvia 100mg|3|N|M|M|5|0|60|90|570.00|4.08|840.00|0.00|0.00|100.00|474.08|0.00|0.00|2720003000|N|AWP|551.82|01||RX2026060100000394|0|N|5263990||||||AETNA
002026060100000395|1234567|0987654|N|001|AC123456|PPO|RX|PPO001|F|01|I|W000000122|Martin|Amelia|52407|855198852|W000000122|W000000122|Martin|Amelia|F|EE|19920427|||P|N|NY0001|OFF0075|Martin Amelia|DR000028|04|7238 PHARMACY ST||7000075|52523|20260414|20260414|00247100552|Albuterol HFA Inhaler|2|N|M|R|2|0|30|90|35.00|8.63|55.00|0.00|1.09|30.00|12.54|0.00|0.00|4400001000|N|AWP|34.53|01||RX2026060100000395|0|N|8925574||||||AETNA
002026060100000396|1234567|0987654|N|001|AC123456|PPO|RX|PPO001|F|01|I|W000000192|Moore|Charlotte|51656|288483114|W000000192|W000000192|Moore|Charlotte|F|EE|19921104|||P|N|NY0001|OFF0034|Moore Charlotte|DR000067|11|1872 PHARMACY ST||7000034|72420|20260429|20260427|00781107905|Amlodipine 5mg|1|Y|R|M|4|0|90|60|27.00|4.07|40.50|0.00|1.24|10.00|19.83|0.00|0.00|3600002000|N|AWP|26.41|01||RX2026060100000396|0|N|9499012||||||AETNA
002026060100000397|1234567|0987654|N|001|AC123456|PPO|RX|PPO001|F|01|I|W000000199|Clark|Sophia|68249||W000000632|W000000632|Clark|Oliver|M|CH|20110410|||P|N|NY0001|OFF0005|Clark Oliver|DR000101|11|464 PHARMACY ST||7000005|40491|20260518|20260518|65862001705|Omeprazole 20mg|1|Y|R|M|4|0|90|60|22.50|4.23|33.00|0.00|0.00|10.00|16.73|0.00|0.00|4920001000|N|AWP|21.70|01||RX2026060100000397|0|N|5063716||||||AETNA
002026060100000398|1234567|0987654|N|001|AC123456|PPO|RX|PPO001|F|01|I|W000000291|Martin|Sophia|93105|259567927|W000000291|W000000291|Martin|Sophia|F|EE|19700126|||P|N|NY0001|OFF0034|Martin Sophia|DR000127|12|1348 PHARMACY ST||7000034|72420|20260520|20260518|65862001705|Omeprazole 20mg|1|Y|R|M|3|0|30|90|7.50|2.56|11.00|0.00|0.50|5.00|4.56|0.00|0.00|4920001000|N|AWP|7.18|01||RX2026060100000398|0|N|3968710||||||AETNA
002026060100000399|1234567|0987654|N|001|AC123456|PPO|RX|PPO001|F|01|I|W000000233|Sanchez|Zoey|51998|354937610|W000000233|W000000233|Sanchez|Zoey|F|EE|19630507|||P|N|NY0001|OFF0068|Sanchez Zoey|DR000003|05|492 PHARMACY ST||7000068|29538|20260522|20260521|51479087501|Jardiance 10mg|3|N|R|M|4|0|90|90|1440.00|4.96|2100.00|0.00|196.93|120.00|1128.03|0.00|0.00|2720005000|N|AWP|1403.39|01||RX2026060100000399|0|Y|3968900||||||AETNA
002026060100000400|1234567|0987654|N|001|AC123456|PPO|RX|PPO001|F|01|I|W000000289|Martin|Sofia|56224|331384801|W000000289|W000000289|Martin|Sofia|F|EE|19870327|||P|N|NY0001|OFF0022|Martin Sofia|DR000027|09|3351 PHARMACY ST||7000022|45157|20260429|20260427|00071015223|Lisinopril 10mg|1|Y|R|M|4|2|60|30|17.00|3.24|24.00|0.00|0.00|5.00|15.24|0.00|0.00|3600001000|N|AWP|16.46|01||RX2026060100000400|0|Y|3991021||||||AETNA
002026060100000401|1234567|0987654|N|001|AC123456|PPO|RX|PPO001|F|01|I|W000000073|Rodriguez|David|98659||W000000534|W000000534|Rodriguez|Liam|M|CH|20210505|||P|N|NY0001|OFF0036|Rodriguez Liam|DR000143|04|544 PHARMACY ST||7000036|11799|20260423|20260421|00169750111|Ozempic 0.5mg pen|3|N|R|R|2|0|60|90|1440.00|8.89|2200.00|0.00|120.14|60.00|1268.75|0.00|0.00|2720004000|N|AWP|1405.91|01||RX2026060100000401|0|N|5708535||||||AETNA
002026060100000402|1234567|0987654|N|001|AC123456|PPO|RX|PPO001|F|01|I|W000000374|Lewis|Henry|47833||W000000501|W000000501|Lewis|Logan|M|CH|20081206|||P|N|NY0001|OFF0070|Lewis Logan|DR000021|11|9440 PHARMACY ST||7000070|89690|20260513|20260511|00002774601|Trulicity 0.75mg|3|N|M|M|5|2|30|60|750.00|2.43|1050.00|0.00|0.00|80.00|672.43|0.00|0.00|2720006000|N|AWP|747.27|01||RX2026060100000402|0|N|6056258||||||AETNA
002026060100000403|1234567|0987654|N|001|AC123456|PPO|RX|PPO001|F|01|I|W000000363|Robinson|Ethan|46876||W000000684|W000000684|Robinson|Olivia|F|CH|20020821|||P|N|NY0001|OFF0010|Robinson Olivia|DR000016|04|2293 PHARMACY ST||7000010|73272|20260417|20260416|00054418925|Atorvastatin 20mg|2|Y|M|M|3|2|90|60|36.00|4.01|54.00|0.00|0.23|35.00|4.78|0.00|0.00|3900001000|N|AWP|35.02|01||RX2026060100000403|0|N|6839716||||||AETNA
002026060100000404|1234567|0987654|N|001|AC123456|PPO|RX|PPO001|F|01|I|W000000140|Rodriguez|Logan|10631|699211199|W000000140|W000000140|Rodriguez|Logan|M|EE|19900923|||P|N|NY0001|OFF0029|Rodriguez Logan|DR000086|08|1494 PHARMACY ST||7000029|24865|20260510|20260508|00247100552|Albuterol HFA Inhaler|2|N|R|M|0|0|60|30|70.00|8.35|110.00|0.00|0.00|30.00|48.35|0.00|0.00|4400001000|N|AWP|66.85|01||RX2026060100000404|0|Y|4240222||||||AETNA
002026060100000405|1234567|0987654|N|001|AC123456|PPO|RX|PPO001|F|01|I|W000000245|Perez|Nora|26467||W000000488|W000000488|Perez|Oliver|M|CH|20110715|||P|N|NY0001|OFF0027|Perez Oliver|DR000041|10|1286 PHARMACY ST||7000027|39277|20260524|20260523|00006098154|Januvia 100mg|3|N|R|R|4|0|90|60|855.00|7.25|1260.00|0.00|0.00|80.00|782.25|0.00|0.00|2720003000|N|AWP|826.34|01||RX2026060100000405|0|N|8313774||||||AETNA
002026060100000406|1234567|0987654|N|001|AC123456|PPO|RX|PPO001|F|01|I|W000000257|Smith|Emily|31826||W000000485|W000000485|Smith|Jacob|M|SP|19660918|||P|N|NY0001|OFF0036|Smith Jacob|DR000070|40|9439 PHARMACY ST||7000036|11799|20260426|20260424|63304082805|Metoprolol 25mg|1|Y|R|M|2|0|90|60|24.00|5.70|36.00|0.00|0.00|15.00|14.70|0.00|0.00|3700002000|N|AWP|23.38|01||RX2026060100000406|0|N|5731779||||||AETNA
002026060100000407|1234567|0987654|N|001|AC123456|PPO|RX|PPO001|F|01|I|W000000319|Robinson|Grace|14301||W000000463|W000000463|Robinson|Aria|F|CH|20000601|||P|N|NY0001|OFF0050|Robinson Aria|DR000055|50|993 PHARMACY ST||7000050|86264|20260527|20260527|63304082805|Metoprolol 25mg|1|Y|R|R|4|0|30|30|8.00|6.08|12.00|0.00|0.00|10.00|4.08|0.00|0.00|3700002000|N|AWP|7.85|01||RX2026060100000407|0|N|7977724||||||AETNA
002026060100000408|1234567|0987654|N|001|AC123456|PPO|RX|PPO001|F|01|I|W000000180|Jones|Victoria|62163|621787524|W000000180|W000000180|Jones|Victoria|F|EE|19711224|||P|N|NY0001|OFF0008|Jones Victoria|DR000110|01|8862 PHARMACY ST||7000008|21234|20260525|20260525|00310015620|Eliquis 5mg|2|N|R|R|3|0|90|90|870.00|2.40|1260.00|0.00|0.00|30.00|842.40|0.00|0.00|3300001000|N|AWP|868.24|01||RX2026060100000408|0|Y|9181972||||||AETNA
002026060100000409|1234567|0987654|N|001|AC123456|PPO|RX|PPO001|F|01|I|W000000230|Smith|Sebastian|72684|847458343|W000000230|W000000230|Smith|Sebastian|M|EE|19850203|||P|N|NY0001|OFF0069|Smith Sebastian|DR000016|07|3748 PHARMACY ST||7000069|63078|20260519|20260518|00247100552|Albuterol HFA Inhaler|2|N|M|R|0|3|90|60|105.00|7.85|165.00|0.00|4.81|30.00|78.04|0.00|0.00|4400001000|N|AWP|105.00|01||RX2026060100000409|0|N|9196152||||||AETNA
002026060100000410|1234567|0987654|N|001|AC123456|PPO|RX|PPO001|F|01|I|W000000002|Brown|Logan|10762|733757350|W000000002|W000000002|Brown|Logan|M|EE|19780922|||P|N|NY0001|OFF0041|Brown Logan|DR000098|09|5148 PHARMACY ST||7000041|24910|20260511|20260509|51479087501|Jardiance 10mg|3|N|R|R|1|3|60|90|960.00|9.57|1400.00|0.00|0.00|80.00|889.57|0.00|0.00|2720005000|N|AWP|950.26|01||RX2026060100000410|0|Y|4973971||||||AETNA
002026060100000411|1234567|0987654|N|001|AC123456|PPO|RX|PPO001|F|01|I|W000000066|Wilson|Nora|33185|271617878|W000000066|W000000066|Wilson|Nora|F|EE|19730616|||P|N|NY0001|OFF0035|Wilson Nora|DR000038|50|243 PHARMACY ST||7000035|11952|20260417|20260415|00310015615|Humira 40mg/0.4mL|3|N|R|R|4|3|60|90|9600.00|9.53|13600.00|0.00|0.00|80.00|9529.53|0.00|0.00|8000001000|N|AWP|9521.40|01||RX2026060100000411|0|N|4790055||||||AETNA
002026060100000412|1234567|0987654|N|001|AC123456|PPO|RX|PPO001|F|01|I|W000000323|Brown|Michael|22714|634257442|W000000323|W000000323|Brown|Michael|M|EE|19610106|||P|N|NY0001|OFF0074|Brown Michael|DR000047|12|3463 PHARMACY ST||7000074|29283|20260529|20260528|65862001705|Omeprazole 20mg|1|Y|R|R|5|0|60|90|15.00|6.17|22.00|0.00|0.00|10.00|11.17|0.00|0.00|4920001000|N|AWP|14.58|01||RX2026060100000412|0|N|7071007||||||AETNA
002026060100000413|1234567|0987654|N|001|AC123456|PPO|RX|PPO001|F|01|I|W000000165|Clark|Scarlett|72716|699108661|W000000165|W000000165|Clark|Scarlett|F|EE|19770119|||P|N|NY0001|OFF0051|Clark Scarlett|DR000013|06|2148 PHARMACY ST||7000051|49405|20260601|20260530|00093721956|Metformin 500mg|1|Y|R|R|5|3|90|60|18.75|8.81|27.00|0.00|0.15|10.00|17.41|0.00|0.00|2720002000|N|AWP|17.97|01||RX2026060100000413|0|N|7069824||||||AETNA
002026060100000414|1234567|0987654|N|001|AC123456|PPO|RX|PPO001|F|01|I|W000000119|Jackson|Matthew|68125|640808824|W000000119|W000000119|Jackson|Matthew|M|EE|19700922|||P|N|NY0001|OFF0068|Jackson Matthew|DR000084|50|3481 PHARMACY ST||7000068|29538|20260505|20260503|00093721956|Metformin 500mg|1|Y|R|R|2|0|30|30|6.25|4.53|9.00|0.00|0.47|15.00|0.00|0.00|0.00|2720002000|N|AWP|6.20|01||RX2026060100000414|0|Y|2401733||||||AETNA
002026060100000415|1234567|0987654|N|001|AC123456|PPO|RX|PPO001|F|01|I|W000000286|Thomas|Charlotte|97231|897615794|W000000286|W000000286|Thomas|Charlotte|F|EE|19660519|||P|N|NY0001|OFF0061|Thomas Charlotte|DR000008|08|2923 PHARMACY ST||7000061|66370|20260424|20260423|51479087501|Jardiance 10mg|3|N|R|R|1|1|90|90|1440.00|2.26|2100.00|0.00|0.00|120.00|1322.26|0.00|0.00|2720005000|N|AWP|1377.15|01||RX2026060100000415|0|N|6364750||||||AETNA
002026060100000416|1234567|0987654|N|001|AC123456|PPO|RX|PPO001|F|01|I|W000000204|Harris|Jackson|61256|243781229|W000000204|W000000204|Harris|Jackson|M|EE|19790215|||P|N|NY0001|OFF0069|Harris Jackson|DR000061|40|5323 PHARMACY ST||7000069|63078|20260530|20260530|00169750111|Ozempic 0.5mg pen|3|N|R|M|1|2|30|60|720.00|4.33|1100.00|0.00|0.00|100.00|624.33|0.00|0.00|2720004000|N|AWP|717.41|01||RX2026060100000416|0|N|3943496||||||AETNA
002026060100000417|1234567|0987654|N|001|AC123456|PPO|RX|PPO001|F|01|I|W000000151|Garcia|Harper|80732|533646719|W000000151|W000000151|Garcia|Harper|F|EE|19790409|||P|N|NY0001|OFF0065|Garcia Harper|DR000043|05|9957 PHARMACY ST||7000065|52528|20260419|20260418|00006098154|Januvia 100mg|3|N|R|M|2|3|30|90|285.00|4.21|420.00|0.00|0.00|60.00|229.21|0.00|0.00|2720003000|N|AWP|278.34|01||RX2026060100000417|0|N|7990779||||||AETNA
002026060100000418|1234567|0987654|N|001|AC123456|PPO|RX|PPO001|F|01|I|W000000252|Miller|Noah|95659|881352897|W000000252|W000000252|Miller|Noah|M|EE|19760314|||P|N|NY0001|OFF0079|Miller Noah|DR000032|03|9857 PHARMACY ST||7000079|29062|20260523|20260521|00247100552|Albuterol HFA Inhaler|2|N|M|M|2|0|60|30|70.00|9.48|110.00|0.00|0.00|30.00|49.48|0.00|0.00|4400001000|N|AWP|68.75|01||RX2026060100000418|0|N|7371079||||||AETNA
002026060100000419|1234567|0987654|N|001|AC123456|PPO|RX|PPO001|F|01|I|W000000296|White|Sofia|35274|129939729|W000000296|W000000296|White|Sofia|F|EE|19601022|||P|N|NY0001|OFF0002|White Sofia|DR000068|10|9027 PHARMACY ST||7000002|17776|20260601|20260530|00310015620|Eliquis 5mg|2|N|R|M|0|0|90|60|870.00|8.35|1260.00|0.00|58.60|40.00|779.75|0.00|0.00|3300001000|N|AWP|827.48|01||RX2026060100000419|0|Y|9596506||||||AETNA
002026060100000420|1234567|0987654|N|001|AC123456|PPO|RX|PPO001|F|01|I|W000000053|Miller|Oliver|11222||W000000694|W000000694|Miller|Riley|F|SP|19660410|||P|N|NY0001|OFF0072|Miller Riley|DR000138|04|509 PHARMACY ST||7000072|25976|20260424|20260423|00378395305|Levothyroxine 50mcg|1|Y|R|M|2|0|90|60|33.00|4.61|48.00|0.00|3.90|10.00|23.71|0.00|0.00|5400001000|N|AWP|31.70|01||RX2026060100000420|0|N|3842548||||||AETNA
002026060100000421|1234567|0987654|N|001|AC123456|PPO|RX|PPO001|F|01|I|W000000264|Thompson|Emma|39353|780375313|W000000264|W000000264|Thompson|Emma|F|EE|19730622|||P|N|NY0001|OFF0036|Thompson Emma|DR000018|04|2540 PHARMACY ST||7000036|11799|20260422|20260421|63304082805|Metoprolol 25mg|1|Y|M|M|4|1|30|60|8.00|7.63|12.00|0.00|0.00|10.00|5.63|0.00|0.00|3700002000|N|AWP|7.80|01||RX2026060100000421|0|N|1121728||||||AETNA
002026060100000422|1234567|0987654|N|001|AC123456|PPO|RX|PPO001|F|01|I|W000000195|Davis|Zoey|43724||W000000523|W000000523|Davis|Avery|F|CH|20170617|||P|N|NY0001|OFF0006|Davis Avery|DR000011|07|9621 PHARMACY ST||7000006|47670|20260418|20260417|00310015620|Eliquis 5mg|2|N|R|R|2|0|60|30|580.00|2.17|840.00|0.00|0.00|30.00|552.17|0.00|0.00|3300001000|N|AWP|565.33|01||RX2026060100000422|0|N|4726921||||||AETNA
002026060100000423|1234567|0987654|N|001|AC123456|PPO|RX|PPO001|F|01|I|W000000055|Young|Charlotte|24268||W000000469|W000000469|Young|Alexander|M|SP|19810117|||P|N|NY0001|OFF0031|Young Alexander|DR000004|02|1768 PHARMACY ST||7000031|47671|20260514|20260514|00247100552|Albuterol HFA Inhaler|2|N|R|R|0|0|60|60|70.00|3.16|110.00|0.00|0.00|40.00|33.16|0.00|0.00|4400001000|N|AWP|68.39|01||RX2026060100000423|0|N|9822640||||||AETNA
002026060100000424|1234567|0987654|N|001|AC123456|PPO|RX|PPO001|F|01|I|W000000191|Jackson|Liam|53052||W000000584|W000000584|Jackson|Aria|F|SP|19660801|||P|N|NY0001|OFF0031|Jackson Aria|DR000124|12|1918 PHARMACY ST||7000031|47671|20260503|20260503|00247100552|Albuterol HFA Inhaler|2|N|R|M|4|0|90|60|105.00|6.19|165.00|0.00|10.35|35.00|65.84|0.00|0.00|4400001000|N|AWP|101.86|01||RX2026060100000424|0|N|6995187||||||AETNA
002026060100000425|1234567|0987654|N|001|AC123456|PPO|RX|PPO001|F|01|I|W000000338|Martinez|Riley|67917|220979979|W000000338|W000000338|Martinez|Riley|F|EE|19810928|||P|N|NY0001|OFF0026|Martinez Riley|DR000147|10|5365 PHARMACY ST||7000026|71689|20260530|20260529|00002774601|Trulicity 0.75mg|3|N|R|M|4|1|30|30|750.00|3.48|1050.00|0.00|0.00|80.00|673.48|0.00|0.00|2720006000|N|AWP|718.37|01||RX2026060100000425|0|Y|9452279||||||AETNA
002026060100000426|1234567|0987654|N|001|AC123456|PPO|RX|PPO001|F|01|I|W000000175|Thomas|Victoria|78178|770391009|W000000175|W000000175|Thomas|Victoria|F|EE|19770813|||P|N|NY0001|OFF0072|Thomas Victoria|DR000119|05|7523 PHARMACY ST||7000072|25976|20260415|20260413|00169750111|Ozempic 0.5mg pen|3|N|R|R|3|1|30|60|720.00|9.74|1100.00|0.00|0.00|60.00|669.74|0.00|0.00|2720004000|N|AWP|695.57|01||RX2026060100000426|0|N|8825886||||||AETNA
002026060100000427|1234567|0987654|N|001|AC123456|PPO|RX|PPO001|F|01|I|W000000068|Brown|Aria|22135|989596483|W000000068|W000000068|Brown|Aria|F|EE|19711111|||P|N|NY0001|OFF0077|Brown Aria|DR000092|06|1567 PHARMACY ST||7000077|53918|20260515|20260515|00169750111|Ozempic 0.5mg pen|3|N|R|R|4|0|30|90|720.00|9.96|1100.00|0.00|44.14|100.00|585.82|0.00|0.00|2720004000|N|AWP|697.17|01||RX2026060100000427|0|N|4451143||||||AETNA
002026060100000428|1234567|0987654|N|001|AC123456|PPO|RX|PPO001|F|01|I|W000000357|Sanchez|Michael|32450|236307144|W000000357|W000000357|Sanchez|Michael|M|EE|19940707|||P|N|NY0001|OFF0020|Sanchez Michael|DR000073|07|8120 PHARMACY ST||7000020|84417|20260515|20260515|00071015223|Lisinopril 10mg|1|Y|R|M|5|0|60|30|17.00|7.28|24.00|0.00|0.00|15.00|9.28|0.00|0.00|3600001000|N|AWP|16.47|01||RX2026060100000428|0|N|4345177||||||AETNA
002026060100000429|1234567|0987654|N|001|AC123456|PPO|RX|PPO001|F|01|I|W000000057|Martin|Benjamin|78016|922592166|W000000057|W000000057|Martin|Benjamin|M|EE|19710814|||P|N|NY0001|OFF0007|Martin Benjamin|DR000044|02|1544 PHARMACY ST||7000007|94226|20260415|20260414|63304082805|Metoprolol 25mg|1|Y|R|R|1|0|60|60|16.00|9.93|24.00|0.00|1.16|5.00|19.77|0.00|0.00|3700002000|N|AWP|15.87|01||RX2026060100000429|0|N|4961108||||||AETNA
002026060100000430|1234567|0987654|N|001|AC123456|PPO|RX|PPO001|F|01|I|W000000041|Smith|Sebastian|51457||W000000403|W000000403|Smith|David|M|CH|20140606|||P|N|NY0001|OFF0078|Smith David|DR000047|07|3837 PHARMACY ST||7000078|96216|20260418|20260416|00378395305|Levothyroxine 50mcg|1|Y|R|R|2|0|30|30|11.00|3.22|16.00|0.00|0.00|5.00|9.22|0.00|0.00|5400001000|N|AWP|10.63|01||RX2026060100000430|0|N|5362923||||||AETNA
002026060100000431|1234567|0987654|N|001|AC123456|PPO|RX|PPO001|F|01|I|W000000231|White|Ethan|40091|612131954|W000000231|W000000231|White|Ethan|M|EE|19640910|||P|N|NY0001|OFF0002|White Ethan|DR000034|02|493 PHARMACY ST||7000002|17776|20260510|20260510|00310015620|Eliquis 5mg|2|N|R|R|3|0|60|30|580.00|4.20|840.00|0.00|47.87|30.00|506.33|0.00|0.00|3300001000|N|AWP|553.40|01||RX2026060100000431|0|N|8323051||||||AETNA
002026060100000432|1234567|0987654|N|001|AC123456|PPO|RX|PPO001|F|01|I|W000000353|Thomas|William|14902|658153853|W000000353|W000000353|Thomas|William|M|EE|19901020|||P|N|NY0001|OFF0057|Thomas William|DR000132|04|6239 PHARMACY ST||7000057|50731|20260422|20260420|51479087501|Jardiance 10mg|3|N|R|R|4|3|60|90|960.00|6.32|1400.00|0.00|0.00|60.00|906.32|0.00|0.00|2720005000|N|AWP|953.70|01||RX2026060100000432|0|Y|6539652||||||AETNA
002026060100000433|1234567|0987654|N|001|AC123456|PPO|RX|PPO001|F|01|I|W000000200|Harris|Henry|51588|545881021|W000000200|W000000200|Harris|Henry|M|EE|19801206|||P|N|NY0001|OFF0047|Harris Henry|DR000049|38|9676 PHARMACY ST||7000047|52798|20260531|20260531|00093721956|Metformin 500mg|1|Y|M|R|1|2|60|90|12.50|6.24|18.00|0.00|0.00|5.00|13.74|0.00|0.00|2720002000|N|AWP|12.11|01||RX2026060100000433|0|N|1241020||||||AETNA
002026060100000434|1234567|0987654|N|001|AC123456|PPO|RX|PPO001|F|01|I|W000000295|Smith|Carter|95087||W000000535|W000000535|Smith|Carter|M|CH|20031220|||P|N|NY0001|OFF0073|Smith Carter|DR000136|09|6547 PHARMACY ST||7000073|40156|20260423|20260422|00310015615|Humira 40mg/0.4mL|3|N|R|R|5|0|60|60|9600.00|7.98|13600.00|0.00|0.00|80.00|9527.98|0.00|0.00|8000001000|N|AWP|9186.29|01||RX2026060100000434|0|Y|5866088||||||AETNA
002026060100000435|1234567|0987654|N|001|AC123456|PPO|RX|PPO001|F|01|I|W000000231|White|Ethan|40091||W000000514|W000000514|White|James|M|CH|20140324|||P|N|NY0001|OFF0076|White James|DR000137|03|1340 PHARMACY ST||7000076|38218|20260525|20260523|00002774601|Trulicity 0.75mg|3|N|R|R|5|0|90|30|2250.00|4.62|3150.00|0.00|0.00|60.00|2194.62|0.00|0.00|2720006000|N|AWP|2207.37|01||RX2026060100000435|0|Y|3592424||||||AETNA
002026060100000436|1234567|0987654|N|001|AC123456|PPO|RX|PPO001|F|01|I|W000000303|Wilson|Samuel|31300|555547073|W000000303|W000000303|Wilson|Samuel|M|EE|19730228|||P|N|NY0001|OFF0063|Wilson Samuel|DR000020|12|1103 PHARMACY ST||7000063|98594|20260420|20260420|00006098154|Januvia 100mg|3|N|R|R|3|1|90|30|855.00|7.94|1260.00|0.00|16.07|120.00|726.87|0.00|0.00|2720003000|N|AWP|846.42|01||RX2026060100000436|0|N|8146456||||||AETNA
002026060100000437|1234567|0987654|N|001|AC123456|PPO|RX|PPO001|F|01|I|W000000138|Thompson|Lucas|21496|789268436|W000000138|W000000138|Thompson|Lucas|M|EE|19860210|||P|N|NY0001|OFF0002|Thompson Lucas|DR000080|05|3130 PHARMACY ST||7000002|17776|20260504|20260502|51479087501|Jardiance 10mg|3|N|R|M|3|3|60|90|960.00|9.81|1400.00|0.00|0.00|60.00|909.81|0.00|0.00|2720005000|N|AWP|929.55|01||RX2026060100000437|0|N|2087932||||||AETNA
002026060100000438|1234567|0987654|N|001|AC123456|PPO|RX|PPO001|F|01|I|W000000076|Anderson|Noah|84677|994902802|W000000076|W000000076|Anderson|Noah|M|EE|19711120|||P|N|NY0001|OFF0059|Anderson Noah|DR000043|10|3529 PHARMACY ST||7000059|89642|20260502|20260501|00310015620|Eliquis 5mg|2|N|R|M|1|2|60|90|580.00|9.83|840.00|0.00|85.79|30.00|474.04|0.00|0.00|3300001000|N|AWP|553.88|01||RX2026060100000438|0|N|6133347||||||AETNA
002026060100000439|1234567|0987654|N|001|AC123456|PPO|RX|PPO001|F|01|I|W000000314|Martin|Sofia|89804|966306782|W000000314|W000000314|Martin|Sofia|F|EE|19910218|||P|N|NY0001|OFF0058|Martin Sofia|DR000146|10|171 PHARMACY ST||7000058|48426|20260529|20260528|00781107905|Amlodipine 5mg|1|Y|R|M|0|3|60|60|18.00|3.99|27.00|0.00|0.00|15.00|6.99|0.00|0.00|3600002000|N|AWP|17.33|01||RX2026060100000439|0|Y|2860541||||||AETNA
002026060100000440|1234567|0987654|N|001|AC123456|PPO|RX|PPO001|F|01|I|W000000318|Davis|Elizabeth|65669||W000000467|W000000467|Davis|Sofia|F|CH|20020810|||P|N|NY0001|OFF0028|Davis Sofia|DR000031|10|6386 PHARMACY ST||7000028|70009|20260419|20260419|00071015223|Lisinopril 10mg|1|Y|R|M|3|0|60|90|17.00|3.10|24.00|0.00|0.83|10.00|9.27|0.00|0.00|3600001000|N|AWP|16.97|01||RX2026060100000440|0|N|7854897||||||AETNA
002026060100000441|1234567|0987654|N|001|AC123456|PPO|RX|PPO001|F|01|I|W000000116|Williams|Evelyn|69479||W000000533|W000000533|Williams|Chloe|F|CH|20160613|||P|N|NY0001|OFF0010|Williams Chloe|DR000124|08|3175 PHARMACY ST||7000010|73272|20260417|20260417|65862001705|Omeprazole 20mg|1|Y|M|R|3|0|60|60|15.00|2.21|22.00|0.00|0.00|5.00|12.21|0.00|0.00|4920001000|N|AWP|14.97|01||RX2026060100000441|0|N|4006642||||||AETNA
002026060100000442|1234567|0987654|N|001|AC123456|PPO|RX|PPO001|F|01|I|W000000081|Martin|Chloe|24037||W000000567|W000000567|Martin|Charlotte|F|CH|20020112|||P|N|NY0001|OFF0035|Martin Charlotte|DR000137|38|4077 PHARMACY ST||7000035|11952|20260519|20260517|00006098154|Januvia 100mg|3|N|R|R|3|1|90|30|855.00|2.83|1260.00|0.00|0.00|60.00|797.83|0.00|0.00|2720003000|N|AWP|820.27|01||RX2026060100000442|0|N|6279476||||||AETNA
002026060100000443|1234567|0987654|N|001|AC123456|PPO|RX|PPO001|F|01|I|W000000312|Lewis|Emily|68052||W000000427|W000000427|Lewis|Alexander|M|CH|20030812|||P|N|NY0001|OFF0034|Lewis Alexander|DR000066|09|729 PHARMACY ST||7000034|72420|20260420|20260420|00169750111|Ozempic 0.5mg pen|3|N|M|M|3|0|90|60|2160.00|5.80|3300.00|0.00|0.00|100.00|2065.80|0.00|0.00|2720004000|N|AWP|2085.17|01||RX2026060100000443|0|Y|9114705||||||AETNA
002026060100000444|1234567|0987654|N|001|AC123456|PPO|RX|PPO001|F|01|I|W000000007|Davis|James|98986|480984575|W000000007|W000000007|Davis|James|M|EE|19610916|||P|N|NY0001|OFF0058|Davis James|DR000049|07|8175 PHARMACY ST||7000058|48426|20260516|20260515|51479087501|Jardiance 10mg|3|N|R|R|2|0|90|30|1440.00|4.19|2100.00|0.00|0.00|60.00|1384.19|0.00|0.00|2720005000|N|AWP|1405.38|01||RX2026060100000444|0|N|7726897||||||AETNA
002026060100000445|1234567|0987654|N|001|AC123456|PPO|RX|PPO001|F|01|I|W000000166|Brown|Amelia|50451||W000000661|W000000661|Brown|Avery|F|SP|19680208|||P|N|NY0001|OFF0062|Brown Avery|DR000143|01|2989 PHARMACY ST||7000062|12286|20260404|20260403|00310015615|Humira 40mg/0.4mL|3|N|R|R|4|0|60|90|9600.00|2.59|13600.00|0.00|0.00|120.00|9482.59|0.00|0.00|8000001000|N|AWP|9157.51|01||RX2026060100000445|0|N|7339271||||||AETNA
002026060100000446|1234567|0987654|N|001|AC123456|PPO|RX|PPO001|F|01|I|W000000061|Johnson|Aiden|15399|288289895|W000000061|W000000061|Johnson|Aiden|M|EE|19881221|||P|N|NY0001|OFF0078|Johnson Aiden|DR000084|04|3208 PHARMACY ST||7000078|96216|20260423|20260421|00071015223|Lisinopril 10mg|1|Y|R|R|5|2|90|90|25.50|3.36|36.00|0.00|0.00|10.00|18.86|0.00|0.00|3600001000|N|AWP|24.50|01||RX2026060100000446|0|Y|5954413||||||AETNA
002026060100000447|1234567|0987654|N|001|AC123456|PPO|RX|PPO001|F|01|I|W000000106|Rodriguez|Matthew|98809|263324992|W000000106|W000000106|Rodriguez|Matthew|M|EE|19670507|||P|N|NY0001|OFF0045|Rodriguez Matthew|DR000026|01|2900 PHARMACY ST||7000045|35102|20260502|20260502|00378395305|Levothyroxine 50mcg|1|Y|R|M|5|1|90|60|33.00|7.62|48.00|0.00|0.00|15.00|25.62|0.00|0.00|5400001000|N|AWP|32.60|01||RX2026060100000447|0|N|7577048||||||AETNA
002026060100000448|1234567|0987654|N|001|AC123456|PPO|RX|PPO001|F|01|I|W000000013|Lopez|Isabella|99591||W000000506|W000000506|Lopez|Riley|F|CH|20010422|||P|N|NY0001|OFF0032|Lopez Riley|DR000044|40|1867 PHARMACY ST||7000032|21428|20260406|20260405|65862001705|Omeprazole 20mg|1|Y|R|M|2|1|30|30|7.50|2.43|11.00|0.00|0.34|5.00|4.59|0.00|0.00|4920001000|N|AWP|7.24|01||RX2026060100000448|0|Y|1818291||||||AETNA
002026060100000449|1234567|0987654|N|001|AC123456|PPO|RX|PPO001|F|01|I|W000000246|Gonzalez|Ava|91913||W000000572|W000000572|Gonzalez|Emma|F|SP|19950708|||P|N|NY0001|OFF0056|Gonzalez Emma|DR000053|11|7399 PHARMACY ST||7000056|15004|20260522|20260522|00006098154|Januvia 100mg|3|N|R|R|4|0|60|30|570.00|3.25|840.00|0.00|0.00|120.00|453.25|0.00|0.00|2720003000|N|AWP|559.72|01||RX2026060100000449|0|N|1753044||||||AETNA
002026060100000450|1234567|0987654|N|001|AC123456|PPO|RX|PPO001|F|01|I|W000000080|Jackson|William|94505||W000000560|W000000560|Jackson|Carter|M|SP|19711216|||P|N|NY0001|OFF0069|Jackson Carter|DR000143|40|8451 PHARMACY ST||7000069|63078|20260504|20260504|00054418925|Atorvastatin 20mg|2|Y|R|M|4|0|30|90|12.00|8.81|18.00|0.00|0.00|30.00|0.00|0.00|0.00|3900001000|N|AWP|11.77|01||RX2026060100000450|0|Y|7328613||||||AETNA
002026060100000451|1234567|0987654|N|001|AC123456|PPO|RX|PPO001|F|01|I|W000000035|Miller|Victoria|30033||W000000688|W000000688|Miller|Zoey|F|CH|20191008|||P|N|NY0001|OFF0036|Miller Zoey|DR000076|05|2922 PHARMACY ST||7000036|11799|20260510|20260510|00378395305|Levothyroxine 50mcg|1|Y|R|R|0|0|90|60|33.00|7.58|48.00|0.00|1.29|10.00|29.29|0.00|0.00|5400001000|N|AWP|31.51|01||RX2026060100000451|0|N|7242389||||||AETNA
002026060100000452|1234567|0987654|N|001|AC123456|PPO|RX|PPO001|F|01|I|W000000265|Jackson|Sophia|87539|744446243|W000000265|W000000265|Jackson|Sophia|F|EE|19850627|||P|N|NY0001|OFF0021|Jackson Sophia|DR000087|05|7310 PHARMACY ST||7000021|21364|20260409|20260407|00169750111|Ozempic 0.5mg pen|3|N|R|R|0|0|60|60|1440.00|8.23|2200.00|0.00|0.00|60.00|1388.23|0.00|0.00|2720004000|N|AWP|1385.60|01||RX2026060100000452|0|N|5546400||||||AETNA
002026060100000453|1234567|0987654|N|001|AC123456|PPO|RX|PPO001|F|01|I|W000000051|Rodriguez|Amelia|39957||W000000496|W000000496|Rodriguez|Mason|M|CH|20020811|||P|N|NY0001|OFF0032|Rodriguez Mason|DR000135|40|7594 PHARMACY ST||7000032|21428|20260516|20260516|00093310505|Sertraline 50mg|1|Y|R|R|5|2|90|30|31.50|2.78|45.00|0.00|0.00|15.00|19.28|0.00|0.00|5800002000|N|AWP|31.25|01||RX2026060100000453|0|N|4554055||||||AETNA
002026060100000454|1234567|0987654|N|001|AC123456|PPO|RX|PPO001|F|01|I|W000000221|Thompson|Aria|37999|677706068|W000000221|W000000221|Thompson|Aria|F|EE|19920301|||P|N|NY0001|OFF0044|Thompson Aria|DR000135|05|7893 PHARMACY ST||7000044|83871|20260415|20260413|00169750111|Ozempic 0.5mg pen|3|N|R|M|5|2|90|90|2160.00|6.38|3300.00|0.00|0.00|120.00|2046.38|0.00|0.00|2720004000|N|AWP|2059.01|01||RX2026060100000454|0|Y|7823968||||||AETNA
002026060100000455|1234567|0987654|N|001|AC123456|PPO|RX|PPO001|F|01|I|W000000104|Perez|Mia|50706|863299020|W000000104|W000000104|Perez|Mia|F|EE|19760228|||P|N|NY0001|OFF0063|Perez Mia|DR000099|06|5395 PHARMACY ST||7000063|98594|20260515|20260514|65862001705|Omeprazole 20mg|1|Y|M|M|5|2|30|90|7.50|6.97|11.00|0.00|0.00|10.00|4.47|0.00|0.00|4920001000|N|AWP|7.50|01||RX2026060100000455|0|N|6074869||||||AETNA
002026060100000456|1234567|0987654|N|001|AC123456|PPO|RX|PPO001|F|01|I|W000000394|Lopez|Olivia|70380|563532779|W000000394|W000000394|Lopez|Olivia|F|EE|19860702|||P|N|NY0001|OFF0069|Lopez Olivia|DR000096|50|2497 PHARMACY ST||7000069|63078|20260406|20260404|00071015223|Lisinopril 10mg|1|Y|R|R|3|0|90|30|25.50|2.05|36.00|0.00|0.00|10.00|17.55|0.00|0.00|3600001000|N|AWP|24.68|01||RX2026060100000456|0|Y|6667374||||||AETNA
002026060100000457|1234567|0987654|N|001|AC123456|PPO|RX|PPO001|F|01|I|W000000186|Sanchez|Riley|23308||W000000637|W000000637|Sanchez|Chloe|F|CH|20040113|||P|N|NY0001|OFF0001|Sanchez Chloe|DR000034|05|8974 PHARMACY ST||7000001|76468|20260505|20260504|00071015223|Lisinopril 10mg|1|Y|R|R|3|2|30|90|8.50|6.14|12.00|0.00|0.00|15.00|0.00|0.00|0.00|3600001000|N|AWP|8.24|01||RX2026060100000457|0|N|3585619||||||AETNA
002026060100000458|1234567|0987654|N|001|AC123456|PPO|RX|PPO001|F|01|I|W000000200|Harris|Henry|51588|545881021|W000000200|W000000200|Harris|Henry|M|EE|19801206|||P|N|NY0001|OFF0018|Harris Henry|DR000119|01|8498 PHARMACY ST||7000018|73373|20260426|20260425|00781107905|Amlodipine 5mg|1|Y|R|R|0|0|60|60|18.00|5.29|27.00|0.00|0.00|10.00|13.29|0.00|0.00|3600002000|N|AWP|17.78|01||RX2026060100000458|0|N|9383135||||||AETNA
002026060100000459|1234567|0987654|N|001|AC123456|PPO|RX|PPO001|F|01|I|W000000367|Lopez|Joseph|50209||W000000530|W000000530|Lopez|William|M|CH|20091004|||P|N|NY0001|OFF0064|Lopez William|DR000138|40|848 PHARMACY ST||7000064|31031|20260426|20260425|00093310505|Sertraline 50mg|1|Y|R|M|4|3|60|60|21.00|3.32|30.00|0.00|0.00|5.00|19.32|0.00|0.00|5800002000|N|AWP|20.82|01||RX2026060100000459|0|Y|9653477||||||AETNA
002026060100000460|1234567|0987654|N|001|AC123456|PPO|RX|PPO001|F|01|I|W000000147|Wilson|Alexander|10573|640437885|W000000147|W000000147|Wilson|Alexander|M|EE|19800321|||P|N|NY0001|OFF0058|Wilson Alexander|DR000127|38|8836 PHARMACY ST||7000058|48426|20260405|20260403|00054418925|Atorvastatin 20mg|2|Y|R|R|2|3|90|60|36.00|3.38|54.00|0.00|0.00|30.00|9.38|0.00|0.00|3900001000|N|AWP|34.76|01||RX2026060100000460|0|N|4755184||||||AETNA
002026060100000461|1234567|0987654|N|001|AC123456|PPO|RX|PPO001|F|01|I|W000000313|Taylor|Benjamin|41957||W000000697|W000000697|Taylor|David|M|CH|20010911|||P|N|NY0001|OFF0032|Taylor David|DR000126|02|2463 PHARMACY ST||7000032|21428|20260504|20260504|00071015223|Lisinopril 10mg|1|Y|R|R|2|0|30|90|8.50|4.00|12.00|0.00|0.00|10.00|2.50|0.00|0.00|3600001000|N|AWP|8.16|01||RX2026060100000461|0|N|8869962||||||AETNA
002026060100000462|1234567|0987654|N|001|AC123456|PPO|RX|PPO001|F|01|I|W000000358|Walker|Logan|78241|918315565|W000000358|W000000358|Walker|Logan|M|EE|19740219|||P|N|NY0001|OFF0028|Walker Logan|DR000114|09|540 PHARMACY ST||7000028|70009|20260522|20260520|00093721956|Metformin 500mg|1|Y|R|R|5|0|60|90|12.50|7.81|18.00|0.00|0.34|15.00|4.97|0.00|0.00|2720002000|N|AWP|12.16|01||RX2026060100000462|0|Y|1566974||||||AETNA
002026060100000463|1234567|0987654|N|001|AC123456|PPO|RX|PPO001|F|01|I|W000000296|White|Sofia|35274||W000000543|W000000543|White|Jacob|M|CH|20131217|||P|N|NY0001|OFF0050|White Jacob|DR000014|04|3982 PHARMACY ST||7000050|86264|20260503|20260502|00002774601|Trulicity 0.75mg|3|N|R|R|3|0|90|30|2250.00|9.63|3150.00|0.00|0.00|80.00|2179.63|0.00|0.00|2720006000|N|AWP|2213.04|01||RX2026060100000463|0|Y|6334701||||||AETNA
002026060100000464|1234567|0987654|N|001|AC123456|PPO|RX|PPO001|F|01|I|W000000084|Ramirez|Nora|54421||W000000618|W000000618|Ramirez|Amelia|F|SP|19970511|||P|N|NY0001|OFF0069|Ramirez Amelia|DR000100|10|3362 PHARMACY ST||7000069|63078|20260424|20260423|00310015620|Eliquis 5mg|2|N|R|M|4|0|60|90|580.00|7.67|840.00|0.00|0.00|40.00|547.67|0.00|0.00|3300001000|N|AWP|572.47|01||RX2026060100000464|0|Y|3027635||||||AETNA
002026060100000465|1234567|0987654|N|001|AC123456|PPO|RX|PPO001|F|01|I|W000000094|Lee|Ella|59281|657689059|W000000094|W000000094|Lee|Ella|F|EE|19710920|||P|N|NY0001|OFF0069|Lee Ella|DR000141|06|5615 PHARMACY ST||7000069|63078|20260430|20260429|00006098154|Januvia 100mg|3|N|R|R|1|0|90|60|855.00|2.71|1260.00|0.00|0.00|100.00|757.71|0.00|0.00|2720003000|N|AWP|830.86|01||RX2026060100000465|0|Y|2436515||||||AETNA
002026060100000466|1234567|0987654|N|001|AC123456|PPO|RX|PPO001|F|01|I|W000000395|Robinson|Lucas|72484||W000000499|W000000499|Robinson|Charlotte|F|CH|20160920|||P|N|NY0001|OFF0058|Robinson Charlotte|DR000052|10|4256 PHARMACY ST||7000058|48426|20260505|20260503|00310015615|Humira 40mg/0.4mL|3|N|M|M|3|0|60|30|9600.00|2.99|13600.00|0.00|0.00|120.00|9482.99|0.00|0.00|8000001000|N|AWP|9472.51|01||RX2026060100000466|0|N|6356690||||||AETNA
002026060100000467|1234567|0987654|N|001|AC123456|PPO|RX|PPO001|F|01|I|W000000168|Lee|Logan|99824|797726296|W000000168|W000000168|Lee|Logan|M|EE|19650602|||P|N|NY0001|OFF0049|Lee Logan|DR000009|05|728 PHARMACY ST||7000049|46697|20260422|20260422|63304082805|Metoprolol 25mg|1|Y|R|R|4|0|90|60|24.00|6.44|36.00|0.00|2.88|5.00|22.56|0.00|0.00|3700002000|N|AWP|23.55|01||RX2026060100000467|0|N|2519880||||||AETNA
002026060100000468|1234567|0987654|N|001|AC123456|PPO|RX|PPO001|F|01|I|W000000118|Moore|Liam|41402|259406618|W000000118|W000000118|Moore|Liam|M|EE|19920221|||P|N|NY0001|OFF0044|Moore Liam|DR000104|01|2001 PHARMACY ST||7000044|83871|20260407|20260405|00006098154|Januvia 100mg|3|N|M|M|5|0|60|30|570.00|4.83|840.00|0.00|11.34|60.00|503.49|0.00|0.00|2720003000|N|AWP|546.50|01||RX2026060100000468|0|N|3646486||||||AETNA
002026060100000469|1234567|0987654|N|001|AC123456|PPO|RX|PPO001|F|01|I|W000000220|Jackson|Harper|41661|948611384|W000000220|W000000220|Jackson|Harper|F|EE|19710325|||P|N|NY0001|OFF0023|Jackson Harper|DR000050|12|2100 PHARMACY ST||7000023|62109|20260424|20260424|00378395305|Levothyroxine 50mcg|1|Y|R|R|3|0|30|30|11.00|6.49|16.00|0.00|0.89|5.00|11.60|0.00|0.00|5400001000|N|AWP|10.48|01||RX2026060100000469|0|Y|7055695||||||AETNA
002026060100000470|1234567|0987654|N|001|AC123456|PPO|RX|PPO001|F|01|I|W000000245|Perez|Nora|26467|582348953|W000000245|W000000245|Perez|Nora|F|EE|19910211|||P|N|NY0001|OFF0003|Perez Nora|DR000074|07|5783 PHARMACY ST||7000003|49549|20260418|20260416|00093721956|Metformin 500mg|1|Y|R|M|5|0|90|30|18.75|3.92|27.00|0.00|0.00|10.00|12.67|0.00|0.00|2720002000|N|AWP|18.01|01||RX2026060100000470|0|N|9741543||||||AETNA
002026060100000471|1234567|0987654|N|001|AC123456|PPO|RX|PPO001|F|01|I|W000000121|Johnson|Isabella|32590|616336679|W000000121|W000000121|Johnson|Isabella|F|EE|19781123|||P|N|NY0001|OFF0038|Johnson Isabella|DR000075|02|8488 PHARMACY ST||7000038|35152|20260503|20260502|00006098154|Januvia 100mg|3|N|M|R|4|0|60|90|570.00|5.71|840.00|0.00|0.00|120.00|455.71|0.00|0.00|2720003000|N|AWP|553.00|01||RX2026060100000471|0|N|8255798||||||AETNA
002026060100000472|1234567|0987654|N|001|AC123456|PPO|RX|PPO001|F|01|I|W000000293|Gonzalez|Zoey|13885||W000000552|W000000552|Gonzalez|Sebastian|M|CH|20000815|||P|N|NY0001|OFF0060|Gonzalez Sebastian|DR000006|04|2256 PHARMACY ST||7000060|21000|20260408|20260406|51479087501|Jardiance 10mg|3|N|R|R|2|3|60|90|960.00|8.01|1400.00|0.00|0.00|100.00|868.01|0.00|0.00|2720005000|N|AWP|927.89|01||RX2026060100000472|0|Y|9292785||||||AETNA
002026060100000473|1234567|0987654|N|001|AC123456|PPO|RX|PPO001|F|01|I|W000000063|Taylor|Matthew|60346||W000000473|W000000473|Taylor|Nora|F|CH|20021212|||P|N|NY0001|OFF0061|Taylor Nora|DR000132|08|8600 PHARMACY ST||7000061|66370|20260408|20260406|51479087501|Jardiance 10mg|3|N|R|R|3|0|90|90|1440.00|9.34|2100.00|0.00|172.87|60.00|1216.47|0.00|0.00|2720005000|N|AWP|1391.70|01||RX2026060100000473|0|Y|4074452||||||AETNA
002026060100000474|1234567|0987654|N|001|AC123456|PPO|RX|PPO001|F|01|I|W000000047|Jones|Henry|89758||W000000628|W000000628|Jones|Elijah|M|CH|20120619|||P|N|NY0001|OFF0006|Jones Elijah|DR000055|09|9877 PHARMACY ST||7000006|47670|20260527|20260526|00054418925|Atorvastatin 20mg|2|Y|M|R|3|0|60|90|24.00|7.96|36.00|0.00|0.00|30.00|1.96|0.00|0.00|3900001000|N|AWP|23.07|01||RX2026060100000474|0|Y|8035409||||||AETNA
002026060100000475|1234567|0987654|N|001|AC123456|PPO|RX|PPO001|F|01|I|W000000325|Perez|David|78788||W000000576|W000000576|Perez|Henry|M|CH|20070521|||P|N|NY0001|OFF0073|Perez Henry|DR000031|06|2382 PHARMACY ST||7000073|40156|20260522|20260521|00310015615|Humira 40mg/0.4mL|3|N|R|R|3|2|60|60|9600.00|7.40|13600.00|0.00|1032.16|100.00|8475.24|0.00|0.00|8000001000|N|AWP|9223.94|01||RX2026060100000475|0|N|2833947||||||AETNA
002026060100000476|1234567|0987654|N|001|AC123456|PPO|RX|PPO001|F|01|I|W000000045|Lopez|Chloe|55613|717136110|W000000045|W000000045|Lopez|Chloe|F|EE|19720812|||P|N|NY0001|OFF0080|Lopez Chloe|DR000135|12|5236 PHARMACY ST||7000080|28391|20260404|20260403|65862001705|Omeprazole 20mg|1|Y|R|R|3|0|90|60|22.50|7.68|33.00|0.00|0.00|5.00|25.18|0.00|0.00|4920001000|N|AWP|21.38|01||RX2026060100000476|0|N|4256297||||||AETNA
002026060100000477|1234567|0987654|N|001|AC123456|PPO|RX|PPO001|F|01|I|W000000281|Moore|James|68950|773896843|W000000281|W000000281|Moore|James|M|EE|19690407|||P|N|NY0001|OFF0012|Moore James|DR000124|10|4576 PHARMACY ST||7000012|38230|20260427|20260426|00002774601|Trulicity 0.75mg|3|N|R|R|3|0|30|60|750.00|6.90|1050.00|0.00|22.92|100.00|633.98|0.00|0.00|2720006000|N|AWP|735.11|01||RX2026060100000477|0|N|5703846||||||AETNA
002026060100000478|1234567|0987654|N|001|AC123456|PPO|RX|PPO001|F|01|I|W000000175|Thomas|Victoria|78178|770391009|W000000175|W000000175|Thomas|Victoria|F|EE|19770813|||P|N|NY0001|OFF0001|Thomas Victoria|DR000113|10|4911 PHARMACY ST||7000001|76468|20260519|20260518|00781107905|Amlodipine 5mg|1|Y|M|R|0|2|90|60|27.00|7.62|40.50|0.00|0.63|10.00|23.99|0.00|0.00|3600002000|N|AWP|26.79|01||RX2026060100000478|0|Y|7161314||||||AETNA
002026060100000479|1234567|0987654|N|001|AC123456|PPO|RX|PPO001|F|01|I|W000000063|Taylor|Matthew|60346|154554458|W000000063|W000000063|Taylor|Matthew|M|EE|19670226|||P|N|NY0001|OFF0075|Taylor Matthew|DR000020|10|4194 PHARMACY ST||7000075|52523|20260405|20260404|00247100552|Albuterol HFA Inhaler|2|N|R|R|2|0|30|60|35.00|4.18|55.00|0.00|0.00|30.00|9.18|0.00|0.00|4400001000|N|AWP|34.59|01||RX2026060100000479|0|N|7594870||||||AETNA
002026060100000480|1234567|0987654|N|001|AC123456|PPO|RX|PPO001|F|01|I|W000000262|Anderson|Riley|80789||W000000656|W000000656|Anderson|Jackson|M|CH|20160713|||P|N|NY0001|OFF0064|Anderson Jackson|DR000074|50|9670 PHARMACY ST||7000064|31031|20260513|20260511|51479087501|Jardiance 10mg|3|N|R|R|2|1|90|30|1440.00|4.23|2100.00|0.00|0.00|120.00|1324.23|0.00|0.00|2720005000|N|AWP|1370.27|01||RX2026060100000480|0|Y|7305270||||||AETNA
002026060100000481|1234567|0987654|N|001|AC123456|PPO|RX|PPO001|F|01|I|W000000123|Walker|Matthew|97052|373558453|W000000123|W000000123|Walker|Matthew|M|EE|19800727|||P|N|NY0001|OFF0029|Walker Matthew|DR000003|05|5812 PHARMACY ST||7000029|24865|20260429|20260428|00093310505|Sertraline 50mg|1|Y|M|M|1|2|60|90|21.00|8.87|30.00|0.00|0.00|15.00|14.87|0.00|0.00|5800002000|N|AWP|20.82|01||RX2026060100000481|0|N|3589607||||||AETNA
002026060100000482|1234567|0987654|N|001|AC123456|PPO|RX|PPO001|F|01|I|W000000271|Brown|Samuel|61791||W000000412|W000000412|Brown|Riley|F|CH|20061126|||P|N|NY0001|OFF0001|Brown Riley|DR000062|09|3482 PHARMACY ST||7000001|76468|20260409|20260408|00310015615|Humira 40mg/0.4mL|3|N|M|R|0|0|90|90|14400.00|3.78|20400.00|0.00|0.00|60.00|14343.78|0.00|0.00|8000001000|N|AWP|14025.16|01||RX2026060100000482|0|Y|4899463||||||AETNA
002026060100000483|1234567|0987654|N|001|AC123456|PPO|RX|PPO001|F|01|I|W000000042|Wilson|Ella|82619|689427201|W000000042|W000000042|Wilson|Ella|F|EE|19710324|||P|N|NY0001|OFF0063|Wilson Ella|DR000078|02|4512 PHARMACY ST||7000063|98594|20260531|20260530|00006098154|Januvia 100mg|3|N|R|R|1|0|30|60|285.00|8.93|420.00|0.00|6.74|80.00|207.19|0.00|0.00|2720003000|N|AWP|280.74|01||RX2026060100000483|0|N|2951131||||||AETNA
002026060100000484|1234567|0987654|N|001|AC123456|PPO|RX|PPO001|F|01|I|W000000022|Jones|William|42307|938939378|W000000022|W000000022|Jones|William|M|EE|19681101|||P|N|NY0001|OFF0038|Jones William|DR000051|04|7518 PHARMACY ST||7000038|35152|20260408|20260406|00093721956|Metformin 500mg|1|Y|R|R|1|3|90|60|18.75|3.62|27.00|0.00|0.00|15.00|7.37|0.00|0.00|2720002000|N|AWP|18.29|01||RX2026060100000484|0|N|4882399||||||AETNA
002026060100000485|1234567|0987654|N|001|AC123456|PPO|RX|PPO001|F|01|I|W000000104|Perez|Mia|50706|863299020|W000000104|W000000104|Perez|Mia|F|EE|19760228|||P|N|NY0001|OFF0054|Perez Mia|DR000051|06|4984 PHARMACY ST||7000054|64618|20260421|20260420|00781107905|Amlodipine 5mg|1|Y|M|R|1|0|30|60|9.00|7.41|13.50|0.00|1.06|5.00|10.35|0.00|0.00|3600002000|N|AWP|8.58|01||RX2026060100000485|0|N|7384815||||||AETNA
002026060100000486|1234567|0987654|N|001|AC123456|PPO|RX|PPO001|F|01|I|W000000005|Garcia|Aria|23173||W000000505|W000000505|Garcia|Jacob|M|CH|20171014|||P|N|NY0001|OFF0044|Garcia Jacob|DR000104|09|5026 PHARMACY ST||7000044|83871|20260516|20260514|00006098154|Januvia 100mg|3|N|R|R|5|0|90|90|855.00|8.14|1260.00|0.00|0.00|100.00|763.14|0.00|0.00|2720003000|N|AWP|842.50|01||RX2026060100000486|0|Y|3615645||||||AETNA
002026060100000487|1234567|0987654|N|001|AC123456|PPO|RX|PPO001|F|01|I|W000000113|Rodriguez|Matthew|51288|770568116|W000000113|W000000113|Rodriguez|Matthew|M|EE|19720710|||P|N|NY0001|OFF0042|Rodriguez Matthew|DR000121|12|943 PHARMACY ST||7000042|95772|20260406|20260406|00093721956|Metformin 500mg|1|Y|R|R|0|0|60|30|12.50|2.72|18.00|0.00|0.00|15.00|0.22|0.00|0.00|2720002000|N|AWP|12.08|01||RX2026060100000487|0|N|4832206||||||AETNA
002026060100000488|1234567|0987654|N|001|AC123456|PPO|RX|PPO001|F|01|I|W000000078|Thompson|Nora|79443|872818837|W000000078|W000000078|Thompson|Nora|F|EE|19880704|||P|N|NY0001|OFF0076|Thompson Nora|DR000063|09|2910 PHARMACY ST||7000076|38218|20260417|20260416|51479087501|Jardiance 10mg|3|N|R|R|4|1|90|60|1440.00|2.84|2100.00|0.00|0.00|60.00|1382.84|0.00|0.00|2720005000|N|AWP|1424.94|01||RX2026060100000488|0|N|4514340||||||AETNA
002026060100000489|1234567|0987654|N|001|AC123456|PPO|RX|PPO001|F|01|I|W000000233|Sanchez|Zoey|51998|354937610|W000000233|W000000233|Sanchez|Zoey|F|EE|19630507|||P|N|NY0001|OFF0080|Sanchez Zoey|DR000106|50|1350 PHARMACY ST||7000080|28391|20260420|20260419|65862001705|Omeprazole 20mg|1|Y|R|M|3|1|90|30|22.50|4.47|33.00|0.00|0.00|5.00|21.97|0.00|0.00|4920001000|N|AWP|21.76|01||RX2026060100000489|0|Y|9703163||||||AETNA
002026060100000490|1234567|0987654|N|001|AC123456|PPO|RX|PPO001|F|01|I|W000000002|Brown|Logan|10762||W000000660|W000000660|Brown|Riley|F|CH|20201201|||P|N|NY0001|OFF0002|Brown Riley|DR000109|02|8091 PHARMACY ST||7000002|17776|20260516|20260516|00781107905|Amlodipine 5mg|1|Y|R|R|3|0|90|60|27.00|8.42|40.50|0.00|0.00|5.00|30.42|0.00|0.00|3600002000|N|AWP|26.80|01||RX2026060100000490|0|N|9004564||||||AETNA
002026060100000491|1234567|0987654|N|001|AC123456|PPO|RX|PPO001|F|01|I|W000000294|Davis|Elizabeth|82597|478395487|W000000294|W000000294|Davis|Elizabeth|F|EE|19640618|||P|N|NY0001|OFF0066|Davis Elizabeth|DR000076|10|3925 PHARMACY ST||7000066|71210|20260510|20260509|00310015620|Eliquis 5mg|2|N|R|R|2|2|30|90|290.00|6.83|420.00|0.00|22.61|35.00|239.22|0.00|0.00|3300001000|N|AWP|286.58|01||RX2026060100000491|0|N|8818417||||||AETNA
002026060100000492|1234567|0987654|N|001|AC123456|PPO|RX|PPO001|F|01|I|W000000103|Miller|Aria|12427|816769239|W000000103|W000000103|Miller|Aria|F|EE|19670608|||P|N|NY0001|OFF0024|Miller Aria|DR000118|02|5811 PHARMACY ST||7000024|38790|20260430|20260430|00247100552|Albuterol HFA Inhaler|2|N|R|R|2|2|90|90|105.00|8.55|165.00|0.00|0.00|35.00|78.55|0.00|0.00|4400001000|N|AWP|101.72|01||RX2026060100000492|0|Y|1833186||||||AETNA
002026060100000493|1234567|0987654|N|001|AC123456|PPO|RX|PPO001|F|01|I|W000000017|Thomas|Riley|48736||W000000625|W000000625|Thomas|Zoey|F|CH|20030517|||P|N|NY0001|OFF0075|Thomas Zoey|DR000015|04|6369 PHARMACY ST||7000075|52523|20260424|20260422|00093310505|Sertraline 50mg|1|Y|M|R|1|0|60|90|21.00|3.09|30.00|0.00|0.00|5.00|19.09|0.00|0.00|5800002000|N|AWP|20.72|01||RX2026060100000493|0|N|4332159||||||AETNA
002026060100000494|1234567|0987654|N|001|AC123456|PPO|RX|PPO001|F|01|I|W000000130|Rodriguez|James|69476||W000000527|W000000527|Rodriguez|Logan|M|SP|19930626|||P|N|NY0001|OFF0078|Rodriguez Logan|DR000075|40|4731 PHARMACY ST||7000078|96216|20260405|20260404|00247100552|Albuterol HFA Inhaler|2|N|R|R|0|3|90|90|105.00|5.73|165.00|0.00|0.00|35.00|75.73|0.00|0.00|4400001000|N|AWP|100.45|01||RX2026060100000494|0|N|7781176||||||AETNA
002026060100000495|1234567|0987654|N|001|AC123456|PPO|RX|PPO001|F|01|I|W000000353|Thomas|William|14902|658153853|W000000353|W000000353|Thomas|William|M|EE|19901020|||P|N|NY0001|OFF0020|Thomas William|DR000080|50|5953 PHARMACY ST||7000020|84417|20260429|20260428|00093721956|Metformin 500mg|1|Y|R|R|1|0|90|30|18.75|9.67|27.00|0.00|0.00|15.00|13.42|0.00|0.00|2720002000|N|AWP|17.88|01||RX2026060100000495|0|Y|6651450||||||AETNA
002026060100000496|1234567|0987654|N|001|AC123456|PPO|RX|PPO001|F|01|I|W000000097|Gonzalez|Sebastian|52627|302748623|W000000097|W000000097|Gonzalez|Sebastian|M|EE|19890422|||P|N|NY0001|OFF0017|Gonzalez Sebastian|DR000131|07|7399 PHARMACY ST||7000017|13238|20260407|20260405|00247100552|Albuterol HFA Inhaler|2|N|R|R|2|0|30|60|35.00|7.30|55.00|0.00|0.00|30.00|12.30|0.00|0.00|4400001000|N|AWP|34.17|01||RX2026060100000496|0|N|5266837||||||AETNA
002026060100000497|1234567|0987654|N|001|AC123456|PPO|RX|PPO001|F|01|I|W000000135|Lewis|Sebastian|58649|104106063|W000000135|W000000135|Lewis|Sebastian|M|EE|19910320|||D|N|NY0001|OFF0030|Lewis Sebastian|DR000136|05|879 PHARMACY ST||7000030|87853|20260513|20260513|00781107905|Amlodipine 5mg|1|Y|R|R|0|1|60|90|18.00|8.01|27.00|0.00|1.08|15.00|0.00|0.00|0.00|3600002000|N|AWP|17.36|01||RX2026060100000497|0|N|4386645||||||AETNA
002026060100000498|1234567|0987654|N|001|AC123456|PPO|RX|PPO001|F|01|I|W000000262|Anderson|Riley|80789|864453828|W000000262|W000000262|Anderson|Riley|F|EE|19721127|||P|N|NY0001|OFF0072|Anderson Riley|DR000074|38|230 PHARMACY ST||7000072|25976|20260430|20260430|00093310505|Sertraline 50mg|1|Y|R|R|4|3|90|60|31.50|3.93|45.00|0.00|1.96|5.00|28.47|0.00|0.00|5800002000|N|AWP|30.66|01||RX2026060100000498|0|N|9988723||||||AETNA
002026060100000499|1234567|0987654|N|001|AC123456|PPO|RX|PPO001|F|01|I|W000000265|Jackson|Sophia|87539||W000000465|W000000465|Jackson|Emily|F|CH|20200617|||P|N|NY0001|OFF0007|Jackson Emily|DR000147|04|4414 PHARMACY ST||7000007|94226|20260510|20260510|00310015615|Humira 40mg/0.4mL|3|N|R|R|4|2|60|30|9600.00|8.22|13600.00|0.00|0.00|100.00|9508.22|0.00|0.00|8000001000|N|AWP|9191.96|01||RX2026060100000499|0|N|9609971||||||AETNA
002026060100000500|1234567|0987654|N|001|AC123456|PPO|RX|PPO001|F|01|I|W000000018|Martin|Evelyn|39850|960108678|W000000018|W000000018|Martin|Evelyn|F|EE|19900114|||P|N|NY0001|OFF0057|Martin Evelyn|DR000108|08|1054 PHARMACY ST||7000057|50731|20260409|20260408|00378395305|Levothyroxine 50mcg|1|Y|R|R|1|0|30|90|11.00|4.98|16.00|0.00|0.51|10.00|5.47|0.00|0.00|5400001000|N|AWP|10.55|01||RX2026060100000500|0|N|2329815||||||AETNA
